product_id,product_name,category,subcategory,brand,base_price,cost_price,stock_quantity,rating,num_reviews,is_active,added_date
1,Lenovo Smartphones Model-224,Electronics,Smartphones,Lenovo,2191.26,1220.66,2379,4.4,4091,TRUE,10/2/2019
2,Huawei Smartphones Model-618,Electronics,Smartphones,Huawei,860,437.28,1915,4.1,2053,TRUE,10/11/2025
3,Lenovo Smartphones Model-277,Electronics,Smartphones,Lenovo,2507.84,1317.82,2115,4.2,1409,TRUE,2/5/2026
4,Sony Smartphones Model-830,Electronics,Smartphones,Sony,690.4,321.48,4794,4.6,4293,TRUE,5/17/2020
5,Xiaomi Smartphones Model-124,Electronics,Smartphones,Xiaomi,2820.3,1140.22,1006,3,1135,TRUE,3/31/2022
6,Huawei Smartphones Model-364,Electronics,Smartphones,Huawei,4740.9,3209.11,2876,3.5,3956,TRUE,1/28/2023
7,Huawei Smartphones Model-575,Electronics,Smartphones,Huawei,561.21,333.9,3111,3.5,2430,TRUE,9/7/2023
8,Lenovo Smartphones Model-336,Electronics,Smartphones,Lenovo,2949.59,1690.17,808,3.5,2540,TRUE,12/8/2023
9,HP Smartphones Model-905,Electronics,Smartphones,Hp,2462.84,1590.43,3687,4.4,3272,TRUE,4/24/2024
10,HP Smartphones Model-981,Electronics,Smartphones,Hp,1930.49,917.97,3228,2.6,2890,TRUE,2/4/2019
11,Lenovo Smartphones Model-450,Electronics,Smartphones,Lenovo,3359.36,2200.25,1144,4,2546,TRUE,8/6/2022
12,Sony Smartphones Model-472,Electronics,Smartphones,Sony,362.34,151.68,4695,4.1,4254,FALSE,12/7/2024
13,Sony Smartphones Model-613,Electronics,Smartphones,Sony,2970.49,1622.76,1176,3.7,2450,TRUE,8/3/2020
14,Sony Smartphones Model-178,Electronics,Smartphones,Sony,34.68,21.02,4538,3.4,332,FALSE,10/23/2025
15,Sony Smartphones Model-649,Electronics,Smartphones,Sony,2978.61,1609.12,1901,4.1,3537,TRUE,5/23/2019
16,Samsung Smartphones Model-590,Electronics,Smartphones,Samsung,1905.72,842.15,3398,4.7,3537,TRUE,7/20/2025
17,Samsung Smartphones Model-919,Electronics,Smartphones,Samsung,1236.31,815.99,2104,3.1,1589,TRUE,2/6/2025
18,LG Smartphones Model-940,Electronics,Smartphones,Lg,4999.12,3346.05,1980,4.6,647,TRUE,4/3/2020
19,Lenovo Smartphones Model-121,Electronics,Smartphones,Lenovo,1321.6,687.42,2061,3.8,2649,TRUE,11/12/2024
20,Dell Smartphones Model-236,Electronics,Smartphones,Dell,1605.72,977.81,2912,2.9,3216,TRUE,11/8/2022
21,Apple Smartphones Model-521,Electronics,Smartphones,Apple,1389.64,809.58,2072,3.4,4286,TRUE,7/23/2022
22,Apple Smartphones Model-685,Electronics,Smartphones,Apple,4687.92,3112.35,1636,4.1,3737,TRUE,5/13/2026
23,LG Smartphones Model-506,Electronics,Smartphones,Lg,1647.61,1131.2,3539,4.9,2027,TRUE,1/31/2025
24,Canon Smartphones Model-862,Electronics,Smartphones,Canon,1783.45,1000.8,2050,2.7,4373,TRUE,9/1/2022
25,HP Smartphones Model-809,Electronics,Smartphones,Hp,4520.75,1974.66,4777,5,3540,TRUE,12/16/2021
26,HP Smartphones Model-413,Electronics,Smartphones,Hp,4672.01,2757.17,3448,4.3,1377,TRUE,5/31/2023
27,Lenovo Smartphones Model-541,Electronics,Smartphones,Lenovo,1426.95,795.61,2964,4.6,3975,FALSE,2/22/2021
28,HP Smartphones Model-844,Electronics,Smartphones,Hp,2412.12,1571.58,398,2.7,32,TRUE,5/6/2026
29,Dell Smartphones Model-721,Electronics,Smartphones,Dell,4067.82,2553.37,2562,4.6,1042,TRUE,2/8/2021
30,Lenovo Smartphones Model-565,Electronics,Smartphones,Lenovo,4775.99,2137.99,1053,2.8,2992,TRUE,6/1/2025
31,Samsung Smartphones Model-460,Electronics,Smartphones,Samsung,3173.22,1965.18,3135,2.9,2496,TRUE,9/5/2023
32,Sony Laptops Model-196,Electronics,Laptops,Sony,761.02,393.6,3481,3.5,1931,TRUE,12/16/2022
33,Samsung Laptops Model-394,Electronics,Laptops,Samsung,2614.4,1193.69,1077,3.5,2646,TRUE,1/14/2025
34,Apple Laptops Model-114,Electronics,Laptops,Apple,4772.5,2245.49,4051,3.3,4876,TRUE,9/26/2019
35,Huawei Laptops Model-162,Electronics,Laptops,Huawei,4470.9,1977.67,2319,3.8,1553,TRUE,7/21/2019
36,Dell Laptops Model-114,Electronics,Laptops,Dell,1407.3,883.77,4917,3,2021,TRUE,10/12/2024
37,Samsung Laptops Model-755,Electronics,Laptops,Samsung,4276.29,2916.77,4628,4,3814,TRUE,7/26/2020
38,Huawei Laptops Model-409,Electronics,Laptops,Huawei,1356.45,920.16,1656,2.7,98,FALSE,6/6/2024
39,Apple Laptops Model-278,Electronics,Laptops,Apple,3349.68,1576.64,2691,4.3,1978,TRUE,6/25/2024
40,Dell Laptops Model-325,Electronics,Laptops,Dell,3151.7,1723.53,2904,3.4,3611,FALSE,9/23/2019
41,Dell Laptops Model-465,Electronics,Laptops,Dell,645.1,350.12,1845,3.3,2539,TRUE,3/26/2022
42,Dell Laptops Model-284,Electronics,Laptops,Dell,4688.67,3154.26,3328,3.6,2781,TRUE,7/4/2025
43,LG Laptops Model-690,Electronics,Laptops,Lg,3995.2,2490.98,1044,4,1468,FALSE,7/28/2019
44,Sony Laptops Model-454,Electronics,Laptops,Sony,4808.98,2008.52,804,3,2086,TRUE,2/20/2026
45,LG Laptops Model-547,Electronics,Laptops,Lg,2851.28,1275.32,4420,4.9,2707,TRUE,3/25/2022
46,Dell Laptops Model-320,Electronics,Laptops,Dell,2371.04,1449.79,4628,2.7,1078,TRUE,6/24/2021
47,Dell Laptops Model-805,Electronics,Laptops,Dell,4595.6,2666.16,1212,5,2839,TRUE,5/12/2025
48,Xiaomi Laptops Model-783,Electronics,Laptops,Xiaomi,1582.14,1069.57,2357,4.5,690,TRUE,9/23/2023
49,Sony Laptops Model-134,Electronics,Laptops,Sony,4915.29,3194.79,3207,4.6,2664,TRUE,7/7/2019
50,Samsung Laptops Model-954,Electronics,Laptops,Samsung,3588.54,1706.09,3226,3.1,1766,FALSE,12/29/2021
51,Huawei Laptops Model-943,Electronics,Laptops,Huawei,1262.39,565.69,4615,4.5,3427,TRUE,11/1/2021
52,Sony Laptops Model-878,Electronics,Laptops,Sony,789.99,548.39,61,4.1,3796,TRUE,11/7/2020
53,Dell Laptops Model-612,Electronics,Laptops,Dell,1995.89,941.45,1287,3.7,384,FALSE,2/11/2025
54,Xiaomi Laptops Model-208,Electronics,Laptops,Xiaomi,3346.58,1395.24,1788,3,3048,TRUE,6/11/2019
55,Samsung Laptops Model-144,Electronics,Laptops,Samsung,227.55,152.43,3465,3,1151,TRUE,10/8/2024
56,HP Laptops Model-587,Electronics,Laptops,Hp,3230.49,2195.27,2709,3.2,3028,FALSE,5/8/2020
57,Dell Laptops Model-773,Electronics,Laptops,Dell,836.84,412.33,3788,4.1,1976,TRUE,1/28/2022
58,HP Laptops Model-325,Electronics,Laptops,Hp,3192.23,1452.92,2351,4.6,2897,FALSE,12/4/2024
59,Huawei Laptops Model-889,Electronics,Laptops,Huawei,4691.99,1968.37,2430,4.4,1644,TRUE,5/10/2020
60,Dell Laptops Model-308,Electronics,Laptops,Dell,1569.92,775.66,556,4.5,4216,TRUE,3/19/2020
61,Dell Laptops Model-790,Electronics,Laptops,Dell,1985.46,1024.46,4639,3.4,4750,FALSE,9/2/2022
62,HP Laptops Model-904,Electronics,Laptops,Hp,72.91,49.47,1873,4.3,3667,TRUE,9/20/2020
63,Sony Laptops Model-504,Electronics,Laptops,Sony,2851.15,1770.65,4225,3.1,1144,TRUE,2/5/2019
64,Sony Tablets Model-230,Electronics,Tablets,Sony,928.22,462.09,2175,3.3,3931,TRUE,3/21/2021
65,Dell Tablets Model-335,Electronics,Tablets,Dell,3209.46,1750.44,3385,2.6,574,TRUE,8/12/2020
66,HP Tablets Model-158,Electronics,Tablets,Hp,1541.36,702.03,3865,2.6,634,TRUE,6/16/2024
67,Sony Tablets Model-672,Electronics,Tablets,Sony,902.9,399.82,132,4,1640,TRUE,2/27/2026
68,Sony Tablets Model-787,Electronics,Tablets,Sony,1563.87,714.78,1251,2.9,3025,TRUE,12/23/2019
69,Huawei Tablets Model-236,Electronics,Tablets,Huawei,2843.15,1612.34,209,3.7,3543,TRUE,3/22/2021
70,Canon Tablets Model-658,Electronics,Tablets,Canon,281.63,152.18,1740,4.1,2408,FALSE,7/9/2023
71,Dell Tablets Model-124,Electronics,Tablets,Dell,3438.32,1427.21,3590,3.8,2545,TRUE,6/24/2023
72,HP Tablets Model-486,Electronics,Tablets,Hp,4902.9,2854.81,4603,3.1,39,TRUE,5/11/2021
73,Lenovo Tablets Model-262,Electronics,Tablets,Lenovo,2048.29,1359.32,2916,4.8,134,TRUE,10/5/2022
74,Canon Tablets Model-906,Electronics,Tablets,Canon,912.03,538.06,1353,3.9,1510,FALSE,4/7/2023
75,Canon Tablets Model-249,Electronics,Tablets,Canon,3756.4,1740.02,1169,3.3,1301,FALSE,9/30/2021
76,Huawei Tablets Model-522,Electronics,Tablets,Huawei,3592.02,2430.16,4962,4.3,3879,TRUE,1/12/2022
77,Dell Tablets Model-899,Electronics,Tablets,Dell,892.41,536.87,1973,3.1,2059,FALSE,9/1/2023
78,HP Tablets Model-461,Electronics,Tablets,Hp,535.72,230.38,2443,4,3164,TRUE,2/17/2025
79,Samsung Tablets Model-990,Electronics,Tablets,Samsung,4901.8,2715.4,1382,3.8,4496,FALSE,10/30/2024
80,Lenovo Tablets Model-730,Electronics,Tablets,Lenovo,4779.09,3298,2226,4.9,4948,TRUE,3/19/2019
81,LG Tablets Model-915,Electronics,Tablets,Lg,3404.1,2137,2950,2.7,3499,TRUE,9/5/2023
82,Apple Tablets Model-406,Electronics,Tablets,Apple,1155.44,556.83,4599,4.9,1866,TRUE,2/20/2020
83,Lenovo Tablets Model-128,Electronics,Tablets,Lenovo,1245.39,543.48,4745,4.4,2194,FALSE,9/20/2023
84,Canon Tablets Model-238,Electronics,Tablets,Canon,349.9,207.71,1666,3.7,4045,TRUE,1/31/2026
85,Canon Tablets Model-102,Electronics,Tablets,Canon,2759.66,1179.25,1292,2.9,227,TRUE,4/29/2023
86,LG Tablets Model-882,Electronics,Tablets,Lg,488.04,248.96,254,2.5,1255,TRUE,7/3/2025
87,Apple Tablets Model-321,Electronics,Tablets,Apple,1825.42,770.25,1596,3.1,3235,TRUE,9/30/2019
88,Huawei Tablets Model-707,Electronics,Tablets,Huawei,3842.44,2174.8,651,2.9,372,TRUE,9/28/2021
89,Apple Tablets Model-536,Electronics,Tablets,Apple,2750.83,1499.67,286,4.6,1498,TRUE,10/11/2025
90,Samsung Tablets Model-350,Electronics,Tablets,Samsung,4488.85,1927.09,3739,3.7,2623,FALSE,6/14/2025
91,Samsung Tablets Model-105,Electronics,Tablets,Samsung,48.93,29.71,4766,4.1,648,FALSE,3/21/2023
92,Xiaomi Tablets Model-317,Electronics,Tablets,Xiaomi,4216.05,2724.61,1426,4.8,2530,TRUE,11/19/2021
93,LG Tablets Model-622,Electronics,Tablets,Lg,3922.95,2639.76,3940,2.8,595,TRUE,3/12/2022
94,Dell Tablets Model-733,Electronics,Tablets,Dell,1529.18,664.55,3810,4.9,479,FALSE,2/14/2019
95,Sony Tablets Model-645,Electronics,Tablets,Sony,2418.34,1669.16,271,4.6,436,TRUE,12/27/2025
96,Lenovo Headphones Model-990,Electronics,Headphones,Lenovo,58.25,32.83,1655,3.2,4652,TRUE,1/2/2021
97,LG Headphones Model-489,Electronics,Headphones,Lg,846.98,508.03,103,2.6,4917,TRUE,12/29/2020
98,Huawei Headphones Model-659,Electronics,Headphones,Huawei,3492.49,1641.58,2869,3,3693,FALSE,10/18/2020
99,Xiaomi Headphones Model-989,Electronics,Headphones,Xiaomi,746.3,308.13,1343,2.7,915,TRUE,11/24/2023
100,Dell Headphones Model-842,Electronics,Headphones,Dell,2824.36,1375.58,4334,4.9,1762,TRUE,5/2/2023
101,Dell Headphones Model-203,Electronics,Headphones,Dell,3401.37,2125.14,683,3.5,4141,TRUE,4/7/2020
102,HP Headphones Model-579,Electronics,Headphones,Hp,4936.21,3151.27,4399,3.5,1111,TRUE,1/5/2021
103,Xiaomi Headphones Model-293,Electronics,Headphones,Xiaomi,488.29,269.62,2101,4.4,3541,FALSE,8/15/2021
104,Samsung Headphones Model-141,Electronics,Headphones,Samsung,861.45,503.47,2448,2.7,2768,TRUE,3/9/2026
105,Samsung Headphones Model-789,Electronics,Headphones,Samsung,1421.74,573.78,1616,2.7,4275,TRUE,11/1/2019
106,Samsung Headphones Model-128,Electronics,Headphones,Samsung,3327.07,1777.35,2619,2.5,2125,TRUE,11/1/2020
107,Lenovo Headphones Model-601,Electronics,Headphones,Lenovo,1463.15,781.29,1906,4.5,4130,TRUE,11/22/2023
108,Dell Headphones Model-150,Electronics,Headphones,Dell,3053.76,1893.79,4580,4.1,1861,TRUE,4/18/2026
109,Dell Headphones Model-775,Electronics,Headphones,Dell,1969.59,961.62,330,3.3,4177,TRUE,8/11/2022
110,Xiaomi Headphones Model-107,Electronics,Headphones,Xiaomi,3592.25,1527.65,1338,3.6,3723,FALSE,9/19/2021
111,Sony Headphones Model-678,Electronics,Headphones,Sony,2747,1120.06,4482,4.8,1068,TRUE,1/18/2023
112,Apple Headphones Model-261,Electronics,Headphones,Apple,459.05,192.33,1583,3.1,3499,TRUE,4/20/2023
113,Lenovo Headphones Model-732,Electronics,Headphones,Lenovo,164.86,95.45,2980,2.6,2480,TRUE,7/2/2023
114,Xiaomi Headphones Model-790,Electronics,Headphones,Xiaomi,330.44,178.67,2237,4.6,3888,TRUE,12/30/2019
115,Dell Headphones Model-502,Electronics,Headphones,Dell,254.63,122.59,2880,4.8,3603,FALSE,9/20/2024
116,Lenovo Headphones Model-299,Electronics,Headphones,Lenovo,2033.64,1198.27,733,2.9,2085,TRUE,1/9/2024
117,Canon Headphones Model-749,Electronics,Headphones,Canon,135.95,66.52,657,4.9,4443,TRUE,6/23/2025
118,Samsung Headphones Model-202,Electronics,Headphones,Samsung,4570.43,3194.91,2247,4.6,2746,FALSE,8/9/2024
119,HP Headphones Model-526,Electronics,Headphones,Hp,2328.96,1561.89,4787,4.7,1058,TRUE,5/1/2025
120,HP Headphones Model-198,Electronics,Headphones,Hp,3691.59,2012.59,4655,2.9,774,FALSE,9/26/2023
121,Huawei Headphones Model-594,Electronics,Headphones,Huawei,1662.22,1098.73,3823,4.4,328,TRUE,9/16/2020
122,LG Headphones Model-357,Electronics,Headphones,Lg,2780.04,1699.14,2867,4.9,2501,FALSE,8/29/2024
123,Sony Headphones Model-772,Electronics,Headphones,Sony,2207.74,973.16,1553,4.3,485,TRUE,2/18/2026
124,Canon Headphones Model-286,Electronics,Headphones,Canon,3225.22,1804.95,4293,3.9,3885,TRUE,1/17/2023
125,Lenovo Headphones Model-569,Electronics,Headphones,Lenovo,2499.27,1717.48,4978,4.7,1557,TRUE,1/18/2026
126,Xiaomi Cameras Model-800,Electronics,Cameras,Xiaomi,3505.93,2061.85,1338,4.3,2088,TRUE,11/13/2025
127,LG Cameras Model-510,Electronics,Cameras,Lg,2880.88,1727.93,1601,4.3,4329,TRUE,4/23/2023
128,Huawei Cameras Model-372,Electronics,Cameras,Huawei,2673.24,1177.82,3726,3.1,4564,TRUE,7/31/2022
129,HP Cameras Model-455,Electronics,Cameras,Hp,3982.36,1749.3,1964,4,4530,FALSE,2/3/2024
130,HP Cameras Model-259,Electronics,Cameras,Hp,838.45,454.44,2731,4.9,1849,TRUE,6/30/2022
131,Samsung Cameras Model-745,Electronics,Cameras,Samsung,4695.99,2101.04,854,3.5,1592,TRUE,1/11/2022
132,Samsung Cameras Model-807,Electronics,Cameras,Samsung,592.29,392.84,752,3.4,1607,TRUE,11/7/2022
133,Sony Cameras Model-525,Electronics,Cameras,Sony,4861.74,2253.58,1403,4.5,4326,FALSE,1/15/2021
134,LG Cameras Model-570,Electronics,Cameras,Lg,982.84,402.62,2260,3.2,2974,TRUE,4/26/2026
135,Huawei Cameras Model-992,Electronics,Cameras,Huawei,1024.9,499.27,1206,2.7,862,FALSE,10/22/2022
136,Huawei Cameras Model-371,Electronics,Cameras,Huawei,4448.15,2170.29,4650,3.3,2366,TRUE,11/28/2019
137,Lenovo Cameras Model-406,Electronics,Cameras,Lenovo,2662.08,1208.29,2459,3.4,4142,TRUE,2/12/2023
138,Apple Cameras Model-213,Electronics,Cameras,Apple,815.49,356.29,3341,3.2,4023,TRUE,10/27/2021
139,HP Cameras Model-700,Electronics,Cameras,Hp,1448.48,838.48,4105,5,1421,TRUE,12/12/2023
140,LG Cameras Model-767,Electronics,Cameras,Lg,1622.81,1090.89,4327,4.7,3069,TRUE,1/15/2023
141,LG Cameras Model-162,Electronics,Cameras,Lg,4271.8,2304.27,976,3.2,616,TRUE,2/12/2022
142,Dell Cameras Model-281,Electronics,Cameras,Dell,4418.38,2983.38,1921,2.6,3813,TRUE,12/1/2021
143,Xiaomi Cameras Model-178,Electronics,Cameras,Xiaomi,3703.35,1509.91,4121,2.7,2056,FALSE,5/13/2022
144,LG Cameras Model-647,Electronics,Cameras,Lg,3716.5,2200.12,3145,4.8,2527,TRUE,7/14/2019
145,Apple Cameras Model-747,Electronics,Cameras,Apple,4605.37,2416.57,3487,3.6,4836,FALSE,4/12/2020
146,Samsung Cameras Model-985,Electronics,Cameras,Samsung,1894.32,1095.83,3385,3.1,3652,TRUE,10/22/2025
147,Apple Cameras Model-250,Electronics,Cameras,Apple,4405.95,2818.46,523,3.8,4022,TRUE,4/30/2023
148,Xiaomi Cameras Model-179,Electronics,Cameras,Xiaomi,54.68,35.81,2181,3.6,2867,TRUE,2/24/2020
149,Apple Cameras Model-426,Electronics,Cameras,Apple,4502.96,1804.19,1564,2.7,361,TRUE,11/7/2021
150,Samsung Cameras Model-592,Electronics,Cameras,Samsung,944.36,424.51,4432,3.5,4189,TRUE,3/1/2026
151,Sony Cameras Model-276,Electronics,Cameras,Sony,572.97,239.52,3203,4.7,2164,TRUE,7/31/2020
152,Xiaomi Cameras Model-573,Electronics,Cameras,Xiaomi,193.06,113.05,3118,4,3708,TRUE,11/2/2020
153,Samsung Cameras Model-762,Electronics,Cameras,Samsung,4657.86,1957.39,694,3.2,2209,TRUE,11/20/2021
154,HP Cameras Model-587,Electronics,Cameras,Hp,79.06,36.91,4000,2.9,4368,FALSE,10/5/2019
155,Xiaomi Cameras Model-273,Electronics,Cameras,Xiaomi,2898.29,1610.42,2638,4.3,4912,TRUE,2/15/2024
156,Xiaomi Cameras Model-814,Electronics,Cameras,Xiaomi,3301.89,1753.45,4012,4.3,4987,TRUE,8/26/2025
157,LG Cameras Model-421,Electronics,Cameras,Lg,153.29,84.26,4708,3.7,4921,TRUE,5/17/2023
158,HP Smart Watches Model-419,Electronics,Smart Watches,Hp,89.19,54.94,816,2.6,4805,TRUE,10/15/2025
159,Huawei Smart Watches Model-648,Electronics,Smart Watches,Huawei,3651.52,1573.85,36,4.4,1883,TRUE,8/26/2021
160,Xiaomi Smart Watches Model-544,Electronics,Smart Watches,Xiaomi,4865.69,3029.49,1092,3.8,4518,FALSE,12/10/2025
161,HP Smart Watches Model-115,Electronics,Smart Watches,Hp,2133.42,1400.33,3433,3,2517,FALSE,5/28/2023
162,Samsung Smart Watches Model-434,Electronics,Smart Watches,Samsung,4534.7,2963.78,1404,2.7,725,TRUE,6/14/2020
163,HP Smart Watches Model-240,Electronics,Smart Watches,Hp,834.32,428.76,2340,4.8,4312,TRUE,6/19/2020
164,Huawei Smart Watches Model-400,Electronics,Smart Watches,Huawei,1732.71,724.73,2859,5,4968,TRUE,8/10/2022
165,HP Smart Watches Model-444,Electronics,Smart Watches,Hp,1873.77,838.03,2264,4.1,3855,FALSE,8/16/2025
166,Xiaomi Smart Watches Model-557,Electronics,Smart Watches,Xiaomi,199.96,123.34,3418,4.8,2969,TRUE,2/23/2024
167,LG Smart Watches Model-980,Electronics,Smart Watches,Lg,2434.35,1157.78,2888,4.3,1267,TRUE,11/8/2019
168,Sony Smart Watches Model-438,Electronics,Smart Watches,Sony,860.96,586.71,4512,4.6,3434,FALSE,8/24/2025
169,Samsung Smart Watches Model-603,Electronics,Smart Watches,Samsung,420.63,269.89,1391,4.6,3934,TRUE,12/19/2025
170,Huawei Smart Watches Model-879,Electronics,Smart Watches,Huawei,2817.41,1843.3,3507,3.3,1327,TRUE,12/31/2025
171,HP Smart Watches Model-794,Electronics,Smart Watches,Hp,2486.79,1646.32,4618,4,1164,TRUE,7/6/2021
172,Lenovo Smart Watches Model-138,Electronics,Smart Watches,Lenovo,1703.7,905.17,482,3.9,734,TRUE,5/25/2025
173,Apple Smart Watches Model-389,Electronics,Smart Watches,Apple,4707.31,2085.58,4622,4.3,3848,TRUE,6/25/2021
174,Lenovo Smart Watches Model-824,Electronics,Smart Watches,Lenovo,1710.14,1193.6,4982,4.7,3072,TRUE,9/28/2022
175,Sony Smart Watches Model-527,Electronics,Smart Watches,Sony,3078.98,1296.55,1071,4.3,1372,TRUE,1/15/2022
176,Samsung Smart Watches Model-244,Electronics,Smart Watches,Samsung,2560.5,1041.42,2015,3,3339,TRUE,10/10/2019
177,Lenovo Smart Watches Model-638,Electronics,Smart Watches,Lenovo,2998.1,1645.38,3676,2.9,1470,FALSE,12/1/2022
178,Canon Smart Watches Model-293,Electronics,Smart Watches,Canon,4466.58,2669.69,4158,2.6,838,TRUE,5/24/2024
179,Apple Smart Watches Model-924,Electronics,Smart Watches,Apple,4024.2,2073.98,2008,3,1895,TRUE,8/28/2024
180,Xiaomi Smart Watches Model-188,Electronics,Smart Watches,Xiaomi,1466.46,819.37,2468,3.1,3521,TRUE,1/10/2021
181,Samsung Smart Watches Model-303,Electronics,Smart Watches,Samsung,3156,1344.93,3860,4.8,4426,TRUE,10/10/2020
182,Apple Smart Watches Model-346,Electronics,Smart Watches,Apple,166.76,113.22,3977,4.3,3384,FALSE,2/18/2024
183,Dell Smart Watches Model-973,Electronics,Smart Watches,Dell,2280.05,1196.59,3736,3.4,2925,TRUE,5/8/2022
184,Xiaomi Smart Watches Model-159,Electronics,Smart Watches,Xiaomi,3091.23,1429.41,4130,2.8,2710,TRUE,4/7/2021
185,Xiaomi Smart Watches Model-839,Electronics,Smart Watches,Xiaomi,3859.87,1672.53,413,2.8,1673,TRUE,3/2/2023
186,LG Smart Watches Model-150,Electronics,Smart Watches,Lg,1182.85,663.82,1108,3,2043,TRUE,4/27/2026
187,Apple Smart Watches Model-795,Electronics,Smart Watches,Apple,1036.82,646.52,572,3.3,4260,TRUE,10/9/2022
188,Samsung Smart Watches Model-246,Electronics,Smart Watches,Samsung,2327.91,1194.11,142,3.6,3461,TRUE,4/29/2023
189,Huawei Gaming Consoles Model-427,Electronics,Gaming Consoles,Huawei,3589.33,2116.53,1010,4.4,2432,TRUE,9/7/2024
190,Dell Gaming Consoles Model-209,Electronics,Gaming Consoles,Dell,2190.53,1489.04,3441,4.9,4607,TRUE,11/10/2021
191,Sony Gaming Consoles Model-999,Electronics,Gaming Consoles,Sony,2271.3,1477.67,4742,3.6,446,TRUE,7/16/2025
192,Huawei Gaming Consoles Model-680,Electronics,Gaming Consoles,Huawei,277.86,138.42,3915,4.8,2825,TRUE,5/18/2019
193,Sony Gaming Consoles Model-916,Electronics,Gaming Consoles,Sony,1152.16,728.74,2959,3.8,1689,FALSE,3/7/2024
194,Apple Gaming Consoles Model-659,Electronics,Gaming Consoles,Apple,812.43,369.02,2166,3.8,4582,TRUE,8/20/2025
195,Canon Gaming Consoles Model-407,Electronics,Gaming Consoles,Canon,4769.05,3095.33,2934,4.9,3146,TRUE,1/3/2026
196,Canon Gaming Consoles Model-823,Electronics,Gaming Consoles,Canon,345.43,210.75,2263,3.3,3224,TRUE,5/7/2022
197,HP Gaming Consoles Model-429,Electronics,Gaming Consoles,Hp,1264.59,560.61,4785,2.5,2112,TRUE,2/26/2023
198,Sony Gaming Consoles Model-259,Electronics,Gaming Consoles,Sony,1522.76,1056.02,4311,3.4,4410,TRUE,9/14/2022
199,Huawei Gaming Consoles Model-109,Electronics,Gaming Consoles,Huawei,2473.62,1573.81,4113,4,3998,TRUE,7/4/2019
200,Apple Gaming Consoles Model-408,Electronics,Gaming Consoles,Apple,4467.52,2290.61,356,4.4,1871,FALSE,6/30/2024
201,Sony Gaming Consoles Model-451,Electronics,Gaming Consoles,Sony,3796.26,2547.71,1050,4.8,228,TRUE,6/22/2022
202,Apple Gaming Consoles Model-828,Electronics,Gaming Consoles,Apple,2312.52,947.52,4057,3.1,3468,TRUE,10/13/2021
203,Apple Gaming Consoles Model-326,Electronics,Gaming Consoles,Apple,2073.89,1242.44,103,4.4,4812,TRUE,12/26/2019
204,HP Gaming Consoles Model-458,Electronics,Gaming Consoles,Hp,4427.36,2410.39,1453,3.7,2364,TRUE,8/21/2024
205,LG Gaming Consoles Model-878,Electronics,Gaming Consoles,Lg,4347.33,2471.3,3273,3.7,4113,TRUE,1/5/2020
206,Xiaomi Gaming Consoles Model-533,Electronics,Gaming Consoles,Xiaomi,3403.48,2287.75,3205,3.8,4162,TRUE,11/24/2022
207,Xiaomi Gaming Consoles Model-212,Electronics,Gaming Consoles,Xiaomi,3716.15,2258.57,2988,4.6,3411,TRUE,9/22/2023
208,HP Gaming Consoles Model-696,Electronics,Gaming Consoles,Hp,2802.79,1870.71,353,3.9,3445,TRUE,5/9/2023
209,Huawei Gaming Consoles Model-114,Electronics,Gaming Consoles,Huawei,2042.59,1026.38,3035,3.3,3385,TRUE,10/21/2019
210,LG Gaming Consoles Model-442,Electronics,Gaming Consoles,Lg,1043.18,547.25,1539,3,2136,TRUE,11/2/2019
211,Lenovo Gaming Consoles Model-504,Electronics,Gaming Consoles,Lenovo,751.47,437.43,551,4,667,TRUE,3/11/2026
212,HP Gaming Consoles Model-561,Electronics,Gaming Consoles,Hp,4518.67,2953.85,2555,3.9,3177,FALSE,3/16/2025
213,Huawei Gaming Consoles Model-684,Electronics,Gaming Consoles,Huawei,2632.72,1648.34,4157,4.1,3345,TRUE,12/16/2019
214,Canon Gaming Consoles Model-329,Electronics,Gaming Consoles,Canon,2130.04,889.37,1327,3.7,417,TRUE,4/19/2021
215,HP Gaming Consoles Model-950,Electronics,Gaming Consoles,Hp,2857.81,1991.23,1478,4.4,4615,TRUE,9/25/2023
216,Huawei Gaming Consoles Model-104,Electronics,Gaming Consoles,Huawei,674.4,460.2,1098,3.7,3320,TRUE,3/29/2020
217,Dell Gaming Consoles Model-210,Electronics,Gaming Consoles,Dell,1958.36,1225.82,741,3.9,4115,FALSE,9/25/2021
218,Dell Gaming Consoles Model-767,Electronics,Gaming Consoles,Dell,4981.01,2017.78,4293,3.4,2833,TRUE,5/10/2023
219,Samsung Gaming Consoles Model-253,Electronics,Gaming Consoles,Samsung,2106.11,952.24,98,3.5,2853,FALSE,4/10/2024
220,Louis Vuitton Men Clothing Model-482,Fashion,Men Clothing,Louis Vuitton,2456.76,1271.32,2370,2.9,4980,TRUE,9/23/2019
221,Nike Men Clothing Model-108,Fashion,Men Clothing,Nike,3998.3,2604.61,289,3,1305,FALSE,4/12/2021
222,Nike Men Clothing Model-230,Fashion,Men Clothing,Nike,1097.83,540.75,4290,2.9,3641,TRUE,4/10/2023
223,H&M Men Clothing Model-432,Fashion,Men Clothing,H&M,3743.27,1640.29,1878,4.5,3384,TRUE,4/19/2020
224,Zara Men Clothing Model-348,Fashion,Men Clothing,Zara,74.2,48.27,4424,2.5,3516,TRUE,9/1/2024
225,Tommy Hilfiger Men Clothing Model-777,Fashion,Men Clothing,Tommy Hilfiger,4833.25,2030.6,2743,3,524,TRUE,1/20/2020
226,Zara Men Clothing Model-180,Fashion,Men Clothing,Zara,2517.56,1359.46,4938,2.6,1712,FALSE,10/3/2023
227,Tommy Hilfiger Men Clothing Model-501,Fashion,Men Clothing,Tommy Hilfiger,1972.29,1174.06,2488,3.7,4154,TRUE,4/16/2026
228,H&M Men Clothing Model-969,Fashion,Men Clothing,H&M,800.24,398.45,4222,3.2,83,TRUE,4/3/2021
229,Calvin Klein Men Clothing Model-834,Fashion,Men Clothing,Calvin Klein,3059.44,1382.59,4925,3.2,252,TRUE,7/2/2024
230,Louis Vuitton Men Clothing Model-748,Fashion,Men Clothing,Louis Vuitton,1101.35,668.02,881,4.2,1272,TRUE,11/5/2022
231,Zara Men Clothing Model-558,Fashion,Men Clothing,Zara,4228.67,2900.26,2703,3.5,803,TRUE,7/14/2019
232,H&M Men Clothing Model-512,Fashion,Men Clothing,H&M,282.03,155.23,4550,2.7,549,TRUE,6/19/2023
233,Louis Vuitton Men Clothing Model-969,Fashion,Men Clothing,Louis Vuitton,767.3,503.57,2392,4.5,4944,TRUE,8/12/2024
234,Louis Vuitton Men Clothing Model-840,Fashion,Men Clothing,Louis Vuitton,808.27,468.65,4139,3.1,4118,TRUE,1/17/2019
235,Adidas Men Clothing Model-383,Fashion,Men Clothing,Adidas,1646.75,948.74,3618,3.7,2197,TRUE,10/4/2021
236,Tommy Hilfiger Men Clothing Model-518,Fashion,Men Clothing,Tommy Hilfiger,3632.15,2386.82,3608,3.5,2837,TRUE,9/12/2024
237,Zara Men Clothing Model-820,Fashion,Men Clothing,Zara,4794.45,3279.42,3168,2.8,4648,TRUE,5/13/2026
238,Gucci Men Clothing Model-677,Fashion,Men Clothing,Gucci,3545.09,2126.78,194,4.7,1073,TRUE,4/20/2025
239,Gucci Men Clothing Model-403,Fashion,Men Clothing,Gucci,2906.2,1327.88,2097,4.4,2620,FALSE,5/21/2024
240,Tommy Hilfiger Men Clothing Model-178,Fashion,Men Clothing,Tommy Hilfiger,4318.57,2662.61,1947,4.8,4391,FALSE,11/6/2022
241,Louis Vuitton Men Clothing Model-854,Fashion,Men Clothing,Louis Vuitton,92.11,63.28,278,4.3,4772,TRUE,2/14/2023
242,Louis Vuitton Men Clothing Model-862,Fashion,Men Clothing,Louis Vuitton,3604.11,1921.28,1536,2.9,1706,TRUE,8/18/2025
243,H&M Men Clothing Model-115,Fashion,Men Clothing,H&M,1924.28,1302.94,4744,4.5,712,TRUE,2/22/2026
244,Calvin Klein Men Clothing Model-492,Fashion,Men Clothing,Calvin Klein,163.15,70.45,2680,4.2,3356,TRUE,12/15/2024
245,Calvin Klein Men Clothing Model-548,Fashion,Men Clothing,Calvin Klein,2679.19,1180.84,1145,2.6,1830,TRUE,3/5/2025
246,Adidas Men Clothing Model-261,Fashion,Men Clothing,Adidas,4718.08,1903.38,4733,4,3244,FALSE,10/22/2023
247,H&M Men Clothing Model-117,Fashion,Men Clothing,H&M,2219.95,1020.74,3635,3.1,2049,TRUE,3/18/2023
248,Louis Vuitton Men Clothing Model-100,Fashion,Men Clothing,Louis Vuitton,2108.43,1134.34,824,3.9,20,TRUE,7/20/2023
249,Louis Vuitton Men Clothing Model-393,Fashion,Men Clothing,Louis Vuitton,2457.01,1601.23,1587,4,4006,FALSE,5/20/2019
250,Gucci Women Clothing Model-561,Fashion,Women Clothing,Gucci,1961.56,903.04,1998,2.7,2058,TRUE,8/15/2025
251,Louis Vuitton Women Clothing Model-535,Fashion,Women Clothing,Louis Vuitton,1360.02,908.88,4363,3.7,1974,TRUE,12/20/2022
252,Tommy Hilfiger Women Clothing Model-159,Fashion,Women Clothing,Tommy Hilfiger,2673.66,1751.12,2707,3,774,TRUE,8/12/2025
253,Zara Women Clothing Model-529,Fashion,Women Clothing,Zara,2117.88,928.34,2229,5,4164,TRUE,5/14/2019
254,Louis Vuitton Women Clothing Model-413,Fashion,Women Clothing,Louis Vuitton,2583.25,1044.25,742,4.4,3162,TRUE,7/16/2022
255,Calvin Klein Women Clothing Model-113,Fashion,Women Clothing,Calvin Klein,3845.15,1585.22,576,4.8,455,TRUE,1/21/2024
256,H&M Women Clothing Model-427,Fashion,Women Clothing,H&M,2600.07,1240.99,3612,4.8,1898,TRUE,7/25/2024
257,Gucci Women Clothing Model-511,Fashion,Women Clothing,Gucci,1227.62,768.45,1900,4.6,265,TRUE,3/4/2020
258,H&M Women Clothing Model-643,Fashion,Women Clothing,H&M,545.49,270.23,4712,3.4,554,TRUE,8/10/2020
259,Adidas Women Clothing Model-113,Fashion,Women Clothing,Adidas,1013.63,511.93,1030,4.8,4436,TRUE,5/5/2026
260,Zara Women Clothing Model-169,Fashion,Women Clothing,Zara,1798.72,775.38,4775,4.1,1608,TRUE,9/28/2025
261,Gucci Women Clothing Model-114,Fashion,Women Clothing,Gucci,4300.5,2465.68,1360,4.2,2315,TRUE,1/13/2021
262,Louis Vuitton Women Clothing Model-736,Fashion,Women Clothing,Louis Vuitton,2827.94,1661.29,4830,2.6,1869,TRUE,10/8/2021
263,Calvin Klein Women Clothing Model-579,Fashion,Women Clothing,Calvin Klein,3400.11,1757.03,3524,2.6,3172,TRUE,11/14/2024
264,Louis Vuitton Women Clothing Model-957,Fashion,Women Clothing,Louis Vuitton,4482.4,1888.48,1654,4.5,2537,TRUE,4/6/2026
265,H&M Women Clothing Model-937,Fashion,Women Clothing,H&M,2825.23,1955.44,4506,3,3777,TRUE,4/3/2022
266,H&M Women Clothing Model-202,Fashion,Women Clothing,H&M,116.52,64.46,3337,3.1,4656,TRUE,2/8/2026
267,Calvin Klein Women Clothing Model-284,Fashion,Women Clothing,Calvin Klein,3531.16,1820.13,3128,3.1,1366,TRUE,4/16/2024
268,Adidas Women Clothing Model-416,Fashion,Women Clothing,Adidas,1747.77,992.34,4513,3.3,1822,TRUE,3/7/2020
269,Adidas Women Clothing Model-621,Fashion,Women Clothing,Adidas,4065.41,2132.26,2794,3.6,3678,FALSE,1/27/2024
270,Calvin Klein Women Clothing Model-239,Fashion,Women Clothing,Calvin Klein,366.66,255.29,4576,3.9,1104,TRUE,7/21/2021
271,Nike Women Clothing Model-643,Fashion,Women Clothing,Nike,4610.12,3185.76,3636,3.3,3586,TRUE,5/18/2019
272,Louis Vuitton Women Clothing Model-870,Fashion,Women Clothing,Louis Vuitton,2522.37,1696.15,1951,4.2,105,TRUE,9/7/2023
273,Nike Women Clothing Model-600,Fashion,Women Clothing,Nike,1896.58,1060.11,907,4,1390,TRUE,9/11/2025
274,Calvin Klein Women Clothing Model-279,Fashion,Women Clothing,Calvin Klein,3315.33,1702.09,2798,4.4,3812,TRUE,2/14/2021
275,Tommy Hilfiger Women Clothing Model-961,Fashion,Women Clothing,Tommy Hilfiger,1416.2,742.46,2119,4.2,776,TRUE,7/19/2022
276,H&M Women Clothing Model-883,Fashion,Women Clothing,H&M,2268.51,1028.34,3632,4.3,2434,TRUE,8/16/2022
277,Zara Women Clothing Model-770,Fashion,Women Clothing,Zara,3604.3,2353.93,4944,3.9,397,TRUE,11/2/2024
278,Louis Vuitton Women Clothing Model-880,Fashion,Women Clothing,Louis Vuitton,4741.91,3213.35,919,3.3,3545,FALSE,10/19/2021
279,H&M Women Clothing Model-452,Fashion,Women Clothing,H&M,2721.8,1149.61,3767,3.6,3444,FALSE,6/1/2019
280,Louis Vuitton Women Clothing Model-523,Fashion,Women Clothing,Louis Vuitton,310.82,194.35,4358,2.5,4984,TRUE,8/26/2024
281,H&M Kids Clothing Model-980,Fashion,Kids Clothing,H&M,4962.52,2852.79,2123,3.6,495,TRUE,6/9/2024
282,Louis Vuitton Kids Clothing Model-538,Fashion,Kids Clothing,Louis Vuitton,2550.64,1059.75,2451,4.4,2818,FALSE,4/10/2021
283,H&M Kids Clothing Model-896,Fashion,Kids Clothing,H&M,4272.01,2401.49,1234,3.1,2945,TRUE,2/16/2022
284,Louis Vuitton Kids Clothing Model-447,Fashion,Kids Clothing,Louis Vuitton,2265.83,958.76,2762,4.3,4345,TRUE,7/7/2023
285,H&M Kids Clothing Model-107,Fashion,Kids Clothing,H&M,2681.72,1735.52,1659,4.5,2206,TRUE,3/15/2024
286,Adidas Kids Clothing Model-781,Fashion,Kids Clothing,Adidas,1893.9,1056.04,3192,4.4,4188,FALSE,7/3/2025
287,Calvin Klein Kids Clothing Model-356,Fashion,Kids Clothing,Calvin Klein,4793.33,2609.59,1473,4.9,1766,FALSE,4/11/2019
288,H&M Kids Clothing Model-452,Fashion,Kids Clothing,H&M,3425.8,2039.85,2286,3.7,3636,TRUE,8/20/2023
289,Adidas Kids Clothing Model-988,Fashion,Kids Clothing,Adidas,2858.28,1305.56,1006,4.5,1269,TRUE,5/31/2025
290,Gucci Kids Clothing Model-913,Fashion,Kids Clothing,Gucci,460.48,282.65,1439,4.8,1826,TRUE,9/21/2024
291,Nike Kids Clothing Model-882,Fashion,Kids Clothing,Nike,4336.53,3034.08,3209,3,1971,TRUE,1/24/2020
292,Louis Vuitton Kids Clothing Model-476,Fashion,Kids Clothing,Louis Vuitton,1380.13,667.24,4416,4,2607,TRUE,12/17/2019
293,Gucci Kids Clothing Model-152,Fashion,Kids Clothing,Gucci,3831.45,2556.2,2843,3.5,229,TRUE,10/11/2020
294,Zara Kids Clothing Model-295,Fashion,Kids Clothing,Zara,2161.15,1076.07,2480,4.7,74,TRUE,1/4/2024
295,Tommy Hilfiger Kids Clothing Model-202,Fashion,Kids Clothing,Tommy Hilfiger,1807.84,954.52,4126,4,3577,TRUE,1/14/2020
296,H&M Kids Clothing Model-856,Fashion,Kids Clothing,H&M,747.32,476.88,488,3.8,1414,FALSE,1/5/2025
297,Louis Vuitton Kids Clothing Model-740,Fashion,Kids Clothing,Louis Vuitton,1935.81,896.47,3590,3.5,4291,TRUE,5/13/2021
298,Nike Kids Clothing Model-971,Fashion,Kids Clothing,Nike,2887.33,1468.06,3599,2.9,4898,TRUE,6/7/2023
299,Calvin Klein Kids Clothing Model-780,Fashion,Kids Clothing,Calvin Klein,4665.21,2164.85,1714,2.7,1657,TRUE,3/9/2019
300,Gucci Kids Clothing Model-205,Fashion,Kids Clothing,Gucci,1943.35,1050.82,3228,4.9,1247,TRUE,8/23/2021
301,H&M Kids Clothing Model-514,Fashion,Kids Clothing,H&M,3507.98,1731.12,402,3.8,2326,FALSE,2/26/2022
302,Adidas Kids Clothing Model-543,Fashion,Kids Clothing,Adidas,3162.13,2030.41,1962,3.1,1823,TRUE,7/25/2021
303,Adidas Kids Clothing Model-806,Fashion,Kids Clothing,Adidas,314.7,135.13,3375,3.1,3074,FALSE,1/2/2021
304,Zara Kids Clothing Model-471,Fashion,Kids Clothing,Zara,2625.57,1709.57,2506,2.7,21,TRUE,2/2/2024
305,Tommy Hilfiger Kids Clothing Model-688,Fashion,Kids Clothing,Tommy Hilfiger,769.8,389.21,852,4.1,4189,TRUE,11/28/2024
306,Tommy Hilfiger Kids Clothing Model-491,Fashion,Kids Clothing,Tommy Hilfiger,408.2,252.81,3396,4.4,492,TRUE,5/15/2023
307,Nike Kids Clothing Model-705,Fashion,Kids Clothing,Nike,1488.01,603.05,851,3.6,2748,TRUE,9/24/2024
308,Adidas Kids Clothing Model-836,Fashion,Kids Clothing,Adidas,4545.98,2336.27,1098,4.8,2272,TRUE,4/8/2019
309,Tommy Hilfiger Kids Clothing Model-603,Fashion,Kids Clothing,Tommy Hilfiger,1950.42,1099.46,2358,3.3,3855,TRUE,8/27/2020
310,Adidas Kids Clothing Model-157,Fashion,Kids Clothing,Adidas,2158.56,1429.95,2243,2.9,1732,TRUE,11/20/2022
311,Gucci Kids Clothing Model-967,Fashion,Kids Clothing,Gucci,3715.25,2417.28,3775,2.7,554,TRUE,3/15/2024
312,Zara Kids Clothing Model-483,Fashion,Kids Clothing,Zara,3086.56,1256.83,1997,4.2,209,TRUE,3/1/2026
313,Nike Shoes Model-544,Fashion,Shoes,Nike,4204.26,2242.35,2069,3.9,1916,TRUE,5/15/2026
314,H&M Shoes Model-611,Fashion,Shoes,H&M,3883.25,2443.3,2086,3.6,2595,TRUE,11/12/2021
315,Adidas Shoes Model-918,Fashion,Shoes,Adidas,861.82,568.72,1358,3.2,4743,TRUE,10/3/2020
316,Nike Shoes Model-284,Fashion,Shoes,Nike,4105.24,2267.3,4496,2.7,1482,TRUE,9/15/2024
317,Louis Vuitton Shoes Model-965,Fashion,Shoes,Louis Vuitton,702.07,373.6,3215,3.9,984,TRUE,9/5/2023
318,Tommy Hilfiger Shoes Model-146,Fashion,Shoes,Tommy Hilfiger,839.56,550.17,467,3.7,1867,TRUE,2/14/2022
319,Adidas Shoes Model-715,Fashion,Shoes,Adidas,1166.1,569.76,443,3.1,1382,TRUE,7/7/2019
320,Zara Shoes Model-714,Fashion,Shoes,Zara,2436.86,1265.29,1244,4.5,1963,TRUE,9/2/2024
321,Gucci Shoes Model-876,Fashion,Shoes,Gucci,1485.48,1000.88,1900,3.7,3219,TRUE,11/18/2021
322,H&M Shoes Model-706,Fashion,Shoes,H&M,2984.66,1432.06,4605,4.4,4297,TRUE,2/21/2021
323,H&M Shoes Model-635,Fashion,Shoes,H&M,4926.85,2578.05,2086,4.6,2355,FALSE,5/8/2026
324,H&M Shoes Model-704,Fashion,Shoes,H&M,4149.15,2467.31,4221,3.3,166,TRUE,8/23/2019
325,Gucci Shoes Model-623,Fashion,Shoes,Gucci,4687.4,3077.19,866,3.3,227,TRUE,4/27/2020
326,Zara Shoes Model-577,Fashion,Shoes,Zara,4557.41,2490.48,858,2.6,425,FALSE,11/2/2021
327,Gucci Shoes Model-686,Fashion,Shoes,Gucci,1293.21,785.31,4653,2.8,587,FALSE,5/26/2020
328,Calvin Klein Shoes Model-974,Fashion,Shoes,Calvin Klein,4698.88,2886.41,242,3,2098,TRUE,6/4/2023
329,Gucci Shoes Model-642,Fashion,Shoes,Gucci,4577.63,2375.05,3987,4.4,3922,TRUE,2/13/2022
330,Tommy Hilfiger Shoes Model-105,Fashion,Shoes,Tommy Hilfiger,2030.26,1081.61,1795,3.5,475,TRUE,4/8/2024
331,Gucci Shoes Model-106,Fashion,Shoes,Gucci,526.65,298.87,4450,2.5,3574,TRUE,8/14/2024
332,Zara Shoes Model-978,Fashion,Shoes,Zara,1784.39,784.83,4370,4.2,4797,TRUE,1/20/2019
333,Gucci Shoes Model-352,Fashion,Shoes,Gucci,1087.57,687.47,958,3.5,1120,FALSE,10/25/2025
334,Louis Vuitton Shoes Model-551,Fashion,Shoes,Louis Vuitton,2420.92,1239.61,3527,3.5,2372,TRUE,6/7/2021
335,Adidas Shoes Model-509,Fashion,Shoes,Adidas,2142.49,1159.01,569,3.6,1224,TRUE,4/6/2026
336,Adidas Shoes Model-349,Fashion,Shoes,Adidas,1249.98,682.8,2192,2.9,4220,TRUE,11/16/2025
337,H&M Shoes Model-739,Fashion,Shoes,H&M,67.01,42.14,2931,3.1,3003,TRUE,6/15/2023
338,Nike Shoes Model-650,Fashion,Shoes,Nike,2614.37,1815.7,1541,3,4578,FALSE,8/27/2021
339,Gucci Shoes Model-130,Fashion,Shoes,Gucci,3527.03,1509.21,2080,4,4934,FALSE,6/1/2022
340,Calvin Klein Shoes Model-378,Fashion,Shoes,Calvin Klein,4891.59,3024.25,1652,4.2,3682,FALSE,6/1/2019
341,Gucci Shoes Model-730,Fashion,Shoes,Gucci,3806.65,1568.17,3416,3.6,555,TRUE,2/2/2023
342,Tommy Hilfiger Shoes Model-444,Fashion,Shoes,Tommy Hilfiger,4883.55,2795.78,3692,3.1,3153,TRUE,5/9/2019
343,H&M Shoes Model-356,Fashion,Shoes,H&M,3868.84,1572.19,3851,3,3288,TRUE,7/29/2019
344,Nike Shoes Model-212,Fashion,Shoes,Nike,1473.76,901.54,4070,4.9,2570,FALSE,1/3/2026
345,Gucci Bags Model-132,Fashion,Bags,Gucci,4453.13,2414.22,1323,4.5,4119,FALSE,2/3/2024
346,Adidas Bags Model-534,Fashion,Bags,Adidas,3390.38,2325.34,4720,4,3171,TRUE,9/4/2024
347,Calvin Klein Bags Model-520,Fashion,Bags,Calvin Klein,913.38,433.1,574,2.8,2160,TRUE,12/6/2023
348,Tommy Hilfiger Bags Model-213,Fashion,Bags,Tommy Hilfiger,2251.78,1536.31,3154,3.3,3908,TRUE,2/27/2025
349,Adidas Bags Model-247,Fashion,Bags,Adidas,2770.6,1807.28,4807,4.6,1361,FALSE,4/21/2025
350,Louis Vuitton Bags Model-268,Fashion,Bags,Louis Vuitton,4559.86,2177.23,4771,2.7,3312,TRUE,2/26/2026
351,Gucci Bags Model-812,Fashion,Bags,Gucci,508.6,256.49,4589,4.4,3013,TRUE,3/20/2024
352,H&M Bags Model-913,Fashion,Bags,H&M,317.94,153.7,3733,4.7,1664,TRUE,12/9/2024
353,Louis Vuitton Bags Model-513,Fashion,Bags,Louis Vuitton,1848.37,1277.74,178,3.7,1009,FALSE,12/23/2025
354,Gucci Bags Model-827,Fashion,Bags,Gucci,1283.79,868.6,782,3.2,2502,TRUE,1/20/2019
355,Nike Bags Model-378,Fashion,Bags,Nike,3734.27,1534.27,3641,3.4,369,TRUE,9/3/2021
356,Adidas Bags Model-532,Fashion,Bags,Adidas,264.07,130.37,330,3.6,4974,FALSE,10/12/2020
357,Tommy Hilfiger Bags Model-265,Fashion,Bags,Tommy Hilfiger,2625.03,1188.98,4602,3.8,2704,TRUE,9/22/2020
358,Calvin Klein Bags Model-860,Fashion,Bags,Calvin Klein,4620.42,2218.79,4822,4.3,4716,TRUE,3/16/2023
359,Adidas Bags Model-757,Fashion,Bags,Adidas,3986.84,2694.75,3935,4.2,3367,FALSE,1/28/2026
360,Louis Vuitton Bags Model-556,Fashion,Bags,Louis Vuitton,4959.02,3073.75,3000,3.8,3780,TRUE,6/6/2024
361,Adidas Bags Model-959,Fashion,Bags,Adidas,4552.19,2778,1536,4.9,1170,TRUE,4/6/2026
362,Nike Bags Model-809,Fashion,Bags,Nike,3982.51,2556.68,3764,2.8,2652,TRUE,7/2/2023
363,Nike Bags Model-209,Fashion,Bags,Nike,3841.57,2084.59,1838,4.3,2106,TRUE,10/8/2020
364,Louis Vuitton Bags Model-912,Fashion,Bags,Louis Vuitton,1891.33,789.94,2404,2.8,815,FALSE,6/14/2023
365,Calvin Klein Bags Model-251,Fashion,Bags,Calvin Klein,2329.59,1267.51,4,3.6,1275,FALSE,6/15/2025
366,Calvin Klein Bags Model-540,Fashion,Bags,Calvin Klein,521.9,242.11,2668,2.5,2421,TRUE,2/22/2024
367,Zara Bags Model-722,Fashion,Bags,Zara,2851.65,1924.96,2409,3,4487,TRUE,6/18/2024
368,Tommy Hilfiger Bags Model-238,Fashion,Bags,Tommy Hilfiger,2314.66,1573.68,1375,4.6,3591,TRUE,8/12/2020
369,Louis Vuitton Bags Model-173,Fashion,Bags,Louis Vuitton,1566.93,813.05,1901,3.9,2609,TRUE,9/21/2023
370,Gucci Bags Model-229,Fashion,Bags,Gucci,4430.09,2217.88,443,4.6,3145,FALSE,9/29/2024
371,Zara Bags Model-145,Fashion,Bags,Zara,4905.6,2966.01,3570,4.1,3201,TRUE,8/4/2022
372,Louis Vuitton Bags Model-932,Fashion,Bags,Louis Vuitton,173.74,79.13,529,3.1,241,FALSE,7/16/2021
373,Adidas Bags Model-258,Fashion,Bags,Adidas,4327.04,2760.17,454,4.5,3538,FALSE,12/4/2023
374,Tommy Hilfiger Bags Model-430,Fashion,Bags,Tommy Hilfiger,2035.67,989.22,34,3.3,1464,TRUE,10/4/2020
375,Adidas Bags Model-521,Fashion,Bags,Adidas,3461.11,2399.77,2273,3.1,1832,TRUE,8/12/2024
376,Tommy Hilfiger Bags Model-577,Fashion,Bags,Tommy Hilfiger,4568.3,2581.3,98,3.4,555,TRUE,10/28/2024
377,Louis Vuitton Accessories Model-291,Fashion,Accessories,Louis Vuitton,2270.89,987.21,3097,4.4,3633,FALSE,4/29/2022
378,Louis Vuitton Accessories Model-481,Fashion,Accessories,Louis Vuitton,1667.92,733.91,902,3.3,247,FALSE,2/15/2019
379,Louis Vuitton Accessories Model-609,Fashion,Accessories,Louis Vuitton,3331.31,1340.92,1281,4.1,3059,TRUE,4/21/2025
380,Tommy Hilfiger Accessories Model-916,Fashion,Accessories,Tommy Hilfiger,2662.7,1278.31,758,2.8,1564,TRUE,7/31/2025
381,Tommy Hilfiger Accessories Model-425,Fashion,Accessories,Tommy Hilfiger,3282.44,1865.72,4888,2.9,3269,TRUE,7/8/2022
382,Tommy Hilfiger Accessories Model-492,Fashion,Accessories,Tommy Hilfiger,134.53,79.97,2742,4.2,515,TRUE,12/24/2019
383,Calvin Klein Accessories Model-701,Fashion,Accessories,Calvin Klein,4003.69,2649.51,3659,4.2,2975,TRUE,7/24/2025
384,H&M Accessories Model-633,Fashion,Accessories,H&M,2378.36,1130.05,2740,3,1414,FALSE,3/21/2021
385,Gucci Accessories Model-357,Fashion,Accessories,Gucci,3828.5,2458.55,2738,3.8,162,TRUE,1/1/2026
386,Calvin Klein Accessories Model-263,Fashion,Accessories,Calvin Klein,2121.32,919.8,2202,3.5,730,FALSE,2/9/2022
387,Tommy Hilfiger Accessories Model-252,Fashion,Accessories,Tommy Hilfiger,393.96,268.5,3535,4.4,2033,TRUE,8/1/2020
388,Zara Accessories Model-909,Fashion,Accessories,Zara,4235.8,2026.88,3683,2.6,4178,TRUE,1/10/2019
389,Adidas Accessories Model-807,Fashion,Accessories,Adidas,1356.16,586.46,4774,4.3,592,TRUE,6/28/2019
390,Gucci Accessories Model-886,Fashion,Accessories,Gucci,1238.83,789.48,2474,3.9,978,TRUE,7/4/2023
391,Adidas Accessories Model-715,Fashion,Accessories,Adidas,2442.79,1160.14,116,3.8,148,TRUE,10/10/2024
392,Nike Accessories Model-770,Fashion,Accessories,Nike,1655.21,1113.5,4160,2.6,989,TRUE,3/7/2019
393,H&M Accessories Model-829,Fashion,Accessories,H&M,1090.99,711.11,2784,5,4529,TRUE,7/17/2019
394,Louis Vuitton Accessories Model-827,Fashion,Accessories,Louis Vuitton,1889.51,881.28,4245,4.3,3539,TRUE,2/12/2026
395,Zara Accessories Model-896,Fashion,Accessories,Zara,4807.54,2263.26,561,2.7,3398,TRUE,9/9/2023
396,Nike Accessories Model-751,Fashion,Accessories,Nike,4449.64,1880.09,2380,4.8,3670,FALSE,11/23/2021
397,Zara Accessories Model-252,Fashion,Accessories,Zara,2533.54,1549.76,2840,3.9,1557,FALSE,10/12/2020
398,Nike Accessories Model-928,Fashion,Accessories,Nike,2290.62,1100.05,4171,4.6,2158,TRUE,9/18/2025
399,Adidas Accessories Model-498,Fashion,Accessories,Adidas,4237.7,1700.8,4740,2.9,2004,TRUE,11/20/2019
400,Gucci Accessories Model-478,Fashion,Accessories,Gucci,3727.98,1957.85,2899,3.7,982,FALSE,5/20/2023
401,Louis Vuitton Accessories Model-981,Fashion,Accessories,Louis Vuitton,2459.93,1662.19,790,3,2338,TRUE,8/23/2019
402,Gucci Accessories Model-613,Fashion,Accessories,Gucci,1183.25,675.57,3244,3.2,822,FALSE,1/13/2022
403,Louis Vuitton Accessories Model-494,Fashion,Accessories,Louis Vuitton,206.93,91.72,4616,4.7,1556,TRUE,6/4/2020
404,H&M Accessories Model-251,Fashion,Accessories,H&M,124.6,86.97,4526,4.8,3158,TRUE,1/21/2020
405,Zara Accessories Model-322,Fashion,Accessories,Zara,2071.97,1244.95,4657,3.4,2974,FALSE,10/26/2021
406,Louis Vuitton Accessories Model-221,Fashion,Accessories,Louis Vuitton,2725,1502.01,109,4.2,4128,TRUE,6/19/2025
407,Gucci Watches Model-137,Fashion,Watches,Gucci,4423.72,2457.04,3022,3.2,2287,TRUE,3/2/2026
408,Calvin Klein Watches Model-461,Fashion,Watches,Calvin Klein,2579.64,1468.79,4177,2.8,1408,TRUE,11/11/2023
409,Tommy Hilfiger Watches Model-727,Fashion,Watches,Tommy Hilfiger,1870.72,858.37,3034,4.2,4898,FALSE,8/4/2020
410,Calvin Klein Watches Model-267,Fashion,Watches,Calvin Klein,2183.6,964.4,3394,3.8,679,TRUE,4/9/2024
411,Louis Vuitton Watches Model-360,Fashion,Watches,Louis Vuitton,1161.17,507.23,1686,4,4975,TRUE,10/21/2022
412,Calvin Klein Watches Model-940,Fashion,Watches,Calvin Klein,4176.79,2608.49,268,2.9,1099,TRUE,12/27/2019
413,Calvin Klein Watches Model-794,Fashion,Watches,Calvin Klein,2490.7,1723.43,3444,2.8,2426,TRUE,3/14/2019
414,Zara Watches Model-776,Fashion,Watches,Zara,3747.01,2351.33,2345,3.2,1828,TRUE,5/24/2021
415,Gucci Watches Model-959,Fashion,Watches,Gucci,486.46,288.35,2021,4.1,251,TRUE,2/1/2021
416,H&M Watches Model-226,Fashion,Watches,H&M,3682.42,2386.56,3532,4.6,3497,FALSE,6/5/2025
417,Nike Watches Model-532,Fashion,Watches,Nike,4443.29,2630.07,2105,3.7,1112,TRUE,2/4/2020
418,Adidas Watches Model-162,Fashion,Watches,Adidas,3312.72,1618.54,4516,3.1,2050,TRUE,4/2/2024
419,Zara Watches Model-911,Fashion,Watches,Zara,1977.46,841.37,4474,3.6,3896,TRUE,3/24/2026
420,H&M Watches Model-864,Fashion,Watches,H&M,950.06,645.78,1167,2.8,1734,TRUE,11/27/2025
421,Zara Watches Model-231,Fashion,Watches,Zara,678.32,344.6,4034,3.7,1486,FALSE,2/12/2024
422,Gucci Watches Model-790,Fashion,Watches,Gucci,1816.94,911.6,1350,5,4269,TRUE,2/3/2021
423,Adidas Watches Model-388,Fashion,Watches,Adidas,508.04,283.43,3538,5,1861,FALSE,2/15/2021
424,H&M Watches Model-505,Fashion,Watches,H&M,2916.35,1789.04,4376,3.7,4141,TRUE,12/23/2020
425,Nike Watches Model-914,Fashion,Watches,Nike,3793.02,2276.37,3785,3.3,4815,TRUE,2/18/2023
426,Gucci Watches Model-586,Fashion,Watches,Gucci,2240.9,933.99,3140,3.9,2002,TRUE,11/25/2024
427,Louis Vuitton Watches Model-760,Fashion,Watches,Louis Vuitton,1214.32,718.5,1230,5,2598,TRUE,7/27/2023
428,Adidas Watches Model-829,Fashion,Watches,Adidas,4262.35,2555.49,3884,4,2374,FALSE,12/29/2023
429,Calvin Klein Watches Model-912,Fashion,Watches,Calvin Klein,2631.44,1106.45,4665,3.8,3559,TRUE,8/24/2023
430,Adidas Watches Model-990,Fashion,Watches,Adidas,4366.81,2498.94,2380,4.5,2687,TRUE,9/22/2019
431,Adidas Watches Model-443,Fashion,Watches,Adidas,3564.59,2226.07,1416,3.1,2721,TRUE,12/24/2019
432,Gucci Watches Model-606,Fashion,Watches,Gucci,2308.53,1260.97,3461,2.8,1611,FALSE,12/17/2022
433,Gucci Watches Model-676,Fashion,Watches,Gucci,3831.29,2617.14,4042,4.2,4671,TRUE,5/14/2024
434,Zara Watches Model-913,Fashion,Watches,Zara,4052.35,1785.24,360,3.9,1010,TRUE,5/4/2019
435,Adidas Watches Model-282,Fashion,Watches,Adidas,3714.35,2048.03,3340,4.2,4883,TRUE,6/7/2023
436,Zara Watches Model-429,Fashion,Watches,Zara,1605.49,877.45,4801,3.4,2075,TRUE,5/3/2025
437,Tefal Furniture Model-747,Home & Kitchen,Furniture,Tefal,2232.07,1359.75,114,4.2,64,TRUE,12/22/2021
438,Dyson Furniture Model-627,Home & Kitchen,Furniture,Dyson,4700.95,2860.01,1502,3.2,1429,FALSE,3/10/2026
439,Bosch Furniture Model-837,Home & Kitchen,Furniture,Bosch,4384.08,2664.12,3228,3.6,1052,TRUE,10/15/2024
440,Philips Furniture Model-453,Home & Kitchen,Furniture,Philips,4268.87,1854.78,1018,4,1272,TRUE,9/19/2019
441,Philips Furniture Model-985,Home & Kitchen,Furniture,Philips,3266.15,2198.2,1684,4.4,1925,TRUE,8/8/2021
442,Tefal Furniture Model-791,Home & Kitchen,Furniture,Tefal,2321.85,1240.44,3965,3.7,1742,TRUE,6/16/2020
443,Tefal Furniture Model-887,Home & Kitchen,Furniture,Tefal,3997.84,2000.69,3949,3.3,1694,TRUE,2/7/2019
444,Bosch Furniture Model-704,Home & Kitchen,Furniture,Bosch,3547.21,1884.56,754,3.1,3852,FALSE,11/4/2019
445,Dyson Furniture Model-742,Home & Kitchen,Furniture,Dyson,4478.24,2036.25,4177,2.6,3382,TRUE,6/19/2025
446,Nespresso Furniture Model-962,Home & Kitchen,Furniture,Nespresso,185.8,89.05,3230,3.5,3377,FALSE,1/23/2022
447,Tefal Furniture Model-964,Home & Kitchen,Furniture,Tefal,766.29,512.94,738,3.6,1394,TRUE,8/1/2021
448,Bosch Furniture Model-612,Home & Kitchen,Furniture,Bosch,1956.34,1167.8,2006,4.5,413,TRUE,9/21/2020
449,Bosch Furniture Model-496,Home & Kitchen,Furniture,Bosch,3788.27,2572.5,4692,3.4,1182,TRUE,8/27/2022
450,Nespresso Furniture Model-853,Home & Kitchen,Furniture,Nespresso,2232.99,1489.04,4010,3,86,FALSE,4/13/2025
451,Panasonic Furniture Model-156,Home & Kitchen,Furniture,Panasonic,477.15,285.5,1440,3.8,1834,TRUE,3/4/2024
452,Panasonic Furniture Model-843,Home & Kitchen,Furniture,Panasonic,1936.17,1015.64,589,3,3103,TRUE,12/2/2021
453,Nespresso Furniture Model-907,Home & Kitchen,Furniture,Nespresso,3491.37,2032.84,3316,4.2,1937,TRUE,6/5/2025
454,Tefal Furniture Model-551,Home & Kitchen,Furniture,Tefal,888.51,444.37,2442,3.1,4752,TRUE,7/16/2025
455,Bosch Furniture Model-719,Home & Kitchen,Furniture,Bosch,327.53,213.24,3221,4.7,3284,TRUE,3/9/2019
456,IKEA Furniture Model-305,Home & Kitchen,Furniture,Ikea,3263.21,1687.15,967,4.5,440,TRUE,11/13/2019
457,Tefal Furniture Model-556,Home & Kitchen,Furniture,Tefal,1302.29,720.33,454,4.7,4107,TRUE,1/6/2020
458,Philips Furniture Model-472,Home & Kitchen,Furniture,Philips,3707.07,2333.76,1600,4.7,3902,TRUE,10/11/2025
459,Tefal Furniture Model-263,Home & Kitchen,Furniture,Tefal,1830.8,997.46,1336,4.4,4879,TRUE,7/6/2025
460,Dyson Furniture Model-551,Home & Kitchen,Furniture,Dyson,2725.19,1466.81,501,3.3,2442,TRUE,4/26/2024
461,IKEA Furniture Model-810,Home & Kitchen,Furniture,Ikea,4928.6,2840.57,4957,3.5,4926,TRUE,8/26/2022
462,Bosch Furniture Model-287,Home & Kitchen,Furniture,Bosch,3521.98,2437.86,3917,2.5,1042,TRUE,6/7/2021
463,Panasonic Furniture Model-207,Home & Kitchen,Furniture,Panasonic,3480.12,1613.53,1054,3.5,4685,TRUE,4/13/2024
464,Panasonic Furniture Model-120,Home & Kitchen,Furniture,Panasonic,1316.48,588.44,2045,3.6,4464,TRUE,11/7/2019
465,Bosch Furniture Model-185,Home & Kitchen,Furniture,Bosch,2503.61,1522.09,4976,5,4311,TRUE,12/8/2020
466,Dyson Furniture Model-483,Home & Kitchen,Furniture,Dyson,3130.77,1311.59,4836,3.4,3388,TRUE,4/21/2024
467,Tefal Furniture Model-473,Home & Kitchen,Furniture,Tefal,3335.5,1670.42,4915,2.9,1803,TRUE,1/20/2023
468,Philips Furniture Model-430,Home & Kitchen,Furniture,Philips,3457.11,1959.88,211,4.7,3581,TRUE,1/24/2019
469,Philips Kitchen Appliances Model-660,Home & Kitchen,Kitchen Appliances,Philips,3841.22,2433.32,1452,4,1825,TRUE,1/1/2023
470,Philips Kitchen Appliances Model-549,Home & Kitchen,Kitchen Appliances,Philips,2720.41,1518.39,4078,2.8,1588,TRUE,9/17/2025
471,Dyson Kitchen Appliances Model-596,Home & Kitchen,Kitchen Appliances,Dyson,2055.6,1403.91,3363,3.8,2537,FALSE,12/25/2021
472,Tefal Kitchen Appliances Model-468,Home & Kitchen,Kitchen Appliances,Tefal,1392.13,690.9,3726,4.2,4259,TRUE,2/25/2020
473,Panasonic Kitchen Appliances Model-225,Home & Kitchen,Kitchen Appliances,Panasonic,58.94,41.24,2895,4.3,403,TRUE,1/20/2025
474,Tefal Kitchen Appliances Model-857,Home & Kitchen,Kitchen Appliances,Tefal,1587.3,782.78,2872,4.4,2772,TRUE,4/18/2026
475,IKEA Kitchen Appliances Model-110,Home & Kitchen,Kitchen Appliances,Ikea,1607.1,695.33,4604,4.8,4555,FALSE,6/15/2024
476,Nespresso Kitchen Appliances Model-366,Home & Kitchen,Kitchen Appliances,Nespresso,2464.19,1173.18,3565,2.7,1737,FALSE,12/16/2024
477,Panasonic Kitchen Appliances Model-661,Home & Kitchen,Kitchen Appliances,Panasonic,3862.02,2651.02,3087,3,3146,TRUE,5/11/2023
478,Panasonic Kitchen Appliances Model-324,Home & Kitchen,Kitchen Appliances,Panasonic,1659.17,780.13,3638,3.6,4702,FALSE,7/26/2021
479,Philips Kitchen Appliances Model-691,Home & Kitchen,Kitchen Appliances,Philips,4763.84,3183.43,1211,2.9,3525,TRUE,8/18/2024
480,IKEA Kitchen Appliances Model-176,Home & Kitchen,Kitchen Appliances,Ikea,3084.5,1552.98,1485,3,2377,TRUE,2/28/2025
481,Dyson Kitchen Appliances Model-395,Home & Kitchen,Kitchen Appliances,Dyson,2498.7,1739.3,411,3.3,1348,TRUE,9/24/2025
482,Bosch Kitchen Appliances Model-748,Home & Kitchen,Kitchen Appliances,Bosch,53.28,21.37,3876,2.8,3413,TRUE,1/1/2026
483,Tefal Kitchen Appliances Model-756,Home & Kitchen,Kitchen Appliances,Tefal,4322.85,2460.14,1342,4,2209,TRUE,8/3/2025
484,Tefal Kitchen Appliances Model-519,Home & Kitchen,Kitchen Appliances,Tefal,2259.98,1160.03,4686,3.8,2597,TRUE,10/20/2025
485,Nespresso Kitchen Appliances Model-869,Home & Kitchen,Kitchen Appliances,Nespresso,474.74,232.34,1899,3.5,2988,TRUE,11/19/2025
486,Tefal Kitchen Appliances Model-639,Home & Kitchen,Kitchen Appliances,Tefal,3231.27,1631.86,3689,4.5,4144,TRUE,5/5/2026
487,Panasonic Kitchen Appliances Model-219,Home & Kitchen,Kitchen Appliances,Panasonic,1817.41,860.4,4384,3.1,2149,TRUE,9/27/2025
488,Tefal Kitchen Appliances Model-545,Home & Kitchen,Kitchen Appliances,Tefal,331.96,157,4624,3.3,2776,FALSE,10/24/2021
489,Tefal Kitchen Appliances Model-384,Home & Kitchen,Kitchen Appliances,Tefal,2388.89,1125.41,1292,2.7,1820,TRUE,10/11/2024
490,Tefal Kitchen Appliances Model-492,Home & Kitchen,Kitchen Appliances,Tefal,2227.43,1494.03,595,4.5,666,FALSE,9/22/2022
491,Bosch Kitchen Appliances Model-991,Home & Kitchen,Kitchen Appliances,Bosch,2468.95,1482.96,1809,2.8,1535,TRUE,3/3/2026
492,Panasonic Kitchen Appliances Model-161,Home & Kitchen,Kitchen Appliances,Panasonic,152.06,75.59,100,3.3,2872,TRUE,11/30/2023
493,Philips Kitchen Appliances Model-663,Home & Kitchen,Kitchen Appliances,Philips,1905.12,970.27,265,3.3,4647,TRUE,5/30/2025
494,Philips Kitchen Appliances Model-289,Home & Kitchen,Kitchen Appliances,Philips,1393.47,678.81,1029,4.6,3844,TRUE,7/5/2020
495,Philips Kitchen Appliances Model-352,Home & Kitchen,Kitchen Appliances,Philips,3054.24,2080.92,453,4.4,3329,TRUE,8/27/2021
496,Philips Kitchen Appliances Model-910,Home & Kitchen,Kitchen Appliances,Philips,1865.58,855.23,3018,4,3869,TRUE,7/25/2025
497,Dyson Kitchen Appliances Model-684,Home & Kitchen,Kitchen Appliances,Dyson,2713.09,1407.51,1281,3.8,983,FALSE,1/1/2019
498,Nespresso Kitchen Appliances Model-600,Home & Kitchen,Kitchen Appliances,Nespresso,2455.53,1544.95,2664,4.1,4130,TRUE,5/4/2024
499,Philips Kitchen Appliances Model-535,Home & Kitchen,Kitchen Appliances,Philips,2330.7,1105.37,4816,4.8,3732,TRUE,7/7/2025
500,Dyson Kitchen Appliances Model-842,Home & Kitchen,Kitchen Appliances,Dyson,4066.64,1928.31,3582,4.6,3374,TRUE,5/20/2025
501,Dyson Home Decor Model-610,Home & Kitchen,Home Decor,Dyson,2851.22,1570.95,2669,4.8,91,TRUE,3/17/2026
502,Bosch Home Decor Model-472,Home & Kitchen,Home Decor,Bosch,1394.43,834.61,3634,4.3,4920,FALSE,10/5/2020
503,Nespresso Home Decor Model-846,Home & Kitchen,Home Decor,Nespresso,4474.63,3118.26,222,4.2,141,FALSE,11/12/2025
504,Philips Home Decor Model-806,Home & Kitchen,Home Decor,Philips,3556.24,2435.57,3315,3.4,3675,TRUE,11/16/2022
505,Bosch Home Decor Model-116,Home & Kitchen,Home Decor,Bosch,1935.2,967.15,2492,4.2,2877,FALSE,8/9/2024
506,IKEA Home Decor Model-552,Home & Kitchen,Home Decor,Ikea,347.76,172.44,4784,3.9,3623,TRUE,2/12/2022
507,Panasonic Home Decor Model-666,Home & Kitchen,Home Decor,Panasonic,3191.17,1363.17,4835,4.5,4530,FALSE,5/21/2019
508,Nespresso Home Decor Model-411,Home & Kitchen,Home Decor,Nespresso,3359.57,1351.03,2697,4.3,1642,TRUE,2/2/2023
509,Philips Home Decor Model-446,Home & Kitchen,Home Decor,Philips,3710.85,2172.99,3909,2.9,4272,TRUE,12/11/2025
510,Bosch Home Decor Model-564,Home & Kitchen,Home Decor,Bosch,175.85,109.42,196,3.4,1555,TRUE,8/2/2023
511,Nespresso Home Decor Model-286,Home & Kitchen,Home Decor,Nespresso,2082.89,873.66,1052,3.8,2601,FALSE,2/20/2025
512,Philips Home Decor Model-900,Home & Kitchen,Home Decor,Philips,2768.43,1130.7,1500,3.7,4265,TRUE,7/8/2021
513,Tefal Home Decor Model-933,Home & Kitchen,Home Decor,Tefal,2850.12,1616.09,1274,2.8,4698,TRUE,6/24/2022
514,IKEA Home Decor Model-205,Home & Kitchen,Home Decor,Ikea,1121.25,609.77,20,4.7,3490,TRUE,5/8/2025
515,IKEA Home Decor Model-641,Home & Kitchen,Home Decor,Ikea,4146.1,2121.12,1767,2.6,4581,TRUE,8/17/2024
516,Philips Home Decor Model-535,Home & Kitchen,Home Decor,Philips,4889.11,3097.3,4226,4.8,3468,FALSE,10/25/2020
517,Philips Home Decor Model-535,Home & Kitchen,Home Decor,Philips,2683.29,1343.77,3389,2.6,3269,FALSE,5/23/2024
518,Bosch Home Decor Model-458,Home & Kitchen,Home Decor,Bosch,4978.45,2833.92,3677,4.5,2679,TRUE,2/16/2020
519,Panasonic Home Decor Model-862,Home & Kitchen,Home Decor,Panasonic,25,15.68,3620,3.7,1071,TRUE,2/18/2019
520,Bosch Home Decor Model-436,Home & Kitchen,Home Decor,Bosch,205.11,124.4,4367,4.1,4113,TRUE,4/16/2019
521,Dyson Home Decor Model-427,Home & Kitchen,Home Decor,Dyson,2707.49,1737.61,4330,3.6,1730,TRUE,6/7/2024
522,Nespresso Home Decor Model-468,Home & Kitchen,Home Decor,Nespresso,1466.89,931.85,1220,2.6,174,TRUE,3/26/2022
523,IKEA Home Decor Model-393,Home & Kitchen,Home Decor,Ikea,91.92,39.13,485,4.5,2481,TRUE,4/23/2020
524,Tefal Home Decor Model-635,Home & Kitchen,Home Decor,Tefal,1901.09,1143.19,3507,4.4,938,TRUE,11/7/2022
525,Dyson Home Decor Model-491,Home & Kitchen,Home Decor,Dyson,1839.95,1270.97,731,3.1,2330,TRUE,2/2/2022
526,Tefal Home Decor Model-464,Home & Kitchen,Home Decor,Tefal,3321.19,1373.35,339,4.7,2554,TRUE,3/10/2025
527,Bosch Home Decor Model-756,Home & Kitchen,Home Decor,Bosch,179.24,101.47,1128,2.8,3912,TRUE,7/22/2023
528,Panasonic Home Decor Model-737,Home & Kitchen,Home Decor,Panasonic,4460.26,2696.37,3149,3.3,2521,TRUE,9/22/2022
529,Tefal Home Decor Model-856,Home & Kitchen,Home Decor,Tefal,3249.13,1978.08,4146,4.9,1845,FALSE,5/14/2021
530,Nespresso Home Decor Model-399,Home & Kitchen,Home Decor,Nespresso,1095.5,598.33,1349,3.3,2664,TRUE,6/7/2024
531,IKEA Home Decor Model-326,Home & Kitchen,Home Decor,Ikea,2624.65,1235.46,529,4.5,2431,TRUE,12/3/2021
532,Dyson Bedding Model-902,Home & Kitchen,Bedding,Dyson,3183.9,1858.67,3333,3.5,2029,TRUE,6/16/2019
533,Dyson Bedding Model-465,Home & Kitchen,Bedding,Dyson,183.98,85.28,4495,2.5,4506,FALSE,7/23/2024
534,Dyson Bedding Model-423,Home & Kitchen,Bedding,Dyson,836.93,361.01,83,4.2,3084,TRUE,11/28/2023
535,IKEA Bedding Model-614,Home & Kitchen,Bedding,Ikea,2827.5,1932.78,1726,2.7,113,TRUE,6/19/2023
536,Tefal Bedding Model-674,Home & Kitchen,Bedding,Tefal,4796.64,2066.37,145,3.1,4469,TRUE,4/5/2023
537,Nespresso Bedding Model-284,Home & Kitchen,Bedding,Nespresso,551.82,311.7,2988,2.6,3121,TRUE,8/26/2022
538,Bosch Bedding Model-494,Home & Kitchen,Bedding,Bosch,4638.13,3240.19,3028,3.6,915,TRUE,12/1/2022
539,Philips Bedding Model-230,Home & Kitchen,Bedding,Philips,2114.3,1125.68,4861,3.8,3233,TRUE,10/24/2020
540,Panasonic Bedding Model-698,Home & Kitchen,Bedding,Panasonic,3782.02,1915.2,4081,4.5,4787,TRUE,6/23/2024
541,Bosch Bedding Model-668,Home & Kitchen,Bedding,Bosch,1825.66,763.09,4620,4.1,3697,TRUE,3/24/2024
542,Philips Bedding Model-191,Home & Kitchen,Bedding,Philips,3263.62,2048.03,4063,2.7,3475,TRUE,2/11/2022
543,Philips Bedding Model-946,Home & Kitchen,Bedding,Philips,1919.45,815.28,2068,3.6,3419,TRUE,6/1/2019
544,Panasonic Bedding Model-884,Home & Kitchen,Bedding,Panasonic,1331.9,574.63,1518,3.6,2325,TRUE,8/10/2024
545,Dyson Bedding Model-713,Home & Kitchen,Bedding,Dyson,3168.03,2125.36,3392,4.3,2341,TRUE,11/18/2021
546,IKEA Bedding Model-959,Home & Kitchen,Bedding,Ikea,3302.7,1889.17,938,4.6,3792,TRUE,11/7/2021
547,Nespresso Bedding Model-948,Home & Kitchen,Bedding,Nespresso,2534.85,1339.85,171,4,4485,TRUE,12/25/2023
548,Philips Bedding Model-433,Home & Kitchen,Bedding,Philips,2975.2,1846.96,2559,4.7,3893,FALSE,1/10/2019
549,Dyson Bedding Model-388,Home & Kitchen,Bedding,Dyson,4010.22,2397.99,991,3.3,2142,TRUE,1/14/2019
550,Panasonic Bedding Model-810,Home & Kitchen,Bedding,Panasonic,860.08,376.02,2886,3,1269,TRUE,12/17/2022
551,Bosch Bedding Model-670,Home & Kitchen,Bedding,Bosch,1933.08,887.74,3524,4.3,723,TRUE,12/24/2024
552,Bosch Bedding Model-983,Home & Kitchen,Bedding,Bosch,4694.88,2846.88,2823,2.7,72,TRUE,1/23/2022
553,Philips Bedding Model-743,Home & Kitchen,Bedding,Philips,4354.96,2214.97,1158,4.7,2779,TRUE,2/15/2023
554,Tefal Bedding Model-615,Home & Kitchen,Bedding,Tefal,4514.05,2670.44,4182,4.8,4305,TRUE,2/24/2019
555,Tefal Bedding Model-173,Home & Kitchen,Bedding,Tefal,790.21,351.95,1541,3,267,TRUE,5/13/2026
556,Nespresso Bedding Model-642,Home & Kitchen,Bedding,Nespresso,1067.34,726.74,2033,2.9,3849,TRUE,1/23/2024
557,Philips Bedding Model-999,Home & Kitchen,Bedding,Philips,1226.78,641.39,3676,3.6,3518,FALSE,4/8/2022
558,Tefal Bedding Model-443,Home & Kitchen,Bedding,Tefal,4411.62,2971.03,4167,4.6,4756,TRUE,4/26/2023
559,Nespresso Bedding Model-755,Home & Kitchen,Bedding,Nespresso,4847.96,2966.54,2410,4,1237,TRUE,1/4/2022
560,Nespresso Bedding Model-906,Home & Kitchen,Bedding,Nespresso,3056.77,1289.58,3416,3.7,4054,TRUE,7/10/2023
561,Tefal Bedding Model-826,Home & Kitchen,Bedding,Tefal,2528.12,1629.36,37,4.8,2706,TRUE,7/15/2023
562,Dyson Bedding Model-549,Home & Kitchen,Bedding,Dyson,2119.23,1258.51,1714,4.4,260,TRUE,11/6/2019
563,IKEA Lighting Model-828,Home & Kitchen,Lighting,Ikea,4510.69,2855.77,879,3.7,4889,TRUE,10/30/2022
564,Philips Lighting Model-312,Home & Kitchen,Lighting,Philips,1519.01,860.33,4374,3.1,1635,TRUE,5/3/2026
565,Bosch Lighting Model-780,Home & Kitchen,Lighting,Bosch,3979.49,2715.68,785,3.8,863,FALSE,7/8/2023
566,Bosch Lighting Model-111,Home & Kitchen,Lighting,Bosch,2707.35,1210.88,3468,2.8,477,TRUE,9/11/2025
567,Philips Lighting Model-956,Home & Kitchen,Lighting,Philips,2508.66,1525.11,2993,4.9,589,TRUE,12/19/2022
568,Bosch Lighting Model-784,Home & Kitchen,Lighting,Bosch,3876.72,2590.53,4615,3.7,772,TRUE,6/8/2024
569,Philips Lighting Model-188,Home & Kitchen,Lighting,Philips,1307.85,860.67,4749,4.5,176,FALSE,10/13/2023
570,IKEA Lighting Model-966,Home & Kitchen,Lighting,Ikea,2505.54,1140.03,3113,3.4,2373,FALSE,6/5/2019
571,Philips Lighting Model-768,Home & Kitchen,Lighting,Philips,2057.89,930.94,1175,3.3,4050,TRUE,8/15/2020
572,Bosch Lighting Model-900,Home & Kitchen,Lighting,Bosch,532.78,301.06,1199,4.7,3491,TRUE,9/29/2021
573,Bosch Lighting Model-525,Home & Kitchen,Lighting,Bosch,225.13,98.52,494,3.8,271,TRUE,8/16/2022
574,Panasonic Lighting Model-728,Home & Kitchen,Lighting,Panasonic,2405.54,1604.5,4066,4.8,144,FALSE,7/10/2020
575,Dyson Lighting Model-636,Home & Kitchen,Lighting,Dyson,3079.49,1291.2,4623,5,3912,TRUE,1/23/2021
576,Panasonic Lighting Model-643,Home & Kitchen,Lighting,Panasonic,4780.52,2479.65,3065,2.6,4369,TRUE,9/12/2023
577,Nespresso Lighting Model-500,Home & Kitchen,Lighting,Nespresso,473.79,268.71,1343,2.8,343,FALSE,7/14/2021
578,Tefal Lighting Model-155,Home & Kitchen,Lighting,Tefal,4928.34,2748.22,3714,2.7,2298,TRUE,6/27/2025
579,IKEA Lighting Model-110,Home & Kitchen,Lighting,Ikea,983.1,571.02,1270,2.6,426,TRUE,5/22/2023
580,Philips Lighting Model-140,Home & Kitchen,Lighting,Philips,1995.04,1086.72,1452,5,2330,FALSE,3/15/2022
581,Nespresso Lighting Model-768,Home & Kitchen,Lighting,Nespresso,4128.37,2207.3,4287,4.3,4338,TRUE,9/16/2019
582,Philips Lighting Model-333,Home & Kitchen,Lighting,Philips,849.51,475.63,2704,4.8,1250,TRUE,12/9/2020
583,Philips Lighting Model-786,Home & Kitchen,Lighting,Philips,2878.74,1737.89,2686,3.1,918,TRUE,8/24/2025
584,Dyson Lighting Model-354,Home & Kitchen,Lighting,Dyson,4268.92,2412.79,2422,3.7,3013,TRUE,8/19/2021
585,Dyson Lighting Model-649,Home & Kitchen,Lighting,Dyson,435.73,226.82,2550,3.4,2197,FALSE,2/14/2025
586,IKEA Lighting Model-933,Home & Kitchen,Lighting,Ikea,296.58,174.61,4702,2.9,2208,FALSE,6/6/2021
587,Tefal Lighting Model-713,Home & Kitchen,Lighting,Tefal,2061.34,1341.42,1983,3.7,2870,TRUE,2/28/2026
588,Dyson Lighting Model-117,Home & Kitchen,Lighting,Dyson,1833.87,887.67,2754,3.9,4420,FALSE,1/18/2023
589,IKEA Lighting Model-859,Home & Kitchen,Lighting,Ikea,77.92,42.85,3807,4.9,4760,TRUE,2/10/2021
590,IKEA Lighting Model-248,Home & Kitchen,Lighting,Ikea,2224.57,953.22,637,4.5,2970,TRUE,3/4/2022
591,Philips Lighting Model-212,Home & Kitchen,Lighting,Philips,1055.29,677.35,3070,4.2,4756,FALSE,12/19/2021
592,IKEA Lighting Model-185,Home & Kitchen,Lighting,Ikea,586.5,289.57,253,2.7,1637,TRUE,8/31/2022
593,Philips Lighting Model-545,Home & Kitchen,Lighting,Philips,45.6,20.52,1426,4.5,3139,TRUE,5/11/2025
594,IKEA Storage Model-861,Home & Kitchen,Storage,Ikea,4948.56,2389.65,3164,3.5,1857,TRUE,4/24/2020
595,Tefal Storage Model-153,Home & Kitchen,Storage,Tefal,481.51,323.21,1279,3,63,TRUE,5/1/2024
596,IKEA Storage Model-223,Home & Kitchen,Storage,Ikea,3458.58,2008.12,4768,3.2,3810,TRUE,7/9/2019
597,Bosch Storage Model-718,Home & Kitchen,Storage,Bosch,3814.42,2287.75,4691,3.4,4539,TRUE,9/15/2025
598,Dyson Storage Model-961,Home & Kitchen,Storage,Dyson,67.96,44.1,2725,3.5,3612,TRUE,2/24/2026
599,Bosch Storage Model-527,Home & Kitchen,Storage,Bosch,794.92,555.9,2988,4,712,FALSE,11/6/2023
600,Philips Storage Model-370,Home & Kitchen,Storage,Philips,1813.94,785.12,230,2.9,1521,FALSE,5/15/2024
601,IKEA Storage Model-524,Home & Kitchen,Storage,Ikea,281.07,139.96,3468,2.6,2415,TRUE,3/2/2021
602,Bosch Storage Model-550,Home & Kitchen,Storage,Bosch,4419.27,2356.08,664,4.2,4751,TRUE,2/13/2023
603,Tefal Storage Model-445,Home & Kitchen,Storage,Tefal,436.4,199.65,1052,4.3,4040,TRUE,10/30/2020
604,Tefal Storage Model-423,Home & Kitchen,Storage,Tefal,4925.3,2748.69,4281,4.1,4293,TRUE,7/1/2023
605,Panasonic Storage Model-982,Home & Kitchen,Storage,Panasonic,3646.19,1731.15,3910,4.9,2598,TRUE,1/19/2020
606,IKEA Storage Model-840,Home & Kitchen,Storage,Ikea,1297.71,621.51,1287,3.2,4102,TRUE,2/1/2023
607,Bosch Storage Model-550,Home & Kitchen,Storage,Bosch,4831.1,2246.7,1670,3.6,3849,TRUE,1/14/2020
608,Nespresso Storage Model-100,Home & Kitchen,Storage,Nespresso,4457.86,2695.75,3295,4,2541,TRUE,5/5/2026
609,IKEA Storage Model-587,Home & Kitchen,Storage,Ikea,2718.32,1691.02,40,3,60,TRUE,4/14/2026
610,Panasonic Storage Model-604,Home & Kitchen,Storage,Panasonic,462.9,241.17,731,3.7,3169,TRUE,4/24/2021
611,Dyson Storage Model-216,Home & Kitchen,Storage,Dyson,4385.42,1890.37,1029,3.6,4360,TRUE,1/6/2020
612,Dyson Storage Model-746,Home & Kitchen,Storage,Dyson,4762.3,3088.24,719,3.6,242,TRUE,7/26/2022
613,Tefal Storage Model-466,Home & Kitchen,Storage,Tefal,2939.79,2018.18,3456,3.1,251,TRUE,5/22/2025
614,IKEA Storage Model-972,Home & Kitchen,Storage,Ikea,3331.86,1982.42,2598,3.2,1063,FALSE,8/23/2019
615,Dyson Storage Model-548,Home & Kitchen,Storage,Dyson,4472.77,2531.08,1216,4.6,615,TRUE,9/22/2023
616,Panasonic Storage Model-377,Home & Kitchen,Storage,Panasonic,1408,885.19,1413,3.3,571,TRUE,11/4/2021
617,Tefal Storage Model-398,Home & Kitchen,Storage,Tefal,1592.35,951.69,3575,2.9,4326,TRUE,6/3/2020
618,Philips Storage Model-163,Home & Kitchen,Storage,Philips,4762.14,2825.21,2407,2.8,600,TRUE,9/28/2023
619,Nespresso Storage Model-156,Home & Kitchen,Storage,Nespresso,1315.94,614.93,4895,4.5,801,TRUE,11/17/2025
620,Philips Storage Model-805,Home & Kitchen,Storage,Philips,1197.95,631.04,2609,2.9,4057,TRUE,10/6/2023
621,Bosch Storage Model-879,Home & Kitchen,Storage,Bosch,1630.51,1104.88,807,4.9,2214,TRUE,2/9/2019
622,Tefal Storage Model-431,Home & Kitchen,Storage,Tefal,178.33,105.87,2359,2.8,1746,FALSE,4/29/2026
623,IKEA Storage Model-757,Home & Kitchen,Storage,Ikea,4657.43,2805.12,3483,4.4,1983,TRUE,2/18/2019
624,MAC Skincare Model-800,Beauty & Health,Skincare,Mac,2997.12,1239.77,3961,3.8,4723,TRUE,1/29/2024
625,Clinique Skincare Model-214,Beauty & Health,Skincare,Clinique,1884.95,1069.2,4316,3.1,112,TRUE,3/12/2020
626,Clinique Skincare Model-749,Beauty & Health,Skincare,Clinique,3371.66,2217.2,2279,4.1,4001,TRUE,8/3/2024
627,Maybelline Skincare Model-818,Beauty & Health,Skincare,Maybelline,1198.21,559.41,4986,3.7,3539,FALSE,5/22/2019
628,L'Oreal Skincare Model-614,Beauty & Health,Skincare,L'Oreal,3327.62,2101.49,1279,4.6,2972,TRUE,11/10/2019
629,Clinique Skincare Model-819,Beauty & Health,Skincare,Clinique,4045.17,2205.05,2619,2.6,33,TRUE,4/24/2024
630,L'Oreal Skincare Model-865,Beauty & Health,Skincare,L'Oreal,422.21,183.52,2682,4.1,4563,FALSE,1/5/2022
631,Clinique Skincare Model-735,Beauty & Health,Skincare,Clinique,99.07,50.28,4625,2.6,2902,TRUE,9/19/2025
632,Nivea Skincare Model-684,Beauty & Health,Skincare,Nivea,2420.63,1079.48,552,3.8,3661,TRUE,5/19/2023
633,Dove Skincare Model-506,Beauty & Health,Skincare,Dove,2531.58,1731.34,4967,4,1408,TRUE,11/12/2019
634,Dove Skincare Model-197,Beauty & Health,Skincare,Dove,4700.14,2007.5,2837,4.7,288,FALSE,12/28/2020
635,Clinique Skincare Model-761,Beauty & Health,Skincare,Clinique,2444.96,1632.21,212,3.8,4364,TRUE,6/1/2023
636,MAC Skincare Model-191,Beauty & Health,Skincare,Mac,3997.31,2512.87,1229,4.9,964,FALSE,7/14/2025
637,Nivea Skincare Model-999,Beauty & Health,Skincare,Nivea,3017.35,1708.8,1312,3,666,TRUE,9/10/2022
638,Dove Skincare Model-240,Beauty & Health,Skincare,Dove,2435.37,1227.1,1754,3.8,2818,FALSE,5/19/2020
639,Dove Skincare Model-571,Beauty & Health,Skincare,Dove,882.57,538.18,2139,2.7,2287,TRUE,7/27/2024
640,Clinique Skincare Model-293,Beauty & Health,Skincare,Clinique,3544.88,1571.06,2584,4.1,1904,FALSE,11/7/2021
641,Maybelline Skincare Model-203,Beauty & Health,Skincare,Maybelline,4541.93,2738.19,2535,4.3,97,TRUE,1/28/2021
642,L'Oreal Skincare Model-344,Beauty & Health,Skincare,L'Oreal,2202.04,1472.98,2137,2.8,4163,FALSE,9/26/2019
643,MAC Skincare Model-394,Beauty & Health,Skincare,Mac,3547.46,1571.67,412,4.9,2697,TRUE,9/13/2022
644,Maybelline Skincare Model-756,Beauty & Health,Skincare,Maybelline,4762.09,3057.36,17,4.7,4707,TRUE,1/10/2023
645,Clinique Skincare Model-800,Beauty & Health,Skincare,Clinique,4243.45,2394.23,4049,4,4971,TRUE,6/8/2023
646,Nivea Skincare Model-286,Beauty & Health,Skincare,Nivea,3360.32,1836.64,3771,4,3717,TRUE,6/30/2021
647,MAC Skincare Model-201,Beauty & Health,Skincare,Mac,3611.08,1901.9,585,2.8,1217,TRUE,9/7/2021
648,Nivea Skincare Model-775,Beauty & Health,Skincare,Nivea,527.31,351.42,603,3.1,1699,TRUE,3/13/2020
649,L'Oreal Skincare Model-292,Beauty & Health,Skincare,L'Oreal,2382.37,1219.5,363,2.9,2131,FALSE,6/20/2025
650,Nivea Skincare Model-952,Beauty & Health,Skincare,Nivea,4773.85,3021.17,2362,4.3,848,TRUE,5/14/2021
651,Maybelline Skincare Model-229,Beauty & Health,Skincare,Maybelline,4115.65,1870.18,1393,4.8,4568,FALSE,10/18/2021
652,MAC Skincare Model-820,Beauty & Health,Skincare,Mac,3765.52,2477.83,3887,2.6,4714,TRUE,4/28/2021
653,MAC Skincare Model-207,Beauty & Health,Skincare,Mac,4156.52,1972.54,97,5,2893,FALSE,10/27/2024
654,Maybelline Skincare Model-273,Beauty & Health,Skincare,Maybelline,2403.83,1050.88,914,3.6,4537,TRUE,7/29/2020
655,Clinique Makeup Model-106,Beauty & Health,Makeup,Clinique,279.88,163.78,4882,3,553,TRUE,3/13/2020
656,MAC Makeup Model-559,Beauty & Health,Makeup,Mac,1167.11,761.81,2470,3.2,4903,TRUE,1/22/2025
657,L'Oreal Makeup Model-753,Beauty & Health,Makeup,L'Oreal,994.74,480.95,3585,4.7,1894,TRUE,1/28/2020
658,Maybelline Makeup Model-556,Beauty & Health,Makeup,Maybelline,3966.92,1659.6,2049,3.9,3241,TRUE,6/8/2022
659,Estee Lauder Makeup Model-415,Beauty & Health,Makeup,Estee Lauder,1837.56,752.21,3999,4.7,124,TRUE,8/7/2022
660,Maybelline Makeup Model-429,Beauty & Health,Makeup,Maybelline,4591.91,2732.2,4159,3.8,1674,TRUE,3/10/2025
661,Clinique Makeup Model-227,Beauty & Health,Makeup,Clinique,514.58,326.1,224,4.2,1467,TRUE,10/20/2024
662,Nivea Makeup Model-239,Beauty & Health,Makeup,Nivea,299.21,185.14,4382,3.2,3942,TRUE,10/27/2022
663,MAC Makeup Model-462,Beauty & Health,Makeup,Mac,2436.78,1134.94,574,5,3491,TRUE,2/15/2020
664,Nivea Makeup Model-926,Beauty & Health,Makeup,Nivea,4422.42,3025.66,1772,4.4,3655,TRUE,4/11/2023
665,Dove Makeup Model-605,Beauty & Health,Makeup,Dove,2086.3,872.61,3289,3,1908,TRUE,2/14/2020
666,MAC Makeup Model-170,Beauty & Health,Makeup,Mac,3945.95,2429.09,764,5,4835,TRUE,10/12/2022
667,Clinique Makeup Model-709,Beauty & Health,Makeup,Clinique,1108.89,525.03,1683,4.3,1559,TRUE,8/22/2019
668,Maybelline Makeup Model-737,Beauty & Health,Makeup,Maybelline,2443.45,1033.95,3821,2.5,1760,FALSE,6/1/2025
669,Clinique Makeup Model-128,Beauty & Health,Makeup,Clinique,3264.13,1711.22,4411,4,416,TRUE,3/20/2022
670,Nivea Makeup Model-146,Beauty & Health,Makeup,Nivea,2591.63,1407.37,790,3.5,2214,FALSE,5/7/2022
671,Maybelline Makeup Model-672,Beauty & Health,Makeup,Maybelline,1499.79,721.4,3917,3.1,2950,TRUE,9/6/2019
672,Estee Lauder Makeup Model-436,Beauty & Health,Makeup,Estee Lauder,2128.75,1384.42,4714,4.2,197,TRUE,6/15/2021
673,Dove Makeup Model-551,Beauty & Health,Makeup,Dove,4037.27,2371.01,980,2.8,3688,TRUE,5/21/2019
674,MAC Makeup Model-661,Beauty & Health,Makeup,Mac,1734.46,1116.67,4958,2.6,1918,TRUE,8/7/2022
675,L'Oreal Makeup Model-650,Beauty & Health,Makeup,L'Oreal,4602.76,1977.41,4951,4.4,3394,TRUE,2/11/2022
676,Nivea Makeup Model-820,Beauty & Health,Makeup,Nivea,2182.82,1165.65,4412,4.4,3663,TRUE,4/20/2022
677,Maybelline Makeup Model-422,Beauty & Health,Makeup,Maybelline,177.75,84.98,2961,4.8,3030,TRUE,9/16/2023
678,Dove Makeup Model-387,Beauty & Health,Makeup,Dove,3989.85,1607.45,1427,2.6,3224,FALSE,7/18/2022
679,MAC Makeup Model-795,Beauty & Health,Makeup,Mac,3684.25,1741.99,196,2.7,2109,TRUE,5/26/2022
680,Estee Lauder Makeup Model-855,Beauty & Health,Makeup,Estee Lauder,176.01,103.63,427,3.5,3921,TRUE,5/27/2025
681,L'Oreal Makeup Model-902,Beauty & Health,Makeup,L'Oreal,4216.09,2679.57,3550,3.4,4252,TRUE,1/23/2019
682,L'Oreal Makeup Model-400,Beauty & Health,Makeup,L'Oreal,77.62,31.92,2399,4.3,2087,TRUE,10/28/2021
683,MAC Makeup Model-641,Beauty & Health,Makeup,Mac,2315.19,1476.12,2422,4.3,4386,FALSE,12/8/2022
684,Maybelline Makeup Model-119,Beauty & Health,Makeup,Maybelline,1812.79,878.51,4518,4,1163,TRUE,6/12/2023
685,Dove Makeup Model-554,Beauty & Health,Makeup,Dove,681.41,358.84,681,4.9,4344,TRUE,4/11/2024
686,Nivea Hair Care Model-191,Beauty & Health,Hair Care,Nivea,3695.01,2572.92,918,2.9,874,FALSE,12/16/2022
687,Maybelline Hair Care Model-481,Beauty & Health,Hair Care,Maybelline,3409.51,1425.05,962,3.4,2702,TRUE,6/16/2022
688,Maybelline Hair Care Model-122,Beauty & Health,Hair Care,Maybelline,553.16,294.15,578,4.4,2103,TRUE,2/1/2026
689,Dove Hair Care Model-592,Beauty & Health,Hair Care,Dove,3421.98,2343.44,3966,4.6,3172,TRUE,2/20/2020
690,Clinique Hair Care Model-334,Beauty & Health,Hair Care,Clinique,208.95,132.28,1280,4.3,996,FALSE,7/5/2023
691,Dove Hair Care Model-470,Beauty & Health,Hair Care,Dove,298.97,147.15,3078,2.7,4177,TRUE,4/13/2022
692,Nivea Hair Care Model-529,Beauty & Health,Hair Care,Nivea,1904.83,923.57,4137,4,1474,TRUE,6/16/2022
693,L'Oreal Hair Care Model-655,Beauty & Health,Hair Care,L'Oreal,4707.96,2205.11,4165,4.7,551,TRUE,9/18/2021
694,Estee Lauder Hair Care Model-230,Beauty & Health,Hair Care,Estee Lauder,2225.22,1071.57,2285,4.4,4879,TRUE,6/26/2025
695,Dove Hair Care Model-432,Beauty & Health,Hair Care,Dove,3743.35,2596.91,756,4.3,2180,TRUE,12/11/2024
696,MAC Hair Care Model-120,Beauty & Health,Hair Care,Mac,4962.34,3308.5,4705,4.2,3149,TRUE,2/7/2025
697,Nivea Hair Care Model-340,Beauty & Health,Hair Care,Nivea,4486.23,2981.51,4751,2.9,2369,FALSE,4/13/2025
698,L'Oreal Hair Care Model-588,Beauty & Health,Hair Care,L'Oreal,3223.66,2016.67,3919,3.5,3910,FALSE,11/9/2021
699,Estee Lauder Hair Care Model-310,Beauty & Health,Hair Care,Estee Lauder,2865.12,1535.22,370,3.3,2246,TRUE,12/7/2022
700,L'Oreal Hair Care Model-975,Beauty & Health,Hair Care,L'Oreal,2818.89,1582.54,1004,3.6,4409,FALSE,6/9/2022
701,Dove Hair Care Model-568,Beauty & Health,Hair Care,Dove,2181.73,1155.79,3279,4.4,668,TRUE,9/29/2025
702,Maybelline Hair Care Model-267,Beauty & Health,Hair Care,Maybelline,4471.7,2299.19,2073,2.8,4725,TRUE,4/8/2020
703,Dove Hair Care Model-693,Beauty & Health,Hair Care,Dove,2181.79,1197.51,126,3.8,2908,FALSE,1/7/2024
704,Nivea Hair Care Model-126,Beauty & Health,Hair Care,Nivea,2880.06,1694.93,3572,4.3,1741,FALSE,6/9/2024
705,L'Oreal Hair Care Model-976,Beauty & Health,Hair Care,L'Oreal,3311.25,1600.14,3648,3.7,3942,TRUE,1/17/2022
706,L'Oreal Hair Care Model-561,Beauty & Health,Hair Care,L'Oreal,1783.63,1166.07,3834,4.9,453,TRUE,2/4/2023
707,Clinique Hair Care Model-187,Beauty & Health,Hair Care,Clinique,101.18,51.4,2310,3.1,2311,TRUE,3/6/2026
708,Estee Lauder Hair Care Model-808,Beauty & Health,Hair Care,Estee Lauder,3923.35,2302.6,4409,3.3,2652,TRUE,2/25/2023
709,Dove Hair Care Model-321,Beauty & Health,Hair Care,Dove,4966.87,2717.79,2188,4.8,4502,TRUE,1/2/2023
710,Nivea Hair Care Model-826,Beauty & Health,Hair Care,Nivea,3665.49,2201.97,3878,3.5,3358,TRUE,9/18/2021
711,Estee Lauder Hair Care Model-378,Beauty & Health,Hair Care,Estee Lauder,1697.94,1174.07,26,4.3,2735,TRUE,5/4/2025
712,Nivea Hair Care Model-899,Beauty & Health,Hair Care,Nivea,4760.55,1918.31,3680,2.9,3851,TRUE,12/2/2024
713,Clinique Hair Care Model-893,Beauty & Health,Hair Care,Clinique,3536.81,1566.36,3187,3.9,4157,FALSE,9/4/2019
714,Clinique Hair Care Model-379,Beauty & Health,Hair Care,Clinique,2781.06,1814.5,1290,4.3,3492,FALSE,4/4/2019
715,Maybelline Hair Care Model-533,Beauty & Health,Hair Care,Maybelline,2054.64,1321.73,4426,2.6,1535,FALSE,11/18/2023
716,Clinique Hair Care Model-370,Beauty & Health,Hair Care,Clinique,4376.95,2461.1,4915,4.9,2338,TRUE,1/16/2023
717,L'Oreal Hair Care Model-593,Beauty & Health,Hair Care,L'Oreal,292.6,169.98,3261,4.5,3541,TRUE,7/6/2021
718,Dove Fragrances Model-578,Beauty & Health,Fragrances,Dove,4354.64,2631.2,2097,2.8,4022,TRUE,9/17/2023
719,Nivea Fragrances Model-166,Beauty & Health,Fragrances,Nivea,2825.61,1627.34,3191,3,3508,TRUE,3/30/2019
720,Estee Lauder Fragrances Model-582,Beauty & Health,Fragrances,Estee Lauder,4183.41,2680.92,2810,4,2820,TRUE,2/10/2020
721,Dove Fragrances Model-457,Beauty & Health,Fragrances,Dove,3036.13,1603.46,3902,3.8,3935,TRUE,5/2/2021
722,L'Oreal Fragrances Model-147,Beauty & Health,Fragrances,L'Oreal,2396.46,973.78,518,3,2522,TRUE,8/2/2020
723,Maybelline Fragrances Model-591,Beauty & Health,Fragrances,Maybelline,4735.24,2319.77,1456,4.6,3540,TRUE,2/15/2022
724,MAC Fragrances Model-665,Beauty & Health,Fragrances,Mac,1414.22,567.29,3107,4.2,2887,TRUE,4/28/2020
725,Clinique Fragrances Model-686,Beauty & Health,Fragrances,Clinique,3474.38,2272.65,3444,4.8,322,TRUE,10/7/2019
726,L'Oreal Fragrances Model-666,Beauty & Health,Fragrances,L'Oreal,2716.57,1463.27,4911,4.8,2155,FALSE,1/3/2023
727,MAC Fragrances Model-184,Beauty & Health,Fragrances,Mac,1750.9,1043.64,225,4.5,1888,TRUE,2/14/2023
728,MAC Fragrances Model-542,Beauty & Health,Fragrances,Mac,4760.73,2875.45,4748,3.1,1776,TRUE,2/12/2021
729,MAC Fragrances Model-838,Beauty & Health,Fragrances,Mac,3381.57,1841.27,2351,4.7,4340,TRUE,4/26/2023
730,Maybelline Fragrances Model-590,Beauty & Health,Fragrances,Maybelline,2375.48,1122.17,4504,4.1,2658,TRUE,9/24/2021
731,L'Oreal Fragrances Model-848,Beauty & Health,Fragrances,L'Oreal,4083.31,1852.98,3674,3.7,1119,TRUE,2/3/2024
732,MAC Fragrances Model-176,Beauty & Health,Fragrances,Mac,1029.7,535.76,2930,2.6,2703,TRUE,3/21/2021
733,Maybelline Fragrances Model-732,Beauty & Health,Fragrances,Maybelline,2128.35,1238.48,2276,4.7,2500,TRUE,3/23/2024
734,Maybelline Fragrances Model-671,Beauty & Health,Fragrances,Maybelline,1978.93,1218.25,3992,4,1970,TRUE,9/1/2025
735,L'Oreal Fragrances Model-975,Beauty & Health,Fragrances,L'Oreal,4008.67,2236.72,3573,3.6,4148,FALSE,5/20/2024
736,Nivea Fragrances Model-651,Beauty & Health,Fragrances,Nivea,2494.34,1284.75,683,2.6,147,FALSE,4/4/2023
737,Clinique Fragrances Model-903,Beauty & Health,Fragrances,Clinique,4361.21,1960.88,3089,4.7,3120,TRUE,1/18/2021
738,Estee Lauder Fragrances Model-202,Beauty & Health,Fragrances,Estee Lauder,3749.25,2336.14,3981,3.1,4208,TRUE,7/30/2020
739,L'Oreal Fragrances Model-370,Beauty & Health,Fragrances,L'Oreal,1435.45,607.55,65,3.7,837,TRUE,7/5/2020
740,MAC Fragrances Model-386,Beauty & Health,Fragrances,Mac,3880.2,1842.34,2035,3.6,1474,FALSE,2/1/2023
741,Dove Fragrances Model-202,Beauty & Health,Fragrances,Dove,2650.25,1291.55,3241,3.1,2929,TRUE,5/3/2019
742,L'Oreal Fragrances Model-478,Beauty & Health,Fragrances,L'Oreal,2916.37,1349.43,516,4.2,248,TRUE,8/17/2022
743,MAC Fragrances Model-505,Beauty & Health,Fragrances,Mac,1517.69,808.74,1845,4.9,750,TRUE,5/8/2024
744,L'Oreal Fragrances Model-841,Beauty & Health,Fragrances,L'Oreal,3475.08,2117.04,537,5,3777,TRUE,5/12/2025
745,Maybelline Fragrances Model-561,Beauty & Health,Fragrances,Maybelline,470.45,238.91,227,4.5,1910,TRUE,1/27/2021
746,L'Oreal Fragrances Model-817,Beauty & Health,Fragrances,L'Oreal,3531.16,2469.93,3647,3,1745,TRUE,9/5/2025
747,Dove Fragrances Model-774,Beauty & Health,Fragrances,Dove,4058.31,1677.25,46,2.7,2370,TRUE,8/22/2023
748,Maybelline Fragrances Model-918,Beauty & Health,Fragrances,Maybelline,392.98,272.67,1294,4.8,1304,TRUE,3/5/2019
749,Dove Personal Care Model-636,Beauty & Health,Personal Care,Dove,395.95,203.67,2211,4.6,4862,FALSE,7/9/2023
750,L'Oreal Personal Care Model-765,Beauty & Health,Personal Care,L'Oreal,863.64,426.58,696,4.9,2218,TRUE,10/30/2022
751,MAC Personal Care Model-954,Beauty & Health,Personal Care,Mac,3612.12,1744.74,3858,2.7,4563,TRUE,5/14/2019
752,Nivea Personal Care Model-184,Beauty & Health,Personal Care,Nivea,1701.42,1136.98,1985,4.8,921,TRUE,11/8/2025
753,Estee Lauder Personal Care Model-159,Beauty & Health,Personal Care,Estee Lauder,3139.42,2037.98,1237,3.7,4918,TRUE,1/27/2022
754,Estee Lauder Personal Care Model-874,Beauty & Health,Personal Care,Estee Lauder,4635.43,2541.69,3970,4,3417,TRUE,9/2/2022
755,Nivea Personal Care Model-962,Beauty & Health,Personal Care,Nivea,4564.71,3045.96,3080,2.9,3868,TRUE,2/3/2019
756,Estee Lauder Personal Care Model-283,Beauty & Health,Personal Care,Estee Lauder,1374.09,677.27,2137,4.4,3168,TRUE,8/10/2024
757,Dove Personal Care Model-899,Beauty & Health,Personal Care,Dove,3786.79,2342.78,4030,3.3,2112,TRUE,10/23/2024
758,Maybelline Personal Care Model-610,Beauty & Health,Personal Care,Maybelline,2498.23,1081.26,948,3.3,4571,TRUE,4/17/2023
759,L'Oreal Personal Care Model-669,Beauty & Health,Personal Care,L'Oreal,1851.78,752.41,619,3.9,2705,TRUE,6/30/2024
760,L'Oreal Personal Care Model-511,Beauty & Health,Personal Care,L'Oreal,2787.72,1526.48,4492,3.5,2671,TRUE,12/11/2021
761,Nivea Personal Care Model-193,Beauty & Health,Personal Care,Nivea,3673.27,2463.63,2285,4.4,2134,TRUE,7/15/2023
762,Dove Personal Care Model-119,Beauty & Health,Personal Care,Dove,3956.96,2211.98,496,4.2,357,TRUE,9/7/2022
763,Estee Lauder Personal Care Model-548,Beauty & Health,Personal Care,Estee Lauder,628.06,377.29,3400,4.9,1448,FALSE,9/19/2024
764,Nivea Personal Care Model-554,Beauty & Health,Personal Care,Nivea,4390.05,1812.65,1171,3.1,3366,TRUE,4/22/2022
765,Maybelline Personal Care Model-105,Beauty & Health,Personal Care,Maybelline,4371.75,2332.7,3130,4.1,643,FALSE,4/30/2026
766,L'Oreal Personal Care Model-647,Beauty & Health,Personal Care,L'Oreal,230.02,97.38,2168,3,2948,FALSE,9/23/2020
767,Clinique Personal Care Model-710,Beauty & Health,Personal Care,Clinique,4660.11,2910.11,3829,3.5,858,TRUE,7/5/2022
768,Nivea Personal Care Model-570,Beauty & Health,Personal Care,Nivea,616.28,391.36,2641,2.6,4049,FALSE,2/26/2019
769,L'Oreal Personal Care Model-991,Beauty & Health,Personal Care,L'Oreal,3442.18,1848.95,908,4.3,4398,TRUE,1/23/2019
770,Dove Personal Care Model-666,Beauty & Health,Personal Care,Dove,4563.82,2168.39,4152,3.2,3012,TRUE,2/14/2024
771,Dove Personal Care Model-740,Beauty & Health,Personal Care,Dove,522.2,275.92,3958,3.7,374,FALSE,10/19/2023
772,Dove Personal Care Model-194,Beauty & Health,Personal Care,Dove,664.82,386.42,1305,4.5,1448,TRUE,5/11/2022
773,MAC Personal Care Model-365,Beauty & Health,Personal Care,Mac,4322.03,1995.01,4848,4.5,907,TRUE,10/10/2020
774,Dove Personal Care Model-863,Beauty & Health,Personal Care,Dove,4760.75,2423.52,3975,3.8,1607,FALSE,3/14/2024
775,Nivea Personal Care Model-155,Beauty & Health,Personal Care,Nivea,3927.88,2626.15,4720,2.8,368,TRUE,8/25/2025
776,MAC Personal Care Model-927,Beauty & Health,Personal Care,Mac,4043.96,1965.25,3811,4.1,3203,TRUE,1/7/2020
777,Maybelline Personal Care Model-269,Beauty & Health,Personal Care,Maybelline,3359.15,1688.55,3317,4.5,498,TRUE,8/27/2023
778,L'Oreal Personal Care Model-980,Beauty & Health,Personal Care,L'Oreal,3717.51,2110.82,313,2.9,4021,TRUE,10/14/2019
779,Estee Lauder Vitamins Model-834,Beauty & Health,Vitamins,Estee Lauder,3248.17,1345.33,3262,4.3,3749,TRUE,7/16/2021
780,Nivea Vitamins Model-733,Beauty & Health,Vitamins,Nivea,4636.12,2343.66,865,3.3,3206,FALSE,4/1/2023
781,Estee Lauder Vitamins Model-822,Beauty & Health,Vitamins,Estee Lauder,393.68,206.29,4690,3.5,2844,FALSE,2/28/2021
782,Dove Vitamins Model-155,Beauty & Health,Vitamins,Dove,4280.85,1882.83,2947,3.1,3077,FALSE,2/9/2021
783,Maybelline Vitamins Model-733,Beauty & Health,Vitamins,Maybelline,4048.83,1799.51,2672,4.7,2945,TRUE,3/1/2025
784,L'Oreal Vitamins Model-374,Beauty & Health,Vitamins,L'Oreal,1942.18,787.56,3597,3.9,3793,TRUE,4/14/2026
785,Estee Lauder Vitamins Model-199,Beauty & Health,Vitamins,Estee Lauder,2798.64,1805.59,4389,4.8,2355,TRUE,8/18/2019
786,L'Oreal Vitamins Model-547,Beauty & Health,Vitamins,L'Oreal,3202.21,1655.07,4422,3.2,2352,TRUE,4/27/2025
787,Maybelline Vitamins Model-874,Beauty & Health,Vitamins,Maybelline,4773.73,1917.82,3527,2.7,2565,FALSE,1/6/2019
788,Clinique Vitamins Model-813,Beauty & Health,Vitamins,Clinique,2673.07,1752.94,4067,4.7,3144,TRUE,5/4/2025
789,Estee Lauder Vitamins Model-350,Beauty & Health,Vitamins,Estee Lauder,4247.11,2298.08,43,3.2,3829,TRUE,2/15/2026
790,Estee Lauder Vitamins Model-865,Beauty & Health,Vitamins,Estee Lauder,4736.59,2682.5,1987,2.6,3849,TRUE,6/2/2020
791,Dove Vitamins Model-690,Beauty & Health,Vitamins,Dove,3277.72,1334.3,3731,3.6,3017,TRUE,2/9/2021
792,L'Oreal Vitamins Model-886,Beauty & Health,Vitamins,L'Oreal,3431.29,1421.68,409,4.7,968,TRUE,7/3/2024
793,Nivea Vitamins Model-314,Beauty & Health,Vitamins,Nivea,1500.92,1006.93,4161,4.4,4439,TRUE,1/7/2021
794,Dove Vitamins Model-491,Beauty & Health,Vitamins,Dove,1544.21,691.77,1348,3.8,21,FALSE,11/1/2020
795,Nivea Vitamins Model-288,Beauty & Health,Vitamins,Nivea,1580.52,638.44,1147,4.9,2955,TRUE,8/2/2022
796,Estee Lauder Vitamins Model-157,Beauty & Health,Vitamins,Estee Lauder,1855.27,807.27,2699,2.9,3834,TRUE,1/12/2020
797,Estee Lauder Vitamins Model-622,Beauty & Health,Vitamins,Estee Lauder,2194.19,1189.68,2830,2.5,2960,TRUE,5/3/2021
798,Estee Lauder Vitamins Model-808,Beauty & Health,Vitamins,Estee Lauder,3115.59,1358.74,4346,4.1,719,TRUE,1/9/2023
799,Clinique Vitamins Model-396,Beauty & Health,Vitamins,Clinique,472.01,203.23,180,4.9,26,FALSE,11/23/2021
800,Clinique Vitamins Model-381,Beauty & Health,Vitamins,Clinique,4625.89,2870.33,3061,2.7,3504,TRUE,6/4/2021
801,Estee Lauder Vitamins Model-584,Beauty & Health,Vitamins,Estee Lauder,3860.72,2015.87,1191,4.5,3134,TRUE,1/10/2024
802,Maybelline Vitamins Model-957,Beauty & Health,Vitamins,Maybelline,2559.53,1493.55,344,3.9,1235,TRUE,12/30/2020
803,Estee Lauder Vitamins Model-149,Beauty & Health,Vitamins,Estee Lauder,1026.24,526.09,419,3.4,1627,FALSE,7/5/2019
804,Dove Vitamins Model-408,Beauty & Health,Vitamins,Dove,413.96,268.59,1008,3,1680,TRUE,11/26/2025
805,L'Oreal Vitamins Model-420,Beauty & Health,Vitamins,L'Oreal,693.15,388.55,569,3.9,3524,FALSE,6/27/2025
806,Nivea Vitamins Model-541,Beauty & Health,Vitamins,Nivea,4349.47,2127.95,3502,3.4,1597,TRUE,5/18/2026
807,Nivea Vitamins Model-422,Beauty & Health,Vitamins,Nivea,4506.63,2739.56,4883,4.9,2293,TRUE,9/20/2023
808,MAC Vitamins Model-476,Beauty & Health,Vitamins,Mac,3805.54,1558.44,4448,4,891,TRUE,4/12/2023
809,Clinique Vitamins Model-768,Beauty & Health,Vitamins,Clinique,1171.23,794.94,883,3.8,4510,FALSE,8/10/2023
810,Adidas Fitness Equipment Model-877,Sports & Outdoors,Fitness Equipment,Adidas,4878.9,2019.43,1625,2.5,1275,TRUE,9/12/2021
811,The North Face Fitness Equipment Model-630,Sports & Outdoors,Fitness Equipment,The North Face,1117.87,623.27,1960,2.8,4669,FALSE,1/17/2019
812,The North Face Fitness Equipment Model-127,Sports & Outdoors,Fitness Equipment,The North Face,734.43,428.3,1257,3.7,2117,TRUE,4/10/2019
813,The North Face Fitness Equipment Model-893,Sports & Outdoors,Fitness Equipment,The North Face,1558.57,1013.87,3567,4.8,3512,TRUE,3/29/2024
814,Nike Fitness Equipment Model-767,Sports & Outdoors,Fitness Equipment,Nike,4060.79,1810.5,350,4.3,3801,TRUE,5/6/2024
815,Columbia Fitness Equipment Model-528,Sports & Outdoors,Fitness Equipment,Columbia,2536.13,1739.05,1659,3.5,237,TRUE,4/20/2021
816,Puma Fitness Equipment Model-159,Sports & Outdoors,Fitness Equipment,Puma,975.72,637.09,4307,4.9,1206,TRUE,2/16/2021
817,The North Face Fitness Equipment Model-571,Sports & Outdoors,Fitness Equipment,The North Face,225.38,92.15,4986,4.5,4757,TRUE,4/21/2022
818,Puma Fitness Equipment Model-746,Sports & Outdoors,Fitness Equipment,Puma,2504.93,1518.55,2964,2.7,3245,TRUE,3/3/2020
819,Nike Fitness Equipment Model-776,Sports & Outdoors,Fitness Equipment,Nike,2821.58,1657.96,3391,4.6,3307,FALSE,11/30/2024
820,Columbia Fitness Equipment Model-764,Sports & Outdoors,Fitness Equipment,Columbia,877.6,522.21,3470,3.9,4702,FALSE,2/16/2019
821,Nike Fitness Equipment Model-508,Sports & Outdoors,Fitness Equipment,Nike,1898.22,1245.34,4130,4.2,4289,TRUE,10/15/2020
822,Puma Fitness Equipment Model-419,Sports & Outdoors,Fitness Equipment,Puma,2944.09,1819.66,1338,3.4,4458,TRUE,3/26/2023
823,Under Armour Fitness Equipment Model-123,Sports & Outdoors,Fitness Equipment,Under Armour,2522.87,1328.76,615,4.2,4888,TRUE,10/4/2020
824,Columbia Fitness Equipment Model-781,Sports & Outdoors,Fitness Equipment,Columbia,1434.57,836.85,3738,5,3627,TRUE,6/7/2021
825,Nike Fitness Equipment Model-163,Sports & Outdoors,Fitness Equipment,Nike,216.03,120.83,2165,3.9,35,TRUE,11/24/2021
826,Under Armour Fitness Equipment Model-566,Sports & Outdoors,Fitness Equipment,Under Armour,4542.56,2567.88,364,4.9,2225,TRUE,2/27/2021
827,Under Armour Fitness Equipment Model-915,Sports & Outdoors,Fitness Equipment,Under Armour,2088.22,1034.7,3089,4.8,3750,TRUE,5/4/2023
828,Nike Fitness Equipment Model-321,Sports & Outdoors,Fitness Equipment,Nike,922.16,388.3,4131,4.2,3459,FALSE,8/27/2023
829,Under Armour Fitness Equipment Model-755,Sports & Outdoors,Fitness Equipment,Under Armour,290,168.71,4734,3.7,2487,TRUE,3/7/2026
830,Nike Fitness Equipment Model-842,Sports & Outdoors,Fitness Equipment,Nike,2660.71,1507.92,1733,3.6,1417,TRUE,9/14/2021
831,Puma Fitness Equipment Model-528,Sports & Outdoors,Fitness Equipment,Puma,543.51,337.24,4308,3.8,189,TRUE,11/25/2019
832,Under Armour Fitness Equipment Model-427,Sports & Outdoors,Fitness Equipment,Under Armour,3934.73,2148.3,806,3.1,3601,TRUE,11/15/2019
833,Under Armour Fitness Equipment Model-222,Sports & Outdoors,Fitness Equipment,Under Armour,4094.56,2670.55,2770,3.5,1126,TRUE,5/22/2024
834,Reebok Fitness Equipment Model-839,Sports & Outdoors,Fitness Equipment,Reebok,3015.42,1434.16,1608,4.6,4069,TRUE,1/16/2024
835,Adidas Fitness Equipment Model-139,Sports & Outdoors,Fitness Equipment,Adidas,3614.83,1827.51,3912,3.5,1104,TRUE,12/2/2024
836,Under Armour Fitness Equipment Model-551,Sports & Outdoors,Fitness Equipment,Under Armour,4126.32,2295.29,3284,3.1,111,TRUE,9/22/2022
837,Puma Fitness Equipment Model-516,Sports & Outdoors,Fitness Equipment,Puma,2250.61,1555.53,1137,2.8,3979,TRUE,10/17/2023
838,Under Armour Fitness Equipment Model-423,Sports & Outdoors,Fitness Equipment,Under Armour,3159.32,2119.55,2463,2.9,2736,FALSE,7/5/2023
839,Puma Fitness Equipment Model-282,Sports & Outdoors,Fitness Equipment,Puma,880.87,503.65,449,5,1327,TRUE,9/17/2023
840,Reebok Sports Wear Model-543,Sports & Outdoors,Sports Wear,Reebok,1363.83,818.11,810,3.3,2128,TRUE,7/21/2021
841,Reebok Sports Wear Model-834,Sports & Outdoors,Sports Wear,Reebok,826.57,559.79,1911,3.9,4403,TRUE,8/27/2021
842,Reebok Sports Wear Model-307,Sports & Outdoors,Sports Wear,Reebok,683.44,444.44,4962,3.8,1129,TRUE,1/6/2023
843,Columbia Sports Wear Model-533,Sports & Outdoors,Sports Wear,Columbia,4407.05,2621.12,3451,3,3377,FALSE,12/22/2019
844,Nike Sports Wear Model-511,Sports & Outdoors,Sports Wear,Nike,1141.01,584.06,2201,4.1,424,TRUE,4/2/2021
845,Puma Sports Wear Model-181,Sports & Outdoors,Sports Wear,Puma,3262.6,1996.09,4748,2.9,1193,FALSE,8/7/2021
846,Columbia Sports Wear Model-763,Sports & Outdoors,Sports Wear,Columbia,1834.51,953.28,428,4.3,1217,FALSE,8/17/2023
847,The North Face Sports Wear Model-499,Sports & Outdoors,Sports Wear,The North Face,1433.99,847.5,297,4,3554,TRUE,3/12/2022
848,Reebok Sports Wear Model-680,Sports & Outdoors,Sports Wear,Reebok,3918.11,2633.45,684,2.5,4893,TRUE,10/27/2023
849,Puma Sports Wear Model-781,Sports & Outdoors,Sports Wear,Puma,1784.53,1031.22,2646,3.3,2547,TRUE,6/8/2019
850,Nike Sports Wear Model-631,Sports & Outdoors,Sports Wear,Nike,489.47,323.43,3277,2.8,4021,TRUE,4/19/2026
851,Columbia Sports Wear Model-941,Sports & Outdoors,Sports Wear,Columbia,789.79,316.92,2578,3,1069,TRUE,3/2/2025
852,Reebok Sports Wear Model-568,Sports & Outdoors,Sports Wear,Reebok,2537.17,1537.41,1617,2.6,1624,TRUE,3/22/2020
853,Puma Sports Wear Model-482,Sports & Outdoors,Sports Wear,Puma,4959.35,3205.17,3275,3.9,868,TRUE,1/7/2024
854,Nike Sports Wear Model-795,Sports & Outdoors,Sports Wear,Nike,3139.72,1884.93,538,4.7,4052,TRUE,5/24/2021
855,Columbia Sports Wear Model-100,Sports & Outdoors,Sports Wear,Columbia,4565.15,2701.65,2929,2.6,183,FALSE,1/9/2022
856,Adidas Sports Wear Model-569,Sports & Outdoors,Sports Wear,Adidas,747,521.54,2107,3.1,4712,TRUE,8/23/2023
857,Under Armour Sports Wear Model-541,Sports & Outdoors,Sports Wear,Under Armour,709.34,427.1,2917,2.7,2620,TRUE,3/11/2022
858,Puma Sports Wear Model-788,Sports & Outdoors,Sports Wear,Puma,4444.93,2911.13,651,2.7,3368,TRUE,10/4/2020
859,Reebok Sports Wear Model-686,Sports & Outdoors,Sports Wear,Reebok,1876.3,1244.3,1574,4.3,4500,FALSE,11/7/2022
860,Under Armour Sports Wear Model-674,Sports & Outdoors,Sports Wear,Under Armour,3001.53,1645.03,2592,3.9,1534,TRUE,12/2/2021
861,Columbia Sports Wear Model-452,Sports & Outdoors,Sports Wear,Columbia,358.07,237.93,1340,4.9,4336,TRUE,7/24/2021
862,Nike Sports Wear Model-201,Sports & Outdoors,Sports Wear,Nike,4031.06,2095.38,2242,4.3,167,TRUE,1/12/2026
863,Adidas Sports Wear Model-606,Sports & Outdoors,Sports Wear,Adidas,3019.45,1622.64,2287,3.2,2353,TRUE,7/22/2021
864,The North Face Sports Wear Model-248,Sports & Outdoors,Sports Wear,The North Face,3590.63,2075.18,2532,3.4,3740,FALSE,8/5/2024
865,Columbia Sports Wear Model-389,Sports & Outdoors,Sports Wear,Columbia,3221.33,2137.18,440,3.2,3870,FALSE,6/14/2020
866,Under Armour Sports Wear Model-882,Sports & Outdoors,Sports Wear,Under Armour,3185.09,1649.89,2244,4.8,3938,TRUE,9/19/2024
867,Adidas Sports Wear Model-402,Sports & Outdoors,Sports Wear,Adidas,3310.87,1426.43,83,3.5,610,TRUE,5/12/2019
868,Reebok Sports Wear Model-672,Sports & Outdoors,Sports Wear,Reebok,2865.81,1397,1423,4,1352,TRUE,9/28/2019
869,Puma Sports Wear Model-234,Sports & Outdoors,Sports Wear,Puma,3183.91,1389.24,4118,2.8,2912,TRUE,10/11/2025
870,Puma Sports Wear Model-151,Sports & Outdoors,Sports Wear,Puma,4848.36,3346.59,1474,3.2,4850,TRUE,1/8/2019
871,Columbia Camping Gear Model-677,Sports & Outdoors,Camping Gear,Columbia,1825,1043.7,725,3.4,4331,TRUE,7/25/2021
872,Under Armour Camping Gear Model-459,Sports & Outdoors,Camping Gear,Under Armour,3395.95,2267.38,2869,4.9,1207,TRUE,3/20/2022
873,Adidas Camping Gear Model-381,Sports & Outdoors,Camping Gear,Adidas,4596.43,1915.62,3828,4.2,4211,TRUE,8/25/2023
874,The North Face Camping Gear Model-172,Sports & Outdoors,Camping Gear,The North Face,3265.04,2226.75,1960,4,4999,TRUE,9/4/2021
875,Under Armour Camping Gear Model-652,Sports & Outdoors,Camping Gear,Under Armour,4665.46,2915.23,2207,4.6,168,FALSE,5/7/2021
876,Columbia Camping Gear Model-226,Sports & Outdoors,Camping Gear,Columbia,3643.89,1628.14,1339,2.7,825,TRUE,1/17/2021
877,Puma Camping Gear Model-255,Sports & Outdoors,Camping Gear,Puma,1549.75,663.91,4185,2.7,2097,TRUE,7/23/2024
878,Reebok Camping Gear Model-322,Sports & Outdoors,Camping Gear,Reebok,2531.05,1594.98,3733,2.6,477,TRUE,4/26/2019
879,Puma Camping Gear Model-479,Sports & Outdoors,Camping Gear,Puma,135.44,92.65,163,4.1,1066,FALSE,6/9/2021
880,Adidas Camping Gear Model-283,Sports & Outdoors,Camping Gear,Adidas,2224.49,1511.54,1656,2.8,2741,FALSE,9/18/2020
881,Nike Camping Gear Model-607,Sports & Outdoors,Camping Gear,Nike,4789.33,2786.96,430,3.1,4022,TRUE,5/25/2024
882,Reebok Camping Gear Model-910,Sports & Outdoors,Camping Gear,Reebok,3111.34,1937.59,1979,3.6,4236,FALSE,7/19/2024
883,Columbia Camping Gear Model-817,Sports & Outdoors,Camping Gear,Columbia,1650.77,1140.94,1563,4.1,3560,TRUE,5/12/2023
884,Reebok Camping Gear Model-930,Sports & Outdoors,Camping Gear,Reebok,4029.64,2239.49,2965,3.2,881,TRUE,9/7/2024
885,Under Armour Camping Gear Model-835,Sports & Outdoors,Camping Gear,Under Armour,2267.35,1512.52,1258,3.8,3274,TRUE,10/12/2025
886,Nike Camping Gear Model-922,Sports & Outdoors,Camping Gear,Nike,512.04,345.82,857,3.3,4729,TRUE,11/10/2020
887,Puma Camping Gear Model-557,Sports & Outdoors,Camping Gear,Puma,4643.31,3044.52,4451,4.6,4047,TRUE,1/19/2023
888,Columbia Camping Gear Model-329,Sports & Outdoors,Camping Gear,Columbia,1664.15,762.05,1677,2.7,3653,TRUE,10/19/2019
889,The North Face Camping Gear Model-756,Sports & Outdoors,Camping Gear,The North Face,3329.06,1630,4055,3.3,3136,TRUE,11/29/2025
890,The North Face Camping Gear Model-197,Sports & Outdoors,Camping Gear,The North Face,2120.88,1395.14,3108,3.4,414,TRUE,4/6/2020
891,The North Face Camping Gear Model-120,Sports & Outdoors,Camping Gear,The North Face,111.77,71.06,1405,3.7,3474,TRUE,11/6/2025
892,The North Face Camping Gear Model-936,Sports & Outdoors,Camping Gear,The North Face,2819.63,1822.9,3801,2.6,40,TRUE,5/9/2020
893,Columbia Camping Gear Model-433,Sports & Outdoors,Camping Gear,Columbia,634.93,297.27,437,4.7,3455,TRUE,1/27/2020
894,Reebok Camping Gear Model-438,Sports & Outdoors,Camping Gear,Reebok,3503.88,2347.96,4062,4.6,3138,TRUE,11/29/2020
895,Columbia Camping Gear Model-748,Sports & Outdoors,Camping Gear,Columbia,2785.88,1595.37,1374,4.3,4079,TRUE,4/26/2023
896,The North Face Camping Gear Model-504,Sports & Outdoors,Camping Gear,The North Face,944.66,635.99,3897,3.3,727,TRUE,11/26/2022
897,Adidas Camping Gear Model-877,Sports & Outdoors,Camping Gear,Adidas,3344.99,2133.98,4415,3.7,215,FALSE,8/24/2022
898,Puma Camping Gear Model-850,Sports & Outdoors,Camping Gear,Puma,3016.93,1294.59,2455,3.1,4986,TRUE,4/16/2020
899,Reebok Camping Gear Model-484,Sports & Outdoors,Camping Gear,Reebok,3535.34,2113.88,2585,4.9,4707,FALSE,12/21/2020
900,Columbia Camping Gear Model-307,Sports & Outdoors,Camping Gear,Columbia,1320.88,747.43,51,4.9,1155,FALSE,1/4/2024
901,Columbia Camping Gear Model-463,Sports & Outdoors,Camping Gear,Columbia,381.57,204.19,1872,4.2,3391,TRUE,1/23/2019
902,Puma Bicycles Model-790,Sports & Outdoors,Bicycles,Puma,303.37,131.34,4437,2.9,726,TRUE,5/6/2019
903,Adidas Bicycles Model-644,Sports & Outdoors,Bicycles,Adidas,457.34,242.56,1069,5,3906,TRUE,6/29/2025
904,Nike Bicycles Model-948,Sports & Outdoors,Bicycles,Nike,1376.71,857.06,3393,3.6,632,FALSE,7/7/2023
905,Columbia Bicycles Model-485,Sports & Outdoors,Bicycles,Columbia,2301.01,1470.02,755,4.3,447,TRUE,8/18/2021
906,Under Armour Bicycles Model-887,Sports & Outdoors,Bicycles,Under Armour,4974.08,2110.77,1518,3.5,3047,TRUE,2/1/2024
907,Puma Bicycles Model-572,Sports & Outdoors,Bicycles,Puma,3474.98,1775.86,3234,3.4,3751,TRUE,7/24/2020
908,Reebok Bicycles Model-591,Sports & Outdoors,Bicycles,Reebok,3217.99,2227.64,684,4.4,2765,TRUE,11/10/2023
909,Reebok Bicycles Model-121,Sports & Outdoors,Bicycles,Reebok,1628.89,1038.71,1244,3.1,446,TRUE,10/12/2023
910,The North Face Bicycles Model-220,Sports & Outdoors,Bicycles,The North Face,3516.25,1734.16,3975,4.1,3425,TRUE,3/17/2023
911,The North Face Bicycles Model-970,Sports & Outdoors,Bicycles,The North Face,1678.73,1093.25,3791,3,103,TRUE,4/14/2021
912,The North Face Bicycles Model-403,Sports & Outdoors,Bicycles,The North Face,4377.24,1967.46,4885,2.5,4020,TRUE,2/13/2026
913,The North Face Bicycles Model-692,Sports & Outdoors,Bicycles,The North Face,2095.13,965.26,4714,4.5,3095,TRUE,12/11/2022
914,The North Face Bicycles Model-214,Sports & Outdoors,Bicycles,The North Face,290.27,190.88,413,3.6,997,FALSE,10/9/2025
915,Nike Bicycles Model-967,Sports & Outdoors,Bicycles,Nike,1109.07,733.11,472,3.3,480,TRUE,4/30/2020
916,Nike Bicycles Model-960,Sports & Outdoors,Bicycles,Nike,2306,1319.58,3844,3.6,3528,TRUE,3/1/2020
917,Reebok Bicycles Model-391,Sports & Outdoors,Bicycles,Reebok,2880.53,1508.6,264,3.9,3172,TRUE,2/28/2025
918,Puma Bicycles Model-530,Sports & Outdoors,Bicycles,Puma,1363.01,883.53,1218,2.9,4188,TRUE,3/17/2019
919,Reebok Bicycles Model-601,Sports & Outdoors,Bicycles,Reebok,3350.96,1884.3,2547,4.3,3705,TRUE,11/14/2021
920,The North Face Bicycles Model-456,Sports & Outdoors,Bicycles,The North Face,1091.81,640.37,4350,4.4,4406,FALSE,12/25/2020
921,Puma Bicycles Model-614,Sports & Outdoors,Bicycles,Puma,4932.7,2250.39,1919,2.5,292,FALSE,9/23/2019
922,Under Armour Bicycles Model-933,Sports & Outdoors,Bicycles,Under Armour,1294.14,646.92,2907,2.5,1592,TRUE,4/25/2023
923,Puma Bicycles Model-844,Sports & Outdoors,Bicycles,Puma,4290.9,2563.21,537,4.6,3128,FALSE,11/7/2024
924,Nike Bicycles Model-648,Sports & Outdoors,Bicycles,Nike,1392.35,623.51,4380,3,2406,FALSE,6/17/2022
925,Reebok Bicycles Model-952,Sports & Outdoors,Bicycles,Reebok,3216.38,2054.44,975,4.1,3681,TRUE,9/17/2023
926,The North Face Bicycles Model-681,Sports & Outdoors,Bicycles,The North Face,1637,791.6,1373,4.2,1774,TRUE,3/11/2023
927,Reebok Bicycles Model-341,Sports & Outdoors,Bicycles,Reebok,2047.48,1107.19,4412,2.7,1824,TRUE,5/1/2026
928,The North Face Bicycles Model-473,Sports & Outdoors,Bicycles,The North Face,3060.15,1321.57,610,4.3,3122,TRUE,4/18/2019
929,Under Armour Bicycles Model-708,Sports & Outdoors,Bicycles,Under Armour,4514.49,1871.02,3540,4.3,2305,TRUE,9/3/2019
930,The North Face Bicycles Model-924,Sports & Outdoors,Bicycles,The North Face,1742.11,982.38,2691,2.7,1824,TRUE,9/29/2020
931,Puma Bicycles Model-195,Sports & Outdoors,Bicycles,Puma,2803.03,1961.83,595,4.1,1315,FALSE,12/30/2024
932,Reebok Bicycles Model-738,Sports & Outdoors,Bicycles,Reebok,281.19,154.7,3489,4.9,409,FALSE,11/10/2024
933,Nike Bicycles Model-952,Sports & Outdoors,Bicycles,Nike,4463.77,2175.87,661,3.6,3495,FALSE,1/29/2020
934,Puma Water Sports Model-801,Sports & Outdoors,Water Sports,Puma,3798.61,1692.79,4991,3.2,16,FALSE,4/4/2024
935,Nike Water Sports Model-130,Sports & Outdoors,Water Sports,Nike,2790.03,1402.51,4250,4.4,2823,TRUE,2/21/2022
936,Columbia Water Sports Model-738,Sports & Outdoors,Water Sports,Columbia,68.13,40.49,3969,4.3,4828,TRUE,6/6/2024
937,Adidas Water Sports Model-106,Sports & Outdoors,Water Sports,Adidas,1431.51,586.98,481,3,2994,TRUE,10/30/2024
938,The North Face Water Sports Model-558,Sports & Outdoors,Water Sports,The North Face,2073.99,1045.84,4574,4,1458,TRUE,6/24/2022
939,Reebok Water Sports Model-579,Sports & Outdoors,Water Sports,Reebok,1525.71,802.22,823,4,4831,TRUE,9/3/2024
940,Adidas Water Sports Model-471,Sports & Outdoors,Water Sports,Adidas,913.94,386.22,4690,2.6,82,TRUE,7/11/2023
941,Adidas Water Sports Model-737,Sports & Outdoors,Water Sports,Adidas,1069.14,695.49,1187,3.6,3983,FALSE,8/13/2019
942,Reebok Water Sports Model-413,Sports & Outdoors,Water Sports,Reebok,1643.6,1076.72,1355,3.6,1411,TRUE,12/2/2025
943,Columbia Water Sports Model-859,Sports & Outdoors,Water Sports,Columbia,3720.25,1901.86,1626,4.2,2097,TRUE,1/10/2020
944,Adidas Water Sports Model-104,Sports & Outdoors,Water Sports,Adidas,2617.71,1139.12,2566,4.1,2776,FALSE,7/19/2023
945,Reebok Water Sports Model-202,Sports & Outdoors,Water Sports,Reebok,1389.56,836.04,3036,4.7,840,TRUE,12/25/2025
946,Reebok Water Sports Model-471,Sports & Outdoors,Water Sports,Reebok,3816.42,2651.65,2035,2.9,1677,FALSE,1/21/2023
947,Nike Water Sports Model-320,Sports & Outdoors,Water Sports,Nike,2526.16,1472.59,1984,2.8,2618,TRUE,8/2/2022
948,Adidas Water Sports Model-834,Sports & Outdoors,Water Sports,Adidas,3410.33,1589.59,2283,3.1,1185,TRUE,4/17/2021
949,Reebok Water Sports Model-859,Sports & Outdoors,Water Sports,Reebok,1753.68,955.35,4719,4.7,2669,FALSE,11/10/2020
950,Reebok Water Sports Model-302,Sports & Outdoors,Water Sports,Reebok,42.37,28.22,3062,2.5,3443,TRUE,8/27/2022
951,The North Face Water Sports Model-635,Sports & Outdoors,Water Sports,The North Face,1637.09,676.59,2497,4.5,1398,TRUE,6/20/2019
952,Puma Water Sports Model-654,Sports & Outdoors,Water Sports,Puma,4291.02,1921.39,3105,3,2845,FALSE,1/6/2021
953,Reebok Water Sports Model-850,Sports & Outdoors,Water Sports,Reebok,954.48,596.31,190,4.4,1288,TRUE,9/6/2024
954,Puma Water Sports Model-489,Sports & Outdoors,Water Sports,Puma,3622.5,1470.16,495,3.4,4411,TRUE,7/10/2020
955,Puma Water Sports Model-307,Sports & Outdoors,Water Sports,Puma,726.59,494.9,677,4.9,3769,TRUE,3/24/2019
956,Nike Water Sports Model-302,Sports & Outdoors,Water Sports,Nike,430.94,282.28,3680,4.4,1761,TRUE,1/26/2020
957,The North Face Water Sports Model-392,Sports & Outdoors,Water Sports,The North Face,4523.47,3081.22,3635,3.7,2764,FALSE,2/9/2025
958,Reebok Water Sports Model-531,Sports & Outdoors,Water Sports,Reebok,3486.01,1615.64,3994,2.7,3601,FALSE,2/2/2019
959,Reebok Water Sports Model-928,Sports & Outdoors,Water Sports,Reebok,164.81,100.06,2726,3.1,1509,TRUE,12/21/2020
960,Columbia Water Sports Model-901,Sports & Outdoors,Water Sports,Columbia,758.68,480.23,3197,4.5,2704,FALSE,1/29/2023
961,The North Face Water Sports Model-760,Sports & Outdoors,Water Sports,The North Face,984.31,537.45,3186,3.2,2360,TRUE,4/11/2020
962,Adidas Water Sports Model-492,Sports & Outdoors,Water Sports,Adidas,3135.06,1399.51,1384,2.9,4437,TRUE,2/23/2022
963,The North Face Water Sports Model-362,Sports & Outdoors,Water Sports,The North Face,2045.16,1233.19,1077,4,3167,TRUE,5/8/2021
964,Almarai Fresh Food Model-672,Grocery,Fresh Food,Almarai,2243.36,1353.5,3080,2.6,3543,TRUE,10/14/2025
965,Nestle Fresh Food Model-176,Grocery,Fresh Food,Nestle,1322.34,543.59,3148,4.1,4335,TRUE,10/25/2024
966,Pepsi Fresh Food Model-244,Grocery,Fresh Food,Pepsi,768.29,323.59,1193,4.9,4229,FALSE,3/2/2019
967,L'usine Fresh Food Model-596,Grocery,Fresh Food,L'Usine,3473.14,1917.36,4058,4.5,866,TRUE,10/2/2021
968,Albaik Fresh Food Model-749,Grocery,Fresh Food,Albaik,3258.13,1315.44,3085,4,3401,TRUE,7/18/2022
969,Pepsi Fresh Food Model-695,Grocery,Fresh Food,Pepsi,182.46,93.97,2458,2.7,1755,TRUE,11/19/2020
970,Nestle Fresh Food Model-729,Grocery,Fresh Food,Nestle,2648.2,1522,13,4.2,4492,FALSE,5/8/2019
971,Nestle Fresh Food Model-103,Grocery,Fresh Food,Nestle,352.26,189.56,2312,4,1428,TRUE,6/28/2023
972,Almarai Fresh Food Model-523,Grocery,Fresh Food,Almarai,1229.99,680.68,4158,4.1,4574,TRUE,12/5/2021
973,Coca Cola Fresh Food Model-314,Grocery,Fresh Food,Coca Cola,3851.67,2467.63,3997,2.8,925,TRUE,12/12/2020
974,Albaik Fresh Food Model-831,Grocery,Fresh Food,Albaik,4295.83,2634.43,4061,4.6,1740,TRUE,10/25/2019
975,Pepsi Fresh Food Model-800,Grocery,Fresh Food,Pepsi,2940.83,1989.97,449,4.5,1908,TRUE,9/12/2021
976,Almarai Fresh Food Model-580,Grocery,Fresh Food,Almarai,3857.98,2202.9,3999,3.3,3078,TRUE,12/24/2020
977,Almarai Fresh Food Model-669,Grocery,Fresh Food,Almarai,2781.07,1745.88,269,2.7,4305,FALSE,2/17/2022
978,Albaik Fresh Food Model-193,Grocery,Fresh Food,Albaik,839,515.16,1871,2.8,1306,FALSE,1/1/2023
979,Nestle Fresh Food Model-416,Grocery,Fresh Food,Nestle,3461.85,1787.33,1779,2.6,1740,TRUE,6/28/2020
980,Almarai Fresh Food Model-216,Grocery,Fresh Food,Almarai,2451.71,1310.03,138,3.3,2002,TRUE,7/16/2024
981,Coca Cola Fresh Food Model-657,Grocery,Fresh Food,Coca Cola,1580.42,893.61,650,3.8,1366,TRUE,8/25/2023
982,Sadia Fresh Food Model-367,Grocery,Fresh Food,Sadia,131.29,57.1,2818,2.8,3715,TRUE,6/12/2023
983,Almarai Fresh Food Model-680,Grocery,Fresh Food,Almarai,2770.64,1193.8,4708,3.4,793,TRUE,3/18/2019
984,Coca Cola Fresh Food Model-716,Grocery,Fresh Food,Coca Cola,356.53,213.08,1481,4.4,527,TRUE,6/14/2023
985,Coca Cola Fresh Food Model-259,Grocery,Fresh Food,Coca Cola,3189.79,1462.49,147,2.7,3676,TRUE,12/24/2020
986,Almarai Fresh Food Model-768,Grocery,Fresh Food,Almarai,4254.35,2834.26,745,4.6,2553,TRUE,11/3/2019
987,Coca Cola Fresh Food Model-383,Grocery,Fresh Food,Coca Cola,4580.24,2365.46,3174,2.7,1935,FALSE,5/27/2019
988,Albaik Fresh Food Model-602,Grocery,Fresh Food,Albaik,2481.7,1109.36,2312,3.4,4680,TRUE,11/13/2023
989,Pepsi Fresh Food Model-309,Grocery,Fresh Food,Pepsi,4214.01,2557.77,2874,3.1,1694,TRUE,4/22/2019
990,Almarai Fresh Food Model-827,Grocery,Fresh Food,Almarai,4774.04,2178.15,1081,3.3,558,TRUE,7/3/2022
991,Coca Cola Fresh Food Model-378,Grocery,Fresh Food,Coca Cola,4169.35,2140.38,979,3.7,290,TRUE,11/2/2019
992,Coca Cola Fresh Food Model-446,Grocery,Fresh Food,Coca Cola,3648.82,1569.53,1813,4.1,240,FALSE,12/21/2023
993,Sadia Fresh Food Model-985,Grocery,Fresh Food,Sadia,285,193.88,1227,3.2,0,FALSE,6/21/2022
994,Almarai Fresh Food Model-306,Grocery,Fresh Food,Almarai,3192.25,1600.56,3437,3.5,1956,TRUE,4/26/2025
995,Almarai Fresh Food Model-493,Grocery,Fresh Food,Almarai,1119.26,523.35,4239,4.9,2964,FALSE,2/12/2022
996,Sadia Beverages Model-702,Grocery,Beverages,Sadia,3029.01,1502.47,4131,2.5,95,TRUE,3/13/2025
997,L'usine Beverages Model-245,Grocery,Beverages,L'Usine,518.84,313.64,3998,3.4,757,TRUE,10/30/2023
998,Nestle Beverages Model-224,Grocery,Beverages,Nestle,1213.43,582.93,2971,2.5,145,TRUE,6/23/2025
999,L'usine Beverages Model-479,Grocery,Beverages,L'Usine,3845.01,2538.37,2955,3.8,2379,FALSE,3/23/2022
1000,Pepsi Beverages Model-200,Grocery,Beverages,Pepsi,815.07,448.78,4897,2.6,1749,TRUE,1/9/2019
1001,Almarai Beverages Model-456,Grocery,Beverages,Almarai,1882.76,812.5,4278,3.9,4947,TRUE,7/21/2023
1002,Pepsi Beverages Model-708,Grocery,Beverages,Pepsi,88.96,38.57,3986,4.4,264,FALSE,11/8/2022
1003,Almarai Beverages Model-860,Grocery,Beverages,Almarai,4596.51,2636.15,1323,3.5,3780,FALSE,2/9/2026
1004,L'usine Beverages Model-387,Grocery,Beverages,L'Usine,4014.04,2088.8,3206,4.1,1190,TRUE,3/14/2021
1005,Pepsi Beverages Model-541,Grocery,Beverages,Pepsi,3024.44,1523.51,4406,4.7,4571,FALSE,11/5/2020
1006,Almarai Beverages Model-103,Grocery,Beverages,Almarai,719.49,343.29,4552,4.9,658,TRUE,7/20/2021
1007,Albaik Beverages Model-447,Grocery,Beverages,Albaik,3917.14,1834.18,3996,3.4,2419,TRUE,10/31/2021
1008,L'usine Beverages Model-839,Grocery,Beverages,L'Usine,3928.12,2707.05,3842,2.8,4768,FALSE,4/25/2022
1009,L'usine Beverages Model-984,Grocery,Beverages,L'Usine,1097.24,536.52,4755,3.4,125,TRUE,7/23/2019
1010,Sadia Beverages Model-118,Grocery,Beverages,Sadia,3144.37,2182.25,4773,3.4,3854,TRUE,7/14/2022
1011,Albaik Beverages Model-360,Grocery,Beverages,Albaik,4557.24,2007.78,3678,4.2,4861,TRUE,4/12/2021
1012,Albaik Beverages Model-138,Grocery,Beverages,Albaik,3149.65,2161.23,4998,2.6,4265,TRUE,12/5/2021
1013,L'usine Beverages Model-634,Grocery,Beverages,L'Usine,292.87,127.38,3527,4.2,3620,TRUE,9/9/2020
1014,Coca Cola Beverages Model-106,Grocery,Beverages,Coca Cola,998.57,531.15,920,3.7,3505,TRUE,11/16/2020
1015,Sadia Beverages Model-443,Grocery,Beverages,Sadia,1821.4,905.05,1656,4.2,657,TRUE,11/8/2021
1016,Pepsi Beverages Model-531,Grocery,Beverages,Pepsi,475.6,216.85,1529,3.9,4718,TRUE,5/10/2022
1017,Almarai Beverages Model-372,Grocery,Beverages,Almarai,2464.01,1487.5,788,3.5,3679,TRUE,12/8/2022
1018,Coca Cola Beverages Model-667,Grocery,Beverages,Coca Cola,2751.33,1236.49,930,3.6,1672,TRUE,11/7/2025
1019,Pepsi Beverages Model-745,Grocery,Beverages,Pepsi,2036.46,1366.75,215,4.4,4449,TRUE,7/24/2025
1020,Albaik Beverages Model-462,Grocery,Beverages,Albaik,3262.1,1729.63,893,2.8,498,FALSE,3/12/2022
1021,Albaik Beverages Model-518,Grocery,Beverages,Albaik,1396.1,908.89,3928,3.4,3797,TRUE,4/16/2023
1022,Sadia Beverages Model-148,Grocery,Beverages,Sadia,1661.16,941.09,2891,2.6,636,TRUE,10/12/2021
1023,Coca Cola Beverages Model-687,Grocery,Beverages,Coca Cola,4921.16,2825.26,1271,3.4,127,TRUE,10/8/2024
1024,Albaik Beverages Model-247,Grocery,Beverages,Albaik,607.83,338.13,2743,4.4,877,TRUE,9/3/2021
1025,Nestle Beverages Model-256,Grocery,Beverages,Nestle,3384.16,1680.91,2732,2.9,2016,TRUE,1/27/2025
1026,L'usine Snacks Model-220,Grocery,Snacks,L'Usine,4166.08,2337.24,1000,4.7,4610,TRUE,11/30/2022
1027,Sadia Snacks Model-310,Grocery,Snacks,Sadia,2655.12,1706.7,349,4.6,2775,TRUE,3/3/2019
1028,Albaik Snacks Model-115,Grocery,Snacks,Albaik,2450.04,1519.48,4434,3.1,434,TRUE,4/21/2025
1029,Nestle Snacks Model-207,Grocery,Snacks,Nestle,1454.65,903.75,3889,3.7,3291,TRUE,9/24/2019
1030,Nestle Snacks Model-225,Grocery,Snacks,Nestle,4326.68,2684,2690,2.5,4010,TRUE,6/28/2025
1031,Albaik Snacks Model-462,Grocery,Snacks,Albaik,184.67,128.06,2402,4.9,2511,TRUE,2/10/2022
1032,Almarai Snacks Model-705,Grocery,Snacks,Almarai,4249.81,2903.09,953,4.7,2025,FALSE,11/13/2023
1033,Albaik Snacks Model-758,Grocery,Snacks,Albaik,1044.23,513.3,953,4.4,2600,TRUE,8/20/2023
1034,Albaik Snacks Model-422,Grocery,Snacks,Albaik,2128.81,1234.37,3783,4.1,4613,FALSE,1/7/2021
1035,Pepsi Snacks Model-268,Grocery,Snacks,Pepsi,2050.6,1260.7,1789,2.9,2166,TRUE,6/26/2024
1036,Coca Cola Snacks Model-792,Grocery,Snacks,Coca Cola,224.02,147.52,645,3.9,330,TRUE,8/3/2023
1037,Albaik Snacks Model-799,Grocery,Snacks,Albaik,3826.3,2455.44,894,4.8,2175,TRUE,8/14/2021
1038,L'usine Snacks Model-559,Grocery,Snacks,L'Usine,964.05,500.49,1889,2.9,4729,FALSE,4/25/2023
1039,Coca Cola Snacks Model-187,Grocery,Snacks,Coca Cola,3478.9,2060.49,3534,2.6,2901,TRUE,7/16/2025
1040,Almarai Snacks Model-107,Grocery,Snacks,Almarai,2359.25,1057.04,2195,3,1947,FALSE,9/11/2021
1041,Albaik Snacks Model-777,Grocery,Snacks,Albaik,1259.26,584.93,2042,3.8,551,TRUE,11/5/2019
1042,Nestle Snacks Model-297,Grocery,Snacks,Nestle,4976.55,2419.46,1543,3.4,3944,TRUE,11/27/2023
1043,Pepsi Snacks Model-523,Grocery,Snacks,Pepsi,2812.07,1229.72,890,4.4,2350,FALSE,4/13/2023
1044,Sadia Snacks Model-309,Grocery,Snacks,Sadia,135.61,64.63,4412,3.7,1875,TRUE,7/2/2022
1045,Almarai Snacks Model-431,Grocery,Snacks,Almarai,1410.05,958.16,3420,4.7,3703,TRUE,9/21/2019
1046,Pepsi Snacks Model-505,Grocery,Snacks,Pepsi,497.59,275.44,2677,4,3313,FALSE,8/5/2021
1047,Albaik Snacks Model-119,Grocery,Snacks,Albaik,3189.07,1288.82,4281,4.7,2199,TRUE,2/25/2025
1048,Sadia Snacks Model-405,Grocery,Snacks,Sadia,236.28,133.29,2997,3.7,852,FALSE,3/10/2023
1049,Albaik Snacks Model-642,Grocery,Snacks,Albaik,58.77,40.57,2167,4.7,4163,TRUE,6/15/2020
1050,L'usine Snacks Model-511,Grocery,Snacks,L'Usine,1428.82,917.2,1512,3.9,1396,FALSE,9/26/2019
1051,Albaik Snacks Model-809,Grocery,Snacks,Albaik,1034.07,530.75,4465,3.6,3554,TRUE,11/17/2019
1052,L'usine Snacks Model-806,Grocery,Snacks,L'Usine,2824.23,1209.07,699,3,1095,TRUE,8/11/2025
1053,Pepsi Snacks Model-862,Grocery,Snacks,Pepsi,1015.1,709.24,2502,3.3,1877,TRUE,3/15/2026
1054,Nestle Snacks Model-335,Grocery,Snacks,Nestle,3937.7,1902.52,917,4.1,3291,TRUE,6/30/2024
1055,Albaik Snacks Model-289,Grocery,Snacks,Albaik,1282.81,792.27,1618,3.9,3335,TRUE,4/13/2021
1056,Sadia Snacks Model-586,Grocery,Snacks,Sadia,4629.95,2753.4,1321,4.1,4574,TRUE,4/5/2025
1057,L'usine Dairy Model-312,Grocery,Dairy,L'Usine,1733.32,1036.09,1518,3.4,4127,TRUE,5/20/2019
1058,Sadia Dairy Model-507,Grocery,Dairy,Sadia,450.98,246.24,3343,2.6,1953,TRUE,8/24/2024
1059,L'usine Dairy Model-843,Grocery,Dairy,L'Usine,372.62,201.99,4268,3.6,109,TRUE,9/23/2024
1060,Albaik Dairy Model-114,Grocery,Dairy,Albaik,1555.76,842.63,3388,4.8,2055,TRUE,1/16/2019
1061,L'usine Dairy Model-354,Grocery,Dairy,L'Usine,3477.22,2003.92,3419,3.7,610,TRUE,12/15/2024
1062,Nestle Dairy Model-554,Grocery,Dairy,Nestle,3349.31,1952.23,1813,4,4424,TRUE,2/10/2026
1063,Nestle Dairy Model-874,Grocery,Dairy,Nestle,1124.23,785.46,4556,4.7,1505,FALSE,4/1/2026
1064,Nestle Dairy Model-535,Grocery,Dairy,Nestle,491.07,280.72,2047,4,2007,FALSE,8/13/2025
1065,Nestle Dairy Model-348,Grocery,Dairy,Nestle,3648.31,2495.18,1428,2.6,1371,TRUE,9/26/2024
1066,Albaik Dairy Model-795,Grocery,Dairy,Albaik,504.67,214.81,3537,4.5,1304,TRUE,8/1/2019
1067,Coca Cola Dairy Model-610,Grocery,Dairy,Coca Cola,3478.15,1967.81,528,4.2,2289,FALSE,7/5/2024
1068,Almarai Dairy Model-383,Grocery,Dairy,Almarai,4974.91,3040.3,634,4.6,4598,TRUE,11/11/2021
1069,L'usine Dairy Model-984,Grocery,Dairy,L'Usine,2193.24,981.56,4602,3,3439,TRUE,3/13/2022
1070,Nestle Dairy Model-615,Grocery,Dairy,Nestle,2237.71,1116.43,1522,3,3675,FALSE,10/15/2019
1071,Albaik Dairy Model-922,Grocery,Dairy,Albaik,4634.07,2967.38,3703,3.6,3336,TRUE,8/31/2023
1072,Coca Cola Dairy Model-997,Grocery,Dairy,Coca Cola,949.29,564.88,2718,4.1,1967,FALSE,4/1/2025
1073,Nestle Dairy Model-150,Grocery,Dairy,Nestle,4300.46,2270.62,3887,3.2,3382,TRUE,3/24/2026
1074,Sadia Dairy Model-525,Grocery,Dairy,Sadia,4790.63,2497.83,1996,4.2,3896,TRUE,9/2/2023
1075,Coca Cola Dairy Model-981,Grocery,Dairy,Coca Cola,437.26,241.44,2896,3.1,3947,FALSE,5/26/2024
1076,Pepsi Dairy Model-637,Grocery,Dairy,Pepsi,2484.88,1263.95,1131,4.2,2265,TRUE,8/30/2024
1077,Sadia Dairy Model-648,Grocery,Dairy,Sadia,2075.85,1436.26,4202,4.8,1571,FALSE,4/9/2022
1078,L'usine Dairy Model-679,Grocery,Dairy,L'Usine,2711.22,1819.75,1557,4.4,3091,TRUE,3/1/2022
1079,Sadia Dairy Model-432,Grocery,Dairy,Sadia,1350.68,542.03,2878,4.6,3194,FALSE,3/8/2026
1080,Almarai Dairy Model-590,Grocery,Dairy,Almarai,785.47,505.53,1417,4,4814,TRUE,6/19/2023
1081,Coca Cola Dairy Model-103,Grocery,Dairy,Coca Cola,551.05,379.54,3589,4.3,1706,TRUE,8/9/2025
1082,L'usine Dairy Model-954,Grocery,Dairy,L'Usine,22.74,14.5,253,3.3,4021,TRUE,1/4/2020
1083,Pepsi Dairy Model-725,Grocery,Dairy,Pepsi,792.25,528.89,4496,4.8,4198,FALSE,7/29/2022
1084,L'usine Dairy Model-115,Grocery,Dairy,L'Usine,4294.33,2392.81,832,4,4862,FALSE,1/13/2019
1085,Coca Cola Dairy Model-842,Grocery,Dairy,Coca Cola,2485.18,1550.47,1695,4.1,1692,TRUE,8/20/2021
1086,Sadia Dairy Model-133,Grocery,Dairy,Sadia,3116.18,1402.1,3858,4.5,4817,TRUE,1/13/2021
1087,Almarai Pantry Staples Model-513,Grocery,Pantry Staples,Almarai,339.14,173.65,2985,3.4,3889,TRUE,11/5/2024
1088,Albaik Pantry Staples Model-252,Grocery,Pantry Staples,Albaik,1068.82,605.56,88,4.2,4058,TRUE,10/28/2022
1089,Albaik Pantry Staples Model-445,Grocery,Pantry Staples,Albaik,306,213.35,3922,3,2325,TRUE,7/28/2019
1090,Nestle Pantry Staples Model-897,Grocery,Pantry Staples,Nestle,2029.59,829.3,3535,4.8,953,FALSE,10/1/2019
1091,Pepsi Pantry Staples Model-181,Grocery,Pantry Staples,Pepsi,1720.93,915.8,3324,2.6,1347,TRUE,4/10/2022
1092,Pepsi Pantry Staples Model-715,Grocery,Pantry Staples,Pepsi,1878.88,1012.54,4832,2.7,693,TRUE,5/22/2021
1093,Sadia Pantry Staples Model-999,Grocery,Pantry Staples,Sadia,3798.14,2450.05,3699,3.3,2723,TRUE,12/12/2021
1094,Albaik Pantry Staples Model-493,Grocery,Pantry Staples,Albaik,3928.7,2227.49,2198,4.4,1479,FALSE,3/29/2019
1095,L'usine Pantry Staples Model-991,Grocery,Pantry Staples,L'Usine,979.84,546.23,1289,4.5,2541,FALSE,8/7/2025
1096,Albaik Pantry Staples Model-151,Grocery,Pantry Staples,Albaik,1892.06,1067.16,944,3.8,2623,TRUE,3/27/2022
1097,Almarai Pantry Staples Model-120,Grocery,Pantry Staples,Almarai,1452.74,665.19,1827,4.8,4312,FALSE,12/1/2021
1098,L'usine Pantry Staples Model-921,Grocery,Pantry Staples,L'Usine,535.44,333.55,990,4.8,1975,FALSE,11/13/2025
1099,Almarai Pantry Staples Model-261,Grocery,Pantry Staples,Almarai,4331.06,2583.42,4975,3,180,TRUE,4/20/2022
1100,Sadia Pantry Staples Model-171,Grocery,Pantry Staples,Sadia,4719.33,2859.69,694,4.5,2250,TRUE,9/15/2022
1101,Coca Cola Pantry Staples Model-725,Grocery,Pantry Staples,Coca Cola,2203.24,1275.61,335,3.7,2806,FALSE,5/6/2023
1102,Coca Cola Pantry Staples Model-873,Grocery,Pantry Staples,Coca Cola,4261.21,2416.55,1074,4.8,470,FALSE,3/9/2026
1103,Sadia Pantry Staples Model-456,Grocery,Pantry Staples,Sadia,4706.34,2513.3,4316,4.9,3621,TRUE,4/5/2026
1104,Pepsi Pantry Staples Model-906,Grocery,Pantry Staples,Pepsi,1857.75,772.42,811,3.1,3978,FALSE,6/2/2024
1105,Albaik Pantry Staples Model-720,Grocery,Pantry Staples,Albaik,4983.88,2533.71,4751,4.1,1652,TRUE,6/27/2020
1106,L'usine Pantry Staples Model-492,Grocery,Pantry Staples,L'Usine,4352.68,2367.13,3833,2.7,3454,FALSE,7/8/2022
1107,L'usine Pantry Staples Model-696,Grocery,Pantry Staples,L'Usine,3899.53,2708.38,1082,2.6,4954,TRUE,10/2/2022
1108,L'usine Pantry Staples Model-267,Grocery,Pantry Staples,L'Usine,3353.38,1882.68,2275,4.8,1666,TRUE,3/25/2023
1109,Coca Cola Pantry Staples Model-513,Grocery,Pantry Staples,Coca Cola,2944.15,1682.37,991,3.1,3183,FALSE,6/17/2024
1110,L'usine Pantry Staples Model-633,Grocery,Pantry Staples,L'Usine,3835,2024.61,4146,4,4776,FALSE,10/3/2025
1111,Coca Cola Pantry Staples Model-884,Grocery,Pantry Staples,Coca Cola,50.7,27.56,3472,3.1,644,TRUE,5/15/2020
1112,Nestle Pantry Staples Model-431,Grocery,Pantry Staples,Nestle,3466.58,1994.07,2337,4,2305,TRUE,12/2/2021
1113,Albaik Pantry Staples Model-569,Grocery,Pantry Staples,Albaik,1401.4,582.97,1128,3.4,2233,TRUE,9/8/2020
1114,Albaik Pantry Staples Model-165,Grocery,Pantry Staples,Albaik,2807.99,1174.51,2736,3.1,1336,FALSE,2/9/2022
1115,Almarai Pantry Staples Model-192,Grocery,Pantry Staples,Almarai,2287.31,1513.34,2012,4,2068,FALSE,1/30/2019
1116,Sadia Pantry Staples Model-272,Grocery,Pantry Staples,Sadia,2249.68,1562.35,253,3.1,3390,TRUE,3/18/2019
1117,Nestle Pantry Staples Model-481,Grocery,Pantry Staples,Nestle,3264.35,1829.61,3934,3.6,3847,TRUE,5/1/2019
1118,Sadia Frozen Food Model-788,Grocery,Frozen Food,Sadia,2882.84,1692.88,4920,4.1,2640,FALSE,1/25/2024
1119,Coca Cola Frozen Food Model-589,Grocery,Frozen Food,Coca Cola,3063.67,1861.13,2494,4.4,3231,TRUE,1/12/2020
1120,Coca Cola Frozen Food Model-896,Grocery,Frozen Food,Coca Cola,4912.29,2675.81,4249,3.5,3328,FALSE,12/6/2023
1121,Pepsi Frozen Food Model-640,Grocery,Frozen Food,Pepsi,3828.52,2003.65,3307,4.8,1855,FALSE,4/30/2021
1122,Coca Cola Frozen Food Model-347,Grocery,Frozen Food,Coca Cola,2675.36,1078.45,1621,2.9,3359,TRUE,5/26/2022
1123,Pepsi Frozen Food Model-628,Grocery,Frozen Food,Pepsi,4098.13,2157.31,223,4,3296,FALSE,2/9/2023
1124,Coca Cola Frozen Food Model-680,Grocery,Frozen Food,Coca Cola,4127.04,2253.17,248,4.4,1843,FALSE,5/1/2022
1125,L'usine Frozen Food Model-922,Grocery,Frozen Food,L'Usine,4819.28,2286.91,2102,4.9,2756,TRUE,2/27/2020
1126,Sadia Frozen Food Model-576,Grocery,Frozen Food,Sadia,553.6,284.6,396,4.8,257,TRUE,12/24/2020
1127,Coca Cola Frozen Food Model-355,Grocery,Frozen Food,Coca Cola,2659.88,1779.51,4158,2.9,74,TRUE,8/10/2025
1128,Sadia Frozen Food Model-463,Grocery,Frozen Food,Sadia,4115.87,1950.21,3156,3.3,2366,TRUE,6/24/2023
1129,Nestle Frozen Food Model-528,Grocery,Frozen Food,Nestle,2137.32,1238.79,314,4.8,4924,TRUE,6/13/2021
1130,Sadia Frozen Food Model-423,Grocery,Frozen Food,Sadia,456.48,200.81,2461,2.5,2231,TRUE,7/7/2022
1131,Pepsi Frozen Food Model-626,Grocery,Frozen Food,Pepsi,2286.3,1387.45,1191,3.7,4237,FALSE,1/17/2020
1132,Pepsi Frozen Food Model-591,Grocery,Frozen Food,Pepsi,4055.86,2168.75,4674,4.4,1616,TRUE,7/15/2021
1133,Sadia Frozen Food Model-546,Grocery,Frozen Food,Sadia,4146.54,2826.25,2545,4.8,163,TRUE,3/8/2025
1134,L'usine Frozen Food Model-428,Grocery,Frozen Food,L'Usine,1289.92,689.24,3098,2.7,1435,TRUE,8/6/2019
1135,Pepsi Frozen Food Model-166,Grocery,Frozen Food,Pepsi,2077.95,839.84,637,3.8,516,FALSE,10/3/2021
1136,Pepsi Frozen Food Model-517,Grocery,Frozen Food,Pepsi,911.19,465.23,1151,3,3506,TRUE,1/22/2023
1137,L'usine Frozen Food Model-165,Grocery,Frozen Food,L'Usine,2153.15,943.6,504,3.1,4437,TRUE,8/12/2023
1138,Albaik Frozen Food Model-546,Grocery,Frozen Food,Albaik,3380.33,1616.11,424,2.7,4931,TRUE,9/20/2024
1139,Nestle Frozen Food Model-407,Grocery,Frozen Food,Nestle,581.47,351.15,2735,5,2782,TRUE,1/7/2021
1140,L'usine Frozen Food Model-938,Grocery,Frozen Food,L'Usine,3151.66,1667.01,4365,4.2,3463,TRUE,7/26/2024
1141,Pepsi Frozen Food Model-186,Grocery,Frozen Food,Pepsi,4948.81,3220.22,2032,4.5,4151,TRUE,2/6/2024
1142,Coca Cola Frozen Food Model-174,Grocery,Frozen Food,Coca Cola,1672.13,791.69,2107,4.4,3794,TRUE,12/8/2025
1143,Almarai Frozen Food Model-852,Grocery,Frozen Food,Almarai,2519.92,1247.83,3066,4.2,4388,TRUE,12/2/2021
1144,Almarai Frozen Food Model-787,Grocery,Frozen Food,Almarai,3793.48,2580.06,2207,3.5,2878,TRUE,6/21/2020
1145,Almarai Frozen Food Model-123,Grocery,Frozen Food,Almarai,2013.57,1205.25,3528,2.8,2857,FALSE,6/14/2021
1146,Pepsi Frozen Food Model-436,Grocery,Frozen Food,Pepsi,2203.75,1039.11,8,3.1,2585,TRUE,3/31/2023
1147,L'usine Frozen Food Model-882,Grocery,Frozen Food,L'Usine,1147.22,663.99,2050,3.2,1046,TRUE,8/5/2022
1148,Graco Diapers Model-698,Baby Products,Diapers,Graco,94.16,65.62,1726,2.8,2907,TRUE,4/18/2024
1149,Fisher-Price Diapers Model-115,Baby Products,Diapers,Fisher-Price,2487.58,1652.14,2803,4.2,4766,TRUE,6/5/2019
1150,Huggies Diapers Model-749,Baby Products,Diapers,Huggies,3797.44,2351.91,1713,4.9,1303,FALSE,8/5/2020
1151,Pampers Diapers Model-797,Baby Products,Diapers,Pampers,4469.1,2276.07,3012,4.3,3134,TRUE,8/30/2024
1152,Johnson's Diapers Model-480,Baby Products,Diapers,Johnson'S,3038.93,1566.17,2827,4.3,3625,TRUE,7/28/2021
1153,Fisher-Price Diapers Model-694,Baby Products,Diapers,Fisher-Price,1222.31,772.33,1700,2.7,4737,TRUE,11/22/2019
1154,Fisher-Price Diapers Model-461,Baby Products,Diapers,Fisher-Price,2527.87,1588.92,4480,3.6,1530,TRUE,5/6/2025
1155,Johnson's Diapers Model-843,Baby Products,Diapers,Johnson'S,2416.66,1596.74,4175,3.1,3651,TRUE,2/19/2019
1156,Graco Diapers Model-674,Baby Products,Diapers,Graco,4271.16,2480.49,3540,4.5,4821,TRUE,7/14/2023
1157,Graco Diapers Model-118,Baby Products,Diapers,Graco,3462.21,2249.65,2394,3.4,3436,TRUE,8/1/2022
1158,Graco Diapers Model-755,Baby Products,Diapers,Graco,3734.72,2017.97,1713,4.8,3665,TRUE,12/28/2024
1159,Graco Diapers Model-465,Baby Products,Diapers,Graco,2542.8,1414.11,2688,2.6,4749,TRUE,6/25/2020
1160,Pampers Diapers Model-778,Baby Products,Diapers,Pampers,2433.33,1634.9,373,3.1,4795,TRUE,3/10/2024
1161,Johnson's Diapers Model-121,Baby Products,Diapers,Johnson'S,1048.7,618.56,2127,4.8,2059,FALSE,7/20/2024
1162,Huggies Diapers Model-142,Baby Products,Diapers,Huggies,3073.25,1366.72,2092,4.6,2202,TRUE,5/10/2024
1163,Huggies Diapers Model-687,Baby Products,Diapers,Huggies,3180.9,1734.02,4435,4.1,3,TRUE,10/4/2019
1164,Huggies Diapers Model-300,Baby Products,Diapers,Huggies,299.04,187.56,4000,4.8,5000,TRUE,6/6/2023
1165,Fisher-Price Diapers Model-358,Baby Products,Diapers,Fisher-Price,4029.28,2733.24,3551,2.7,3213,FALSE,9/18/2023
1166,Johnson's Diapers Model-129,Baby Products,Diapers,Johnson'S,2422.25,1324.03,4695,3,1498,FALSE,10/31/2022
1167,Chicco Diapers Model-817,Baby Products,Diapers,Chicco,1839.68,1126.2,4454,3.1,1579,TRUE,4/22/2026
1168,Pampers Diapers Model-495,Baby Products,Diapers,Pampers,385.42,163.43,4299,3.1,742,TRUE,10/10/2020
1169,Fisher-Price Diapers Model-160,Baby Products,Diapers,Fisher-Price,4675.13,3046.96,4032,3.2,3139,FALSE,1/1/2022
1170,Huggies Diapers Model-663,Baby Products,Diapers,Huggies,4747.51,2437.07,2431,2.9,1926,TRUE,6/18/2023
1171,Chicco Diapers Model-233,Baby Products,Diapers,Chicco,710.07,465.37,2463,3.5,2065,TRUE,4/26/2024
1172,Pampers Diapers Model-149,Baby Products,Diapers,Pampers,200.3,127.64,502,3.6,1940,FALSE,1/31/2024
1173,Fisher-Price Diapers Model-733,Baby Products,Diapers,Fisher-Price,2662.85,1196.57,2094,2.8,965,TRUE,9/3/2019
1174,Chicco Diapers Model-722,Baby Products,Diapers,Chicco,813.1,331.44,2107,3.7,4366,TRUE,3/4/2020
1175,Graco Diapers Model-162,Baby Products,Diapers,Graco,484.2,300.43,3200,3.2,3510,TRUE,1/18/2025
1176,Graco Diapers Model-874,Baby Products,Diapers,Graco,1858.12,946.52,4854,2.6,1845,TRUE,6/21/2023
1177,Graco Diapers Model-845,Baby Products,Diapers,Graco,2311.23,1146.51,4825,4.4,2289,FALSE,10/6/2025
1178,Pampers Diapers Model-121,Baby Products,Diapers,Pampers,4168.95,2691.07,4783,4.6,1781,FALSE,12/7/2024
1179,Fisher-Price Baby Food Model-511,Baby Products,Baby Food,Fisher-Price,3584,1771.74,1779,4.4,4407,TRUE,3/29/2022
1180,Johnson's Baby Food Model-298,Baby Products,Baby Food,Johnson'S,4198.65,2012.7,1736,2.6,4461,TRUE,4/17/2019
1181,Chicco Baby Food Model-102,Baby Products,Baby Food,Chicco,4244.8,1727.79,3216,4.9,3838,TRUE,10/14/2022
1182,Johnson's Baby Food Model-307,Baby Products,Baby Food,Johnson'S,2238.89,1441.24,3556,4.5,732,FALSE,5/13/2021
1183,Fisher-Price Baby Food Model-182,Baby Products,Baby Food,Fisher-Price,706.11,304.5,1155,4.6,1657,TRUE,2/27/2021
1184,Johnson's Baby Food Model-191,Baby Products,Baby Food,Johnson'S,2539.72,1377.57,1435,5,1844,TRUE,4/30/2019
1185,Fisher-Price Baby Food Model-154,Baby Products,Baby Food,Fisher-Price,3835.69,2435.02,2115,3.9,106,FALSE,11/20/2019
1186,Pampers Baby Food Model-476,Baby Products,Baby Food,Pampers,839.67,462.35,2478,3.3,1897,TRUE,6/18/2023
1187,Johnson's Baby Food Model-897,Baby Products,Baby Food,Johnson'S,3410.28,1839.26,3962,2.8,818,TRUE,12/29/2023
1188,Pampers Baby Food Model-628,Baby Products,Baby Food,Pampers,3514.82,1517.38,4625,3.8,776,FALSE,8/30/2023
1189,Chicco Baby Food Model-476,Baby Products,Baby Food,Chicco,4871.14,2136.52,2734,2.9,3426,FALSE,4/7/2021
1190,Graco Baby Food Model-174,Baby Products,Baby Food,Graco,2263.48,913.88,53,4.8,4375,FALSE,11/24/2024
1191,Graco Baby Food Model-529,Baby Products,Baby Food,Graco,2171.39,1514.82,2516,2.8,3872,TRUE,12/4/2022
1192,Fisher-Price Baby Food Model-537,Baby Products,Baby Food,Fisher-Price,4201.15,2372.71,2749,3,3822,TRUE,1/30/2021
1193,Johnson's Baby Food Model-570,Baby Products,Baby Food,Johnson'S,870.25,464.08,3111,3.8,4666,FALSE,5/29/2024
1194,Huggies Baby Food Model-686,Baby Products,Baby Food,Huggies,3405.77,1744.36,3178,4.1,3160,TRUE,7/8/2021
1195,Graco Baby Food Model-784,Baby Products,Baby Food,Graco,813.82,484.42,3935,4.3,246,TRUE,12/21/2021
1196,Graco Baby Food Model-729,Baby Products,Baby Food,Graco,3625.24,1833.94,506,4.2,628,TRUE,3/23/2026
1197,Pampers Baby Food Model-489,Baby Products,Baby Food,Pampers,3108.72,1922.8,1822,2.9,474,TRUE,6/20/2024
1198,Chicco Baby Food Model-834,Baby Products,Baby Food,Chicco,763.23,440.61,616,4.3,2960,TRUE,1/20/2026
1199,Huggies Baby Food Model-896,Baby Products,Baby Food,Huggies,1158.22,638.8,2385,2.7,1029,TRUE,11/15/2023
1200,Huggies Baby Food Model-882,Baby Products,Baby Food,Huggies,2742.23,1515.51,2628,4.3,3347,FALSE,8/8/2019
1201,Graco Baby Food Model-297,Baby Products,Baby Food,Graco,4143.41,1690.57,4716,3.8,2878,TRUE,3/1/2026
1202,Fisher-Price Baby Food Model-304,Baby Products,Baby Food,Fisher-Price,1085.17,523.31,4648,3,2045,TRUE,11/18/2023
1203,Fisher-Price Baby Food Model-634,Baby Products,Baby Food,Fisher-Price,315.57,173.45,2038,3.2,1187,TRUE,12/3/2021
1204,Pampers Baby Food Model-574,Baby Products,Baby Food,Pampers,3522.12,1818.44,772,4.5,4020,TRUE,9/15/2021
1205,Pampers Baby Food Model-392,Baby Products,Baby Food,Pampers,3090,1699.29,1068,4,1646,TRUE,5/20/2023
1206,Fisher-Price Baby Food Model-409,Baby Products,Baby Food,Fisher-Price,1188.92,661.93,198,4,1411,TRUE,3/2/2020
1207,Chicco Baby Food Model-673,Baby Products,Baby Food,Chicco,3363.37,2061.3,331,3.9,2854,TRUE,11/25/2024
1208,Huggies Baby Food Model-548,Baby Products,Baby Food,Huggies,1894.36,1028.7,1685,3.1,1533,TRUE,11/4/2024
1209,Pampers Baby Food Model-886,Baby Products,Baby Food,Pampers,661.87,453.58,4590,4.8,3222,FALSE,7/2/2021
1210,Pampers Strollers Model-206,Baby Products,Strollers,Pampers,1287.97,755.86,2066,3.2,3830,FALSE,10/29/2022
1211,Graco Strollers Model-887,Baby Products,Strollers,Graco,918.7,403.05,3284,4.6,3285,TRUE,4/15/2020
1212,Chicco Strollers Model-168,Baby Products,Strollers,Chicco,2967.66,1611.44,591,3.7,2027,TRUE,5/15/2026
1213,Huggies Strollers Model-404,Baby Products,Strollers,Huggies,3148.63,1569,3721,2.6,2679,TRUE,1/6/2026
1214,Pampers Strollers Model-550,Baby Products,Strollers,Pampers,1778.69,850.12,2724,4.3,356,FALSE,8/31/2023
1215,Chicco Strollers Model-570,Baby Products,Strollers,Chicco,1568.89,871.2,942,3.1,2045,TRUE,1/2/2021
1216,Chicco Strollers Model-607,Baby Products,Strollers,Chicco,2184.18,1224.74,1924,3,4969,TRUE,1/23/2025
1217,Huggies Strollers Model-994,Baby Products,Strollers,Huggies,3189.66,2023.51,2098,3.4,2350,TRUE,5/4/2023
1218,Pampers Strollers Model-473,Baby Products,Strollers,Pampers,3320.16,2131.8,2533,2.8,3472,TRUE,6/29/2022
1219,Chicco Strollers Model-368,Baby Products,Strollers,Chicco,542.1,232.89,4740,4.1,267,TRUE,4/14/2022
1220,Graco Strollers Model-985,Baby Products,Strollers,Graco,3881.62,1811.61,651,4.1,4726,TRUE,7/7/2022
1221,Fisher-Price Strollers Model-673,Baby Products,Strollers,Fisher-Price,1259.5,875.32,67,4.2,1103,FALSE,4/28/2024
1222,Pampers Strollers Model-553,Baby Products,Strollers,Pampers,685.96,475.98,861,4.8,3155,TRUE,3/8/2021
1223,Fisher-Price Strollers Model-704,Baby Products,Strollers,Fisher-Price,32.43,13.91,3693,3.2,3993,TRUE,2/27/2019
1224,Fisher-Price Strollers Model-296,Baby Products,Strollers,Fisher-Price,19.94,8.15,4406,4,1310,TRUE,5/8/2025
1225,Graco Strollers Model-512,Baby Products,Strollers,Graco,233.17,111.56,793,4,3187,TRUE,3/26/2025
1226,Graco Strollers Model-258,Baby Products,Strollers,Graco,1484.13,902.88,2007,3.7,2062,TRUE,6/3/2020
1227,Chicco Strollers Model-668,Baby Products,Strollers,Chicco,3203.38,1716.37,1060,3.8,1381,TRUE,3/3/2025
1228,Chicco Strollers Model-282,Baby Products,Strollers,Chicco,1608.03,1121.13,358,5,4541,TRUE,2/4/2023
1229,Fisher-Price Strollers Model-785,Baby Products,Strollers,Fisher-Price,2723.31,1799.15,4306,4.4,4189,TRUE,1/29/2019
1230,Graco Strollers Model-100,Baby Products,Strollers,Graco,1244.67,621.9,1598,3.6,1259,FALSE,11/15/2024
1231,Graco Strollers Model-264,Baby Products,Strollers,Graco,2400.52,1526.23,1266,2.6,1561,TRUE,2/4/2024
1232,Pampers Strollers Model-979,Baby Products,Strollers,Pampers,316.46,178.08,3474,3.9,1393,TRUE,4/19/2021
1233,Graco Strollers Model-487,Baby Products,Strollers,Graco,2955.68,2020,3207,2.9,3000,TRUE,10/11/2019
1234,Johnson's Strollers Model-813,Baby Products,Strollers,Johnson'S,4257.59,1789.59,4738,5,487,FALSE,1/11/2019
1235,Graco Strollers Model-565,Baby Products,Strollers,Graco,4474.89,2775.13,1365,4.6,4868,TRUE,9/25/2020
1236,Graco Strollers Model-321,Baby Products,Strollers,Graco,2797.44,1397.71,1947,3.3,1372,FALSE,3/31/2021
1237,Fisher-Price Strollers Model-752,Baby Products,Strollers,Fisher-Price,2917.3,1884.61,3992,4.1,2206,TRUE,12/9/2022
1238,Fisher-Price Strollers Model-724,Baby Products,Strollers,Fisher-Price,451.35,199.6,1881,4.9,2944,TRUE,11/18/2024
1239,Fisher-Price Strollers Model-965,Baby Products,Strollers,Fisher-Price,1748.71,1206.45,4222,4.1,2150,FALSE,5/6/2026
1240,Huggies Strollers Model-935,Baby Products,Strollers,Huggies,3241.72,1888.93,3560,2.7,4914,TRUE,12/5/2022
1241,Fisher-Price Toys Model-312,Baby Products,Toys,Fisher-Price,2446.37,992.16,1225,4,706,TRUE,7/24/2025
1242,Fisher-Price Toys Model-158,Baby Products,Toys,Fisher-Price,3349.52,2325.28,4994,3.2,3511,FALSE,5/8/2025
1243,Johnson's Toys Model-260,Baby Products,Toys,Johnson'S,3139.81,1870.15,1532,3.7,4161,TRUE,1/30/2022
1244,Johnson's Toys Model-654,Baby Products,Toys,Johnson'S,4255.54,1805.47,581,3.9,991,FALSE,1/9/2026
1245,Huggies Toys Model-445,Baby Products,Toys,Huggies,2571.48,1632.79,2464,3.8,3962,TRUE,7/31/2025
1246,Johnson's Toys Model-145,Baby Products,Toys,Johnson'S,224.2,128.45,1427,3.6,4527,FALSE,11/20/2022
1247,Graco Toys Model-122,Baby Products,Toys,Graco,2704.93,1877.26,4040,4.1,175,TRUE,4/2/2025
1248,Graco Toys Model-464,Baby Products,Toys,Graco,3313.4,1779.46,169,2.7,4077,TRUE,5/11/2021
1249,Graco Toys Model-429,Baby Products,Toys,Graco,3325.28,1775.4,1203,4.1,1055,TRUE,11/9/2022
1250,Graco Toys Model-994,Baby Products,Toys,Graco,3799.33,2245,4097,2.6,4482,TRUE,10/5/2023
1251,Fisher-Price Toys Model-101,Baby Products,Toys,Fisher-Price,3647.31,1572.65,4604,2.8,1729,FALSE,9/16/2020
1252,Johnson's Toys Model-400,Baby Products,Toys,Johnson'S,3521.56,2064.35,2338,4.5,304,TRUE,7/8/2020
1253,Johnson's Toys Model-809,Baby Products,Toys,Johnson'S,589.29,242.75,3673,4.8,2525,TRUE,10/7/2023
1254,Pampers Toys Model-468,Baby Products,Toys,Pampers,3111.25,1999.43,3875,4.2,1305,TRUE,12/21/2024
1255,Chicco Toys Model-569,Baby Products,Toys,Chicco,2427.14,1252.17,445,4.9,4353,TRUE,9/27/2022
1256,Chicco Toys Model-649,Baby Products,Toys,Chicco,668.84,388.57,774,4.6,465,TRUE,9/7/2023
1257,Huggies Toys Model-571,Baby Products,Toys,Huggies,1342.5,660.8,659,3.8,2163,TRUE,7/6/2019
1258,Graco Toys Model-299,Baby Products,Toys,Graco,778.37,314.95,4617,3.7,2820,FALSE,10/17/2021
1259,Huggies Toys Model-945,Baby Products,Toys,Huggies,4920.6,2607.01,4548,4.4,1533,FALSE,3/29/2023
1260,Johnson's Toys Model-468,Baby Products,Toys,Johnson'S,4788.17,2960.53,2842,2.8,4169,FALSE,4/2/2025
1261,Johnson's Toys Model-997,Baby Products,Toys,Johnson'S,4704.23,2644.63,200,4.3,3491,FALSE,12/31/2021
1262,Fisher-Price Toys Model-271,Baby Products,Toys,Fisher-Price,2390,1427.67,2538,4.7,4179,FALSE,4/1/2020
1263,Huggies Toys Model-155,Baby Products,Toys,Huggies,234.36,106.1,2886,3.2,2171,TRUE,10/18/2021
1264,Huggies Toys Model-736,Baby Products,Toys,Huggies,1435.71,793.83,1116,4,4167,TRUE,3/24/2022
1265,Chicco Toys Model-937,Baby Products,Toys,Chicco,40.2,17.51,2550,3.4,2694,FALSE,5/18/2021
1266,Huggies Toys Model-537,Baby Products,Toys,Huggies,2417.09,1404.35,2743,4.1,537,TRUE,8/15/2025
1267,Chicco Toys Model-302,Baby Products,Toys,Chicco,3245.18,1818.74,3611,4.6,2981,TRUE,8/27/2022
1268,Fisher-Price Toys Model-282,Baby Products,Toys,Fisher-Price,1404.25,803.88,845,4.2,2016,TRUE,3/28/2022
1269,Pampers Toys Model-729,Baby Products,Toys,Pampers,3083.83,1659.35,3784,4.3,663,TRUE,3/18/2020
1270,Graco Toys Model-552,Baby Products,Toys,Graco,3470.78,2114.2,3774,3.2,1586,FALSE,7/31/2019
1271,Johnson's Toys Model-102,Baby Products,Toys,Johnson'S,2732.06,1802.67,4257,3.3,1271,FALSE,2/11/2020
1272,Huggies Baby Clothing Model-687,Baby Products,Baby Clothing,Huggies,3425.41,2161.08,3852,3.1,4951,TRUE,2/17/2026
1273,Johnson's Baby Clothing Model-499,Baby Products,Baby Clothing,Johnson'S,3879.99,2363.59,4233,3.8,1738,FALSE,11/30/2019
1274,Chicco Baby Clothing Model-192,Baby Products,Baby Clothing,Chicco,3162.95,1929.98,4312,4.2,3763,FALSE,6/11/2022
1275,Graco Baby Clothing Model-790,Baby Products,Baby Clothing,Graco,1588.79,662.09,2399,3,3393,TRUE,10/27/2020
1276,Graco Baby Clothing Model-810,Baby Products,Baby Clothing,Graco,346.05,184.83,4623,4.3,226,TRUE,3/4/2021
1277,Graco Baby Clothing Model-529,Baby Products,Baby Clothing,Graco,333.28,135.3,2609,4.2,4014,TRUE,9/12/2019
1278,Huggies Baby Clothing Model-918,Baby Products,Baby Clothing,Huggies,4534.34,2536.77,2473,4.8,3009,FALSE,10/1/2023
1279,Fisher-Price Baby Clothing Model-678,Baby Products,Baby Clothing,Fisher-Price,1611.77,1065.85,770,4.1,3405,TRUE,7/19/2021
1280,Pampers Baby Clothing Model-347,Baby Products,Baby Clothing,Pampers,2485.03,1330.25,1717,2.8,4261,TRUE,11/28/2022
1281,Fisher-Price Baby Clothing Model-211,Baby Products,Baby Clothing,Fisher-Price,4594.56,2073.59,1932,4.4,2143,TRUE,7/15/2025
1282,Graco Baby Clothing Model-280,Baby Products,Baby Clothing,Graco,870.42,559.91,4229,2.6,1483,TRUE,11/24/2022
1283,Johnson's Baby Clothing Model-179,Baby Products,Baby Clothing,Johnson'S,4185.11,2825.45,3139,5,3811,TRUE,4/30/2021
1284,Johnson's Baby Clothing Model-902,Baby Products,Baby Clothing,Johnson'S,522.39,253.31,1028,3.8,3372,TRUE,7/2/2020
1285,Chicco Baby Clothing Model-257,Baby Products,Baby Clothing,Chicco,3507.16,1619.12,3806,3.1,272,TRUE,11/19/2024
1286,Graco Baby Clothing Model-489,Baby Products,Baby Clothing,Graco,380.59,152.57,3969,3.5,2430,TRUE,5/1/2021
1287,Huggies Baby Clothing Model-525,Baby Products,Baby Clothing,Huggies,1406.38,563.42,3074,4.9,1704,TRUE,2/10/2023
1288,Chicco Baby Clothing Model-827,Baby Products,Baby Clothing,Chicco,1395.88,727.31,1468,4,4483,FALSE,6/4/2019
1289,Huggies Baby Clothing Model-196,Baby Products,Baby Clothing,Huggies,1660.56,843.56,722,3.2,1865,TRUE,1/26/2020
1290,Chicco Baby Clothing Model-302,Baby Products,Baby Clothing,Chicco,662.23,397.71,4156,3.4,2156,TRUE,1/4/2025
1291,Johnson's Baby Clothing Model-152,Baby Products,Baby Clothing,Johnson'S,855.67,504.89,1160,4.6,2013,TRUE,3/22/2022
1292,Graco Baby Clothing Model-998,Baby Products,Baby Clothing,Graco,2358.21,1062.46,291,4.7,2950,TRUE,7/6/2019
1293,Chicco Baby Clothing Model-218,Baby Products,Baby Clothing,Chicco,4475.4,3123.94,139,2.5,2994,TRUE,4/22/2024
1294,Johnson's Baby Clothing Model-269,Baby Products,Baby Clothing,Johnson'S,4229.75,1941.02,421,3.8,292,TRUE,9/12/2023
1295,Fisher-Price Baby Clothing Model-780,Baby Products,Baby Clothing,Fisher-Price,3975.6,1859.15,2739,3.4,2930,FALSE,9/9/2021
1296,Fisher-Price Baby Clothing Model-668,Baby Products,Baby Clothing,Fisher-Price,1859.47,779.1,1260,3.9,1719,FALSE,5/1/2022
1297,Fisher-Price Baby Clothing Model-693,Baby Products,Baby Clothing,Fisher-Price,3953.14,2246.03,358,4.7,2945,FALSE,5/4/2021
1298,Huggies Baby Clothing Model-103,Baby Products,Baby Clothing,Huggies,4538.12,2442.67,1030,3.5,3181,TRUE,6/25/2025
1299,Graco Baby Clothing Model-411,Baby Products,Baby Clothing,Graco,1451.81,690.42,3033,2.6,3727,TRUE,3/5/2019
1300,Johnson's Baby Clothing Model-958,Baby Products,Baby Clothing,Johnson'S,2067.75,1070.07,2647,3.8,318,FALSE,8/16/2022
1301,Fisher-Price Baby Clothing Model-988,Baby Products,Baby Clothing,Fisher-Price,4667.23,2694.04,1090,2.9,1386,TRUE,1/14/2021
1302,Pampers Baby Clothing Model-118,Baby Products,Baby Clothing,Pampers,1267.77,530.41,1958,4.2,4703,TRUE,6/2/2019
1303,Fisher-Price Nursery Model-966,Baby Products,Nursery,Fisher-Price,2351.97,1011.86,2017,3.5,1983,TRUE,8/20/2025
1304,Pampers Nursery Model-916,Baby Products,Nursery,Pampers,3811.25,2442.53,2467,5,1204,TRUE,9/22/2020
1305,Fisher-Price Nursery Model-236,Baby Products,Nursery,Fisher-Price,1995.5,1286.53,1771,2.9,3368,TRUE,1/9/2022
1306,Pampers Nursery Model-234,Baby Products,Nursery,Pampers,3581.7,2116.09,2702,3.2,1193,TRUE,9/1/2025
1307,Huggies Nursery Model-345,Baby Products,Nursery,Huggies,862.34,350.72,1895,4.2,456,TRUE,4/22/2019
1308,Pampers Nursery Model-558,Baby Products,Nursery,Pampers,961.5,536.45,4944,2.9,1319,TRUE,8/23/2021
1309,Johnson's Nursery Model-700,Baby Products,Nursery,Johnson'S,316.25,205.83,4646,2.7,1911,TRUE,8/1/2021
1310,Huggies Nursery Model-489,Baby Products,Nursery,Huggies,3024.79,1315.7,3970,5,1505,TRUE,10/28/2024
1311,Johnson's Nursery Model-599,Baby Products,Nursery,Johnson'S,2045.41,1308.97,2341,2.6,4402,FALSE,2/21/2024
1312,Fisher-Price Nursery Model-320,Baby Products,Nursery,Fisher-Price,4670.36,2394.91,2253,2.5,1550,TRUE,3/14/2026
1313,Chicco Nursery Model-155,Baby Products,Nursery,Chicco,208.32,107.83,1945,3.4,1055,FALSE,2/7/2021
1314,Pampers Nursery Model-442,Baby Products,Nursery,Pampers,3609.39,1901.87,1342,3.6,4013,TRUE,10/25/2023
1315,Huggies Nursery Model-398,Baby Products,Nursery,Huggies,2942.62,1460.65,4900,4.2,4687,FALSE,1/20/2024
1316,Chicco Nursery Model-843,Baby Products,Nursery,Chicco,985.46,613.32,2463,3,4116,TRUE,9/20/2019
1317,Johnson's Nursery Model-708,Baby Products,Nursery,Johnson'S,2166.56,970.61,1524,5,4342,TRUE,3/17/2021
1318,Fisher-Price Nursery Model-184,Baby Products,Nursery,Fisher-Price,3606.4,1655.53,2665,2.9,1338,TRUE,10/15/2022
1319,Fisher-Price Nursery Model-494,Baby Products,Nursery,Fisher-Price,4972.01,2204.41,224,4.4,2386,TRUE,1/28/2020
1320,Johnson's Nursery Model-275,Baby Products,Nursery,Johnson'S,1503.48,741.89,1314,3,1268,TRUE,2/23/2023
1321,Chicco Nursery Model-126,Baby Products,Nursery,Chicco,2219.45,1235.61,4647,3.1,1857,TRUE,5/22/2019
1322,Johnson's Nursery Model-260,Baby Products,Nursery,Johnson'S,2080.77,1265.61,1549,3,3760,TRUE,4/7/2020
1323,Johnson's Nursery Model-979,Baby Products,Nursery,Johnson'S,4616.49,2320.26,1919,3,4278,FALSE,9/13/2024
1324,Graco Nursery Model-473,Baby Products,Nursery,Graco,4716.94,3001.52,652,4.3,4992,TRUE,10/26/2022
1325,Huggies Nursery Model-693,Baby Products,Nursery,Huggies,3814.6,2257.11,2195,3.4,3950,TRUE,5/25/2025
1326,Johnson's Nursery Model-816,Baby Products,Nursery,Johnson'S,305.39,212.97,2829,4.5,3907,TRUE,7/10/2021
1327,Huggies Nursery Model-797,Baby Products,Nursery,Huggies,3707.88,1695.71,46,3.7,4583,FALSE,10/14/2019
1328,Fisher-Price Nursery Model-932,Baby Products,Nursery,Fisher-Price,2184.3,1072.6,2441,3.5,3738,TRUE,3/25/2024
1329,Graco Nursery Model-458,Baby Products,Nursery,Graco,3154.23,1420.84,802,3.2,2044,TRUE,4/1/2026
1330,Chicco Nursery Model-142,Baby Products,Nursery,Chicco,4348.5,2464.73,3121,3.9,1141,FALSE,1/3/2019
1331,Graco Nursery Model-938,Baby Products,Nursery,Graco,871.84,382.78,3022,4.5,2164,TRUE,3/28/2020
1332,Graco Nursery Model-868,Baby Products,Nursery,Graco,3343.05,2214.01,2908,4.3,1457,TRUE,10/21/2019
1333,Huggies Nursery Model-517,Baby Products,Nursery,Huggies,2119.88,1131.4,4156,2.6,4666,TRUE,7/22/2019
1334,Bosch Car Accessories Model-409,Automotive,Car Accessories,Bosch,2846.44,1551.77,2034,3,2184,TRUE,3/29/2022
1335,Bosch Car Accessories Model-832,Automotive,Car Accessories,Bosch,3801.05,1698.17,3523,3.3,1842,TRUE,7/30/2023
1336,Bridgestone Car Accessories Model-325,Automotive,Car Accessories,Bridgestone,345.09,168.93,480,4.2,1701,FALSE,10/19/2019
1337,Bosch Car Accessories Model-962,Automotive,Car Accessories,Bosch,755.29,463.28,1557,4.5,352,TRUE,10/4/2022
1338,Bridgestone Car Accessories Model-521,Automotive,Car Accessories,Bridgestone,4218.13,2362.36,247,4,2991,TRUE,11/16/2019
1339,Bridgestone Car Accessories Model-267,Automotive,Car Accessories,Bridgestone,4937.85,3443.75,1338,4.3,3291,TRUE,7/30/2025
1340,3M Car Accessories Model-662,Automotive,Car Accessories,3M,1415.81,763.21,3562,3.6,3123,TRUE,2/28/2022
1341,Castrol Car Accessories Model-742,Automotive,Car Accessories,Castrol,2536.25,1727.04,1906,2.6,245,FALSE,11/17/2024
1342,Michelin Car Accessories Model-849,Automotive,Car Accessories,Michelin,3675.36,1546.43,300,2.8,2411,TRUE,11/15/2024
1343,Michelin Car Accessories Model-720,Automotive,Car Accessories,Michelin,1865.88,1104.69,1055,2.8,4171,FALSE,6/13/2022
1344,Bridgestone Car Accessories Model-120,Automotive,Car Accessories,Bridgestone,2936.2,1196.96,2098,4,447,TRUE,12/5/2023
1345,Castrol Car Accessories Model-804,Automotive,Car Accessories,Castrol,3496.17,1473.34,2403,4.8,1417,TRUE,3/6/2022
1346,Meguiar's Car Accessories Model-116,Automotive,Car Accessories,Meguiar'S,3008.74,1847.01,3393,3.2,2170,TRUE,6/16/2020
1347,Michelin Car Accessories Model-141,Automotive,Car Accessories,Michelin,304.39,183.05,2248,4.2,1695,TRUE,4/30/2019
1348,Bosch Car Accessories Model-109,Automotive,Car Accessories,Bosch,1858.64,864.47,2985,4.3,4207,FALSE,3/1/2025
1349,Bosch Car Accessories Model-525,Automotive,Car Accessories,Bosch,204.09,82.58,3527,3.6,2930,TRUE,12/30/2021
1350,Michelin Car Accessories Model-333,Automotive,Car Accessories,Michelin,1331.75,670.76,589,3.3,172,TRUE,5/8/2020
1351,Bosch Car Accessories Model-568,Automotive,Car Accessories,Bosch,3599.69,1951.89,1278,2.7,1886,FALSE,4/15/2020
1352,Michelin Car Accessories Model-225,Automotive,Car Accessories,Michelin,4823.43,2099.37,3558,2.9,3857,TRUE,11/14/2021
1353,Castrol Car Accessories Model-731,Automotive,Car Accessories,Castrol,3759.51,1721.26,916,2.6,860,FALSE,8/26/2022
1354,Michelin Car Accessories Model-814,Automotive,Car Accessories,Michelin,3162.7,2093.64,1530,4.9,2848,TRUE,5/12/2020
1355,Bridgestone Car Accessories Model-304,Automotive,Car Accessories,Bridgestone,189.81,104.35,609,3,56,FALSE,8/17/2020
1356,Bosch Car Accessories Model-658,Automotive,Car Accessories,Bosch,3670.98,2181.97,2508,3.3,1448,TRUE,3/23/2019
1357,Meguiar's Car Accessories Model-836,Automotive,Car Accessories,Meguiar'S,2592.63,1652.41,4994,3.6,4857,TRUE,7/24/2022
1358,Castrol Car Accessories Model-517,Automotive,Car Accessories,Castrol,4064.71,1673.41,122,4.8,4770,TRUE,11/1/2019
1359,Meguiar's Car Accessories Model-891,Automotive,Car Accessories,Meguiar'S,4915.68,3006.2,2202,4.4,210,TRUE,11/5/2020
1360,Bridgestone Car Accessories Model-562,Automotive,Car Accessories,Bridgestone,4308.54,2940.36,906,5,4810,TRUE,3/18/2026
1361,Castrol Car Accessories Model-558,Automotive,Car Accessories,Castrol,2586.58,1700.12,2505,4.3,2747,TRUE,12/25/2025
1362,Castrol Car Accessories Model-371,Automotive,Car Accessories,Castrol,4004.6,2365.83,2440,4.3,360,TRUE,7/18/2023
1363,3M Car Accessories Model-277,Automotive,Car Accessories,3M,1310.39,712.54,4362,4.8,3551,FALSE,11/27/2023
1364,Bosch Car Accessories Model-999,Automotive,Car Accessories,Bosch,2748.04,1167.65,2738,2.7,1401,TRUE,4/2/2024
1365,Castrol Car Accessories Model-293,Automotive,Car Accessories,Castrol,4097.77,1662.75,3490,3.7,4077,TRUE,4/28/2023
1366,3M Tires Model-111,Automotive,Tires,3M,2542.92,1393.39,4183,4.2,1103,TRUE,8/9/2019
1367,Meguiar's Tires Model-328,Automotive,Tires,Meguiar'S,3052.3,1800.6,681,4.3,1793,TRUE,2/2/2020
1368,Bosch Tires Model-282,Automotive,Tires,Bosch,2277.48,948.41,1476,4.2,3541,FALSE,12/10/2019
1369,Bridgestone Tires Model-267,Automotive,Tires,Bridgestone,1943,786.62,3655,4.6,1237,TRUE,4/24/2020
1370,Bridgestone Tires Model-759,Automotive,Tires,Bridgestone,710.72,463.95,3286,2.6,4605,FALSE,7/30/2025
1371,3M Tires Model-189,Automotive,Tires,3M,3881.67,2543.49,163,3.9,13,TRUE,1/3/2026
1372,Michelin Tires Model-284,Automotive,Tires,Michelin,3714,2219.06,3911,3.5,3960,TRUE,8/15/2023
1373,Michelin Tires Model-527,Automotive,Tires,Michelin,3874.88,1815.61,1693,3,4777,TRUE,6/30/2019
1374,3M Tires Model-514,Automotive,Tires,3M,1961.31,1162.72,4040,3.6,2788,TRUE,3/23/2019
1375,Meguiar's Tires Model-764,Automotive,Tires,Meguiar'S,3231.5,1328.39,398,4.2,436,TRUE,6/26/2019
1376,3M Tires Model-291,Automotive,Tires,3M,3132.41,1591.93,4837,4.4,292,TRUE,2/27/2023
1377,3M Tires Model-419,Automotive,Tires,3M,4641.35,2970.44,4792,3.9,2358,TRUE,6/3/2020
1378,Bosch Tires Model-167,Automotive,Tires,Bosch,1063.8,550.76,3045,2.5,1475,TRUE,12/9/2023
1379,3M Tires Model-220,Automotive,Tires,3M,470.14,295.57,4134,2.8,2543,TRUE,8/19/2023
1380,3M Tires Model-724,Automotive,Tires,3M,2614.17,1056.92,1097,4.6,767,FALSE,12/18/2023
1381,Bosch Tires Model-812,Automotive,Tires,Bosch,2821.82,1207.95,974,4.4,3567,FALSE,9/25/2022
1382,Bosch Tires Model-809,Automotive,Tires,Bosch,126.22,88.23,332,3.2,4044,TRUE,3/13/2026
1383,Castrol Tires Model-207,Automotive,Tires,Castrol,3691.67,1844.81,3651,3.4,1083,TRUE,12/17/2025
1384,Bosch Tires Model-651,Automotive,Tires,Bosch,271.66,128.86,4578,3.5,1620,TRUE,5/22/2021
1385,3M Tires Model-668,Automotive,Tires,3M,2483.55,1313.31,2949,4.7,3866,TRUE,4/13/2021
1386,Bosch Tires Model-423,Automotive,Tires,Bosch,4713.07,2236.35,4045,3.2,4902,TRUE,7/26/2024
1387,Michelin Tires Model-274,Automotive,Tires,Michelin,2595.42,1082.33,4470,2.6,211,TRUE,7/10/2024
1388,Meguiar's Tires Model-102,Automotive,Tires,Meguiar'S,454.1,197.4,2040,4.1,45,TRUE,9/7/2021
1389,Bosch Tires Model-932,Automotive,Tires,Bosch,4534.06,2858.86,78,4,201,FALSE,11/24/2022
1390,3M Tires Model-647,Automotive,Tires,3M,3524.43,2262.65,2896,2.8,3281,FALSE,12/12/2019
1391,Meguiar's Tires Model-505,Automotive,Tires,Meguiar'S,102.2,48.87,2177,4.7,393,TRUE,7/3/2021
1392,Meguiar's Tires Model-787,Automotive,Tires,Meguiar'S,1451.76,888.23,3265,4.3,3556,TRUE,5/27/2020
1393,Bridgestone Tires Model-577,Automotive,Tires,Bridgestone,852.82,517.62,3636,2.8,857,TRUE,10/26/2022
1394,Bosch Tires Model-910,Automotive,Tires,Bosch,3904.81,2566.09,308,2.9,3125,TRUE,1/7/2021
1395,Meguiar's Tires Model-971,Automotive,Tires,Meguiar'S,3251.95,2076.57,2913,4.3,4790,TRUE,1/8/2020
1396,Bridgestone Tires Model-424,Automotive,Tires,Bridgestone,2656.7,1367.98,4154,4.5,2049,TRUE,2/25/2021
1397,Meguiar's Car Care Model-381,Automotive,Car Care,Meguiar'S,2254.45,1140.04,4968,4.9,4360,TRUE,12/22/2020
1398,Castrol Car Care Model-669,Automotive,Car Care,Castrol,2710.07,1442.48,690,4.5,2488,TRUE,11/10/2021
1399,Castrol Car Care Model-967,Automotive,Car Care,Castrol,3662.27,1711.66,3614,4.8,3094,TRUE,12/16/2025
1400,Michelin Car Care Model-548,Automotive,Car Care,Michelin,2565.33,1287.37,3832,4,3627,FALSE,6/4/2021
1401,Michelin Car Care Model-323,Automotive,Car Care,Michelin,2647.85,1578.59,1472,4.3,131,TRUE,10/11/2020
1402,Bosch Car Care Model-269,Automotive,Car Care,Bosch,4663.1,2763.75,4400,4.8,2800,TRUE,4/10/2021
1403,Bosch Car Care Model-774,Automotive,Car Care,Bosch,2003.48,848.53,568,4.5,1307,TRUE,10/13/2023
1404,3M Car Care Model-104,Automotive,Car Care,3M,2022.18,1306.69,4985,3.5,726,TRUE,3/29/2023
1405,3M Car Care Model-617,Automotive,Car Care,3M,4369.78,2908.89,3651,3.8,1311,TRUE,6/14/2020
1406,Bridgestone Car Care Model-531,Automotive,Car Care,Bridgestone,1853.9,942.08,1071,4.4,1790,TRUE,10/23/2021
1407,Bridgestone Car Care Model-142,Automotive,Car Care,Bridgestone,3196.7,1880.9,2462,4.3,2758,TRUE,8/10/2021
1408,Meguiar's Car Care Model-298,Automotive,Car Care,Meguiar'S,2757.17,1538.78,1626,4.4,3088,FALSE,10/4/2025
1409,Michelin Car Care Model-363,Automotive,Car Care,Michelin,2620.64,1279.57,4350,3.5,356,TRUE,10/14/2025
1410,Bridgestone Car Care Model-438,Automotive,Car Care,Bridgestone,2028.09,1412.49,1501,4.2,1826,TRUE,11/12/2022
1411,Bridgestone Car Care Model-122,Automotive,Car Care,Bridgestone,4678.46,2544.2,3819,4.7,855,TRUE,4/8/2022
1412,Bridgestone Car Care Model-608,Automotive,Car Care,Bridgestone,2639.02,1464.43,187,2.7,508,TRUE,9/4/2021
1413,Bosch Car Care Model-172,Automotive,Car Care,Bosch,4048.76,1837.35,4323,2.9,2060,TRUE,1/24/2022
1414,Michelin Car Care Model-304,Automotive,Car Care,Michelin,2544.68,1612.37,4588,3.8,2492,FALSE,6/13/2022
1415,Castrol Car Care Model-124,Automotive,Car Care,Castrol,4418.9,2374.53,2527,3.1,1088,TRUE,3/30/2021
1416,Meguiar's Car Care Model-789,Automotive,Car Care,Meguiar'S,1784.17,745.55,454,3.6,3504,FALSE,1/3/2024
1417,Bosch Car Care Model-135,Automotive,Car Care,Bosch,1676.9,1061.8,1557,4.9,2610,FALSE,2/22/2026
1418,Bridgestone Car Care Model-492,Automotive,Car Care,Bridgestone,4464.71,2740.86,1801,3.5,3705,TRUE,6/8/2021
1419,3M Car Care Model-285,Automotive,Car Care,3M,349.13,241.47,3864,3.2,2918,TRUE,11/15/2023
1420,Bridgestone Car Care Model-730,Automotive,Car Care,Bridgestone,1127.23,557.75,3405,4.3,2254,TRUE,12/19/2021
1421,Bridgestone Car Care Model-408,Automotive,Car Care,Bridgestone,1217.96,686.57,615,3.6,1326,FALSE,1/21/2023
1422,Bridgestone Car Care Model-307,Automotive,Car Care,Bridgestone,2482.32,1037.74,3168,2.7,3203,TRUE,11/24/2019
1423,3M Car Care Model-884,Automotive,Car Care,3M,3351.8,1427.17,3095,3.3,493,TRUE,8/6/2025
1424,Castrol Car Care Model-792,Automotive,Car Care,Castrol,1643.75,909.36,1656,4.8,2703,FALSE,6/1/2020
1425,3M Car Care Model-740,Automotive,Car Care,3M,2606.23,1673.59,4561,3.7,3920,FALSE,9/7/2022
1426,Bosch Car Care Model-329,Automotive,Car Care,Bosch,10.74,5.25,3859,4.4,2319,TRUE,4/13/2020
1427,Castrol Car Care Model-774,Automotive,Car Care,Castrol,2264,1501.99,1046,3.8,1338,FALSE,12/29/2022
1428,Bridgestone Car Care Model-450,Automotive,Car Care,Bridgestone,3859.83,1753.34,1824,4.8,3083,FALSE,1/22/2023
1429,Castrol Tools Model-879,Automotive,Tools,Castrol,2276.83,1082.74,2117,2.5,2498,TRUE,10/14/2025
1430,3M Tools Model-466,Automotive,Tools,3M,1812.63,904.09,3271,4.1,1388,TRUE,7/21/2019
1431,Meguiar's Tools Model-134,Automotive,Tools,Meguiar'S,1317.4,658.05,2129,3.7,3258,TRUE,8/27/2024
1432,Bridgestone Tools Model-724,Automotive,Tools,Bridgestone,3494.52,2091.37,91,2.7,4605,FALSE,4/27/2023
1433,Bridgestone Tools Model-268,Automotive,Tools,Bridgestone,4370.25,2842.62,511,3.2,1966,TRUE,8/24/2020
1434,Meguiar's Tools Model-971,Automotive,Tools,Meguiar'S,2259.21,1497.42,4241,3.1,2183,TRUE,4/11/2019
1435,Castrol Tools Model-734,Automotive,Tools,Castrol,4116.62,2497.76,3818,4.7,1966,TRUE,6/26/2022
1436,Bosch Tools Model-280,Automotive,Tools,Bosch,4365.52,2798.03,497,2.9,2126,TRUE,5/20/2022
1437,Bridgestone Tools Model-637,Automotive,Tools,Bridgestone,2127.31,1096.78,4570,4.1,383,FALSE,6/29/2023
1438,Castrol Tools Model-960,Automotive,Tools,Castrol,4443.01,2117.02,1426,3.7,2517,FALSE,3/21/2024
1439,Michelin Tools Model-556,Automotive,Tools,Michelin,566.05,319.8,1585,3.7,4399,TRUE,10/30/2022
1440,3M Tools Model-513,Automotive,Tools,3M,621.74,277.96,4004,3,3880,TRUE,8/18/2021
1441,Bridgestone Tools Model-607,Automotive,Tools,Bridgestone,2642.43,1213.53,2390,2.6,1765,TRUE,5/20/2025
1442,Bridgestone Tools Model-507,Automotive,Tools,Bridgestone,4218.96,2225.71,985,3.6,2545,FALSE,12/3/2025
1443,Bridgestone Tools Model-840,Automotive,Tools,Bridgestone,2732.25,1566,3535,3.7,3221,TRUE,11/8/2019
1444,Meguiar's Tools Model-419,Automotive,Tools,Meguiar'S,701.69,378.45,1485,2.8,4047,FALSE,4/25/2026
1445,Meguiar's Tools Model-143,Automotive,Tools,Meguiar'S,2123.8,1478.32,3734,2.8,3630,TRUE,2/25/2026
1446,Bosch Tools Model-684,Automotive,Tools,Bosch,2598.88,1319.69,4994,2.9,3736,TRUE,12/7/2020
1447,Castrol Tools Model-254,Automotive,Tools,Castrol,4783.46,2771.04,451,5,212,TRUE,4/12/2022
1448,Michelin Tools Model-552,Automotive,Tools,Michelin,1121.3,528.98,2794,3.2,2342,FALSE,1/28/2020
1449,Michelin Tools Model-422,Automotive,Tools,Michelin,1735.85,964.04,1521,4.6,542,TRUE,5/6/2025
1450,Bosch Tools Model-194,Automotive,Tools,Bosch,430.38,273.15,15,3.6,213,FALSE,2/12/2024
1451,3M Tools Model-783,Automotive,Tools,3M,3269.26,1901.78,958,3,3204,TRUE,7/4/2022
1452,Castrol Tools Model-297,Automotive,Tools,Castrol,2772.15,1441.72,2424,2.9,2641,TRUE,7/2/2021
1453,Bosch Tools Model-811,Automotive,Tools,Bosch,1231.69,831.98,1432,4.5,725,TRUE,2/15/2020
1454,Castrol Tools Model-407,Automotive,Tools,Castrol,1693.12,1031.84,3695,3.3,4880,TRUE,4/11/2022
1455,Meguiar's Tools Model-719,Automotive,Tools,Meguiar'S,2947.93,1495.92,4676,4.4,3678,FALSE,6/23/2019
1456,Castrol Tools Model-924,Automotive,Tools,Castrol,485.51,264.13,2952,3.6,1031,TRUE,3/10/2025
1457,Castrol Tools Model-168,Automotive,Tools,Castrol,941.19,630.3,1772,3.3,3038,FALSE,3/1/2021
1458,3M Tools Model-730,Automotive,Tools,3M,4375.21,2419.87,1887,3.6,3551,TRUE,9/14/2023
1459,Bridgestone Tools Model-407,Automotive,Tools,Bridgestone,4260.08,2960.29,2555,4.3,4747,TRUE,5/5/2019
1460,3M Electronics Model-298,Automotive,Electronics,3M,4655,2911.6,3379,4.6,1580,TRUE,2/8/2026
1461,Michelin Electronics Model-826,Automotive,Electronics,Michelin,1891.27,1201.51,2250,2.9,4755,TRUE,8/24/2020
1462,Meguiar's Electronics Model-243,Automotive,Electronics,Meguiar'S,3053.04,1913.96,733,4,1432,TRUE,1/5/2024
1463,Bosch Electronics Model-757,Automotive,Electronics,Bosch,4785.47,3007.02,2795,2.6,4932,FALSE,1/26/2025
1464,Castrol Electronics Model-692,Automotive,Electronics,Castrol,308.17,191.48,4117,3.7,972,TRUE,7/20/2020
1465,Michelin Electronics Model-254,Automotive,Electronics,Michelin,1085.5,669.74,4139,3,4880,TRUE,3/5/2020
1466,Bosch Electronics Model-899,Automotive,Electronics,Bosch,4444.97,2666.72,3010,4.1,2441,FALSE,10/11/2023
1467,Michelin Electronics Model-870,Automotive,Electronics,Michelin,2178.54,911.22,3180,3.8,1945,TRUE,6/25/2022
1468,Bridgestone Electronics Model-131,Automotive,Electronics,Bridgestone,4834.94,1942.87,2676,4.2,2212,FALSE,11/3/2024
1469,Michelin Electronics Model-817,Automotive,Electronics,Michelin,405.43,255.68,970,4.6,2246,TRUE,9/11/2021
1470,3M Electronics Model-466,Automotive,Electronics,3M,14.85,8.14,1605,3,882,TRUE,11/10/2022
1471,Bosch Electronics Model-734,Automotive,Electronics,Bosch,2875.84,1695.04,1065,3.9,3882,TRUE,9/8/2025
1472,3M Electronics Model-736,Automotive,Electronics,3M,4213.83,2696,386,4,544,TRUE,4/3/2023
1473,Bosch Electronics Model-758,Automotive,Electronics,Bosch,338.16,177.5,4661,2.8,3019,TRUE,1/29/2025
1474,Bridgestone Electronics Model-507,Automotive,Electronics,Bridgestone,1027.88,418.88,4669,5,610,FALSE,10/30/2024
1475,Michelin Electronics Model-184,Automotive,Electronics,Michelin,546,274.15,1775,5,3410,TRUE,12/31/2025
1476,3M Electronics Model-723,Automotive,Electronics,3M,1467.03,718.57,1602,4.1,4978,FALSE,4/30/2021
1477,Castrol Electronics Model-970,Automotive,Electronics,Castrol,303.52,174.53,273,4.9,3044,TRUE,10/3/2022
1478,Castrol Electronics Model-910,Automotive,Electronics,Castrol,4022.43,1643.94,1805,2.9,2817,FALSE,12/8/2020
1479,Bosch Electronics Model-674,Automotive,Electronics,Bosch,3389.02,1911.53,4600,4.1,4419,TRUE,5/15/2022
1480,Meguiar's Electronics Model-371,Automotive,Electronics,Meguiar'S,2482.32,1299.6,4516,4.7,2707,TRUE,12/30/2022
1481,Michelin Electronics Model-683,Automotive,Electronics,Michelin,3418.94,2118.6,1335,4.3,258,TRUE,2/28/2026
1482,3M Electronics Model-788,Automotive,Electronics,3M,3786.03,2597.3,2369,2.7,4634,TRUE,2/22/2023
1483,Castrol Electronics Model-741,Automotive,Electronics,Castrol,2838.36,1136.6,4203,4.1,4744,TRUE,6/12/2023
1484,3M Electronics Model-803,Automotive,Electronics,3M,2493.09,1017.1,2951,2.9,4156,TRUE,8/27/2024
1485,3M Electronics Model-833,Automotive,Electronics,3M,2657.91,1097.33,1549,4,1182,TRUE,5/14/2019
1486,Meguiar's Electronics Model-643,Automotive,Electronics,Meguiar'S,3387.72,1951.63,1170,3.3,4422,TRUE,6/5/2024
1487,Meguiar's Electronics Model-723,Automotive,Electronics,Meguiar'S,3955.93,2430.98,4459,2.6,3917,TRUE,5/27/2021
1488,3M Electronics Model-869,Automotive,Electronics,3M,2362.75,1003.61,423,3.4,4520,FALSE,5/10/2025
1489,Bridgestone Electronics Model-631,Automotive,Electronics,Bridgestone,3442.01,1743.15,504,3.6,4263,FALSE,3/7/2025
1490,Michelin Electronics Model-362,Automotive,Electronics,Michelin,4020.87,2784.52,4853,3.4,963,TRUE,2/28/2019
1491,Bosch Electronics Model-173,Automotive,Electronics,Bosch,295.9,167.5,1988,4.3,3164,TRUE,7/17/2024
