customer_id,first_name,last_name,email,city,customer_segment,registration_date,is_active,loyalty_points
1,Customer_3927,Last_3927,Customer_3927@Email.Com,Al-Ahsa,Basic,1/1/2019 0:00,TRUE,20745
2,Customer_123,Last_123,Customer_123@Email.Com,Arar,Premium,1/2/2019 1:42,TRUE,36612
3,Customer_2414,Last_2414,Customer_2414@Email.Com,Al-Kharj,Standard,1/3/2019 3:24,TRUE,20797
4,Customer_2504,Last_2504,Customer_2504@Email.Com,Khamis Mushait,Standard,1/3/2019 16:15,TRUE,40889
5,Customer_1590,Last_1590,Customer_1590@Email.Com,Tabuk,Basic,1/3/2019 16:15,TRUE,31948
6,Customer_4960,Last_4960,Customer_4960@Email.Com,Hail,New,1/4/2019 5:06,FALSE,286
7,Customer_2463,Last_2463,Customer_2463@Email.Com,Najran,Basic,1/4/2019 17:57,TRUE,41978
8,Customer_1941,Last_1941,Customer_1941@Email.Com,Al-Kharj,Basic,1/5/2019 6:49,FALSE,832
9,Customer_3790,Last_3790,Customer_3790@Email.Com,Abha,Basic,1/5/2019 19:40,TRUE,47259
10,Customer_1766,Last_1766,Customer_1766@Email.Com,Al-Kharj,Basic,1/6/2019 21:22,TRUE,26863
11,Customer_3372,Last_3372,Customer_3372@Email.Com,Jubail,Basic,1/7/2019 10:13,TRUE,46095
12,Customer_736,Last_736,Customer_736@Email.Com,Najran,New,1/7/2019 10:13,TRUE,48848
13,Customer_4734,Last_4734,Customer_4734@Email.Com,Khamis Mushait,New,1/7/2019 23:04,TRUE,47609
14,Customer_1606,Last_1606,Customer_1606@Email.Com,Khamis Mushait,Standard,1/8/2019 11:55,TRUE,29633
15,Customer_416,Last_416,Customer_416@Email.Com,Riyadh,Basic,1/9/2019 0:46,TRUE,1658
16,Customer_477,Last_477,Customer_477@Email.Com,Jubail,Vip,1/9/2019 0:46,TRUE,43420
17,Customer_2901,Last_2901,Customer_2901@Email.Com,Abha,Basic,1/9/2019 13:38,TRUE,4964
18,Customer_4624,Last_4624,Customer_4624@Email.Com,Qatif,Basic,1/10/2019 15:20,TRUE,36474
19,Customer_4073,Last_4073,Customer_4073@Email.Com,Jeddah,Standard,1/11/2019 4:11,TRUE,3851
20,Customer_1153,Last_1153,Customer_1153@Email.Com,Jeddah,Basic,1/11/2019 17:02,TRUE,31986
21,Customer_2493,Last_2493,Customer_2493@Email.Com,Medina,Basic,1/11/2019 17:02,TRUE,25480
22,Customer_725,Last_725,Customer_725@Email.Com,Qatif,Standard,1/11/2019 17:02,TRUE,2991
23,Customer_1266,Last_1266,Customer_1266@Email.Com,Hail,Premium,1/12/2019 18:44,TRUE,20826
24,Customer_2996,Last_2996,Customer_2996@Email.Com,Dhahran,Standard,1/13/2019 7:36,TRUE,21985
25,Customer_1761,Last_1761,Customer_1761@Email.Com,Riyadh,New,1/14/2019 22:09,TRUE,4560
26,Customer_4836,Last_4836,Customer_4836@Email.Com,Abha,Vip,1/15/2019 11:00,TRUE,29396
27,Customer_1323,Last_1323,Customer_1323@Email.Com,Hail,Premium,1/15/2019 11:00,FALSE,31404
28,Customer_4336,Last_4336,Customer_4336@Email.Com,Dammam,Standard,1/15/2019 23:51,FALSE,63
29,Customer_472,Last_472,Customer_472@Email.Com,Dhahran,New,1/16/2019 12:42,TRUE,47457
30,Customer_3073,Last_3073,Customer_3073@Email.Com,Buraidah,New,1/16/2019 12:42,TRUE,26999
31,Customer_2730,Last_2730,Customer_2730@Email.Com,Tabuk,Basic,1/17/2019 1:33,TRUE,9131
32,Customer_1067,Last_1067,Customer_1067@Email.Com,Al-Kharj,Basic,1/18/2019 16:07,TRUE,26965
33,Customer_3738,Last_3738,Customer_3738@Email.Com,Riyadh,Premium,1/20/2019 19:31,TRUE,8515
34,Customer_3043,Last_3043,Customer_3043@Email.Com,Medina,New,1/21/2019 8:22,TRUE,23583
35,Customer_2675,Last_2675,Customer_2675@Email.Com,Tabuk,Vip,1/21/2019 8:22,TRUE,24462
36,Customer_3893,Last_3893,Customer_3893@Email.Com,Khobar,Standard,1/22/2019 10:05,TRUE,23324
37,Customer_4661,Last_4661,Customer_4661@Email.Com,Arar,Standard,1/24/2019 0:38,TRUE,20929
38,Customer_964,Last_964,Customer_964@Email.Com,Buraidah,Vip,1/25/2019 2:20,TRUE,45440
39,Customer_1827,Last_1827,Customer_1827@Email.Com,Dhahran,Basic,1/25/2019 2:20,FALSE,42019
40,Customer_764,Last_764,Customer_764@Email.Com,Dammam,Standard,1/25/2019 2:20,FALSE,42174
41,Customer_4258,Last_4258,Customer_4258@Email.Com,Jubail,Basic,1/26/2019 4:03,TRUE,28803
42,Customer_4007,Last_4007,Customer_4007@Email.Com,Hail,Standard,1/26/2019 4:03,FALSE,11717
43,Customer_371,Last_371,Customer_371@Email.Com,Qatif,Standard,1/26/2019 16:54,TRUE,34360
44,Customer_4387,Last_4387,Customer_4387@Email.Com,Abha,Vip,1/27/2019 5:45,FALSE,37313
45,Customer_4684,Last_4684,Customer_4684@Email.Com,Dhahran,Standard,1/27/2019 18:36,TRUE,24041
46,Customer_4491,Last_4491,Customer_4491@Email.Com,Arar,Basic,1/27/2019 18:36,TRUE,36782
47,Customer_2425,Last_2425,Customer_2425@Email.Com,Yanbu,Standard,1/28/2019 20:18,TRUE,35017
48,Customer_328,Last_328,Customer_328@Email.Com,Qatif,Basic,1/30/2019 23:43,TRUE,37886
49,Customer_3742,Last_3742,Customer_3742@Email.Com,Al-Kharj,Basic,2/1/2019 1:25,TRUE,13771
50,Customer_2141,Last_2141,Customer_2141@Email.Com,Dhahran,New,2/1/2019 1:25,FALSE,37965
51,Customer_1096,Last_1096,Customer_1096@Email.Com,Hail,New,2/1/2019 1:25,FALSE,22584
52,Customer_2735,Last_2735,Customer_2735@Email.Com,Najran,Standard,2/1/2019 1:25,FALSE,20721
53,Customer_3733,Last_3733,Customer_3733@Email.Com,Medina,Basic,2/2/2019 3:07,TRUE,39705
54,Customer_657,Last_657,Customer_657@Email.Com,Najran,Standard,2/2/2019 15:58,TRUE,33117
55,Customer_2364,Last_2364,Customer_2364@Email.Com,Khobar,Standard,2/2/2019 15:58,TRUE,11679
56,Customer_1389,Last_1389,Customer_1389@Email.Com,Yanbu,Premium,2/2/2019 15:58,TRUE,31171
57,Customer_4077,Last_4077,Customer_4077@Email.Com,Arar,Basic,2/2/2019 15:58,FALSE,40591
58,Customer_3928,Last_3928,Customer_3928@Email.Com,Dammam,Basic,2/3/2019 4:50,TRUE,20336
59,Customer_887,Last_887,Customer_887@Email.Com,Najran,Basic,2/3/2019 4:50,TRUE,46895
60,Customer_4022,Last_4022,Customer_4022@Email.Com,Taif,Vip,2/3/2019 4:50,TRUE,42759
61,Customer_678,Last_678,Customer_678@Email.Com,Medina,Standard,2/3/2019 17:41,TRUE,18114
62,Customer_1362,Last_1362,Customer_1362@Email.Com,Al-Kharj,Basic,2/4/2019 6:32,FALSE,24641
63,Customer_3831,Last_3831,Customer_3831@Email.Com,Arar,Premium,2/4/2019 6:32,TRUE,43171
64,Customer_1559,Last_1559,Customer_1559@Email.Com,Riyadh,Standard,2/4/2019 19:23,TRUE,18722
65,Customer_4550,Last_4550,Customer_4550@Email.Com,Mecca,New,2/5/2019 8:14,TRUE,22736
66,Customer_376,Last_376,Customer_376@Email.Com,Taif,Basic,2/5/2019 8:14,TRUE,9151
67,Customer_1561,Last_1561,Customer_1561@Email.Com,Riyadh,Standard,2/5/2019 21:05,FALSE,21571
68,Customer_1721,Last_1721,Customer_1721@Email.Com,Al-Kharj,Basic,2/6/2019 9:56,FALSE,28065
69,Customer_4406,Last_4406,Customer_4406@Email.Com,Yanbu,Vip,2/6/2019 9:56,TRUE,30421
70,Customer_3322,Last_3322,Customer_3322@Email.Com,Dammam,Premium,2/6/2019 22:47,TRUE,4723
71,Customer_3305,Last_3305,Customer_3305@Email.Com,Dammam,Basic,2/7/2019 11:39,TRUE,35701
72,Customer_375,Last_375,Customer_375@Email.Com,Qatif,Standard,2/7/2019 11:39,TRUE,6458
73,Customer_1556,Last_1556,Customer_1556@Email.Com,Hail,Premium,2/8/2019 0:30,FALSE,46557
74,Customer_1322,Last_1322,Customer_1322@Email.Com,Najran,Standard,2/8/2019 0:30,TRUE,30125
75,Customer_1211,Last_1211,Customer_1211@Email.Com,Jubail,Basic,2/8/2019 0:30,TRUE,16795
76,Customer_3816,Last_3816,Customer_3816@Email.Com,Riyadh,Standard,2/9/2019 2:12,TRUE,49178
77,Customer_554,Last_554,Customer_554@Email.Com,Yanbu,Basic,2/9/2019 15:03,TRUE,3993
78,Customer_4891,Last_4891,Customer_4891@Email.Com,Qatif,Basic,2/10/2019 16:45,FALSE,13276
79,Customer_1338,Last_1338,Customer_1338@Email.Com,Hail,Standard,2/11/2019 18:28,TRUE,7488
80,Customer_3142,Last_3142,Customer_3142@Email.Com,Jeddah,Basic,2/11/2019 18:28,TRUE,11864
81,Customer_1057,Last_1057,Customer_1057@Email.Com,Taif,Basic,2/12/2019 7:19,TRUE,14893
82,Customer_1005,Last_1005,Customer_1005@Email.Com,Buraidah,Basic,2/12/2019 7:19,TRUE,33043
83,Customer_2007,Last_2007,Customer_2007@Email.Com,Al-Kharj,Standard,2/13/2019 9:01,TRUE,46809
84,Customer_3908,Last_3908,Customer_3908@Email.Com,Al-Kharj,Standard,2/13/2019 9:01,TRUE,40776
85,Customer_1301,Last_1301,Customer_1301@Email.Com,Abha,Basic,2/14/2019 10:43,TRUE,36554
86,Customer_4297,Last_4297,Customer_4297@Email.Com,Buraidah,Standard,2/14/2019 10:43,TRUE,42070
87,Customer_1763,Last_1763,Customer_1763@Email.Com,Khobar,New,2/14/2019 23:34,FALSE,15560
88,Customer_3749,Last_3749,Customer_3749@Email.Com,Tabuk,Standard,2/14/2019 23:34,FALSE,26082
89,Customer_2851,Last_2851,Customer_2851@Email.Com,Tabuk,Basic,2/14/2019 23:34,TRUE,872
90,Customer_2546,Last_2546,Customer_2546@Email.Com,Al-Kharj,Basic,2/15/2019 12:26,TRUE,23990
91,Customer_2573,Last_2573,Customer_2573@Email.Com,Tabuk,New,2/15/2019 12:26,FALSE,40452
92,Customer_4770,Last_4770,Customer_4770@Email.Com,Khobar,New,2/15/2019 12:26,TRUE,8813
93,Customer_911,Last_911,Customer_911@Email.Com,Al-Kharj,Basic,2/17/2019 15:50,TRUE,44159
94,Customer_2296,Last_2296,Customer_2296@Email.Com,Jubail,New,2/18/2019 17:32,TRUE,1125
95,Customer_1951,Last_1951,Customer_1951@Email.Com,Taif,Premium,2/18/2019 17:32,FALSE,34139
96,Customer_1875,Last_1875,Customer_1875@Email.Com,Mecca,Basic,2/18/2019 17:32,TRUE,2057
97,Customer_3846,Last_3846,Customer_3846@Email.Com,Dhahran,Standard,2/19/2019 6:23,TRUE,14184
98,Customer_2272,Last_2272,Customer_2272@Email.Com,Khamis Mushait,Premium,2/19/2019 6:23,TRUE,16637
99,Customer_112,Last_112,Customer_112@Email.Com,Medina,Basic,2/19/2019 6:23,TRUE,5951
100,Customer_2818,Last_2818,Customer_2818@Email.Com,Dhahran,Vip,2/20/2019 8:06,FALSE,10429
101,Customer_272,Last_272,Customer_272@Email.Com,Khobar,Standard,2/20/2019 20:57,TRUE,424
102,Customer_3871,Last_3871,Customer_3871@Email.Com,Najran,Standard,2/22/2019 11:30,TRUE,41372
103,Customer_1595,Last_1595,Customer_1595@Email.Com,Taif,Premium,2/22/2019 11:30,FALSE,10373
104,Customer_3336,Last_3336,Customer_3336@Email.Com,Tabuk,Basic,2/23/2019 0:21,FALSE,46492
105,Customer_3681,Last_3681,Customer_3681@Email.Com,Riyadh,Standard,2/23/2019 0:21,TRUE,14705
106,Customer_1896,Last_1896,Customer_1896@Email.Com,Taif,New,2/23/2019 13:13,TRUE,6722
107,Customer_3484,Last_3484,Customer_3484@Email.Com,Hail,Basic,2/24/2019 14:55,TRUE,5664
108,Customer_3023,Last_3023,Customer_3023@Email.Com,Mecca,New,2/25/2019 16:37,TRUE,46729
109,Customer_1901,Last_1901,Customer_1901@Email.Com,Arar,Standard,2/25/2019 16:37,TRUE,39897
110,Customer_1453,Last_1453,Customer_1453@Email.Com,Jubail,Basic,2/25/2019 16:37,FALSE,44391
111,Customer_3307,Last_3307,Customer_3307@Email.Com,Dhahran,Standard,2/26/2019 5:28,TRUE,41032
112,Customer_1398,Last_1398,Customer_1398@Email.Com,Yanbu,Standard,2/26/2019 5:28,TRUE,19689
113,Customer_982,Last_982,Customer_982@Email.Com,Najran,Basic,2/26/2019 18:19,FALSE,46360
114,Customer_3079,Last_3079,Customer_3079@Email.Com,Khamis Mushait,Vip,2/26/2019 18:19,TRUE,22459
115,Customer_1423,Last_1423,Customer_1423@Email.Com,Dhahran,Basic,2/26/2019 18:19,TRUE,29543
116,Customer_4930,Last_4930,Customer_4930@Email.Com,Al-Ahsa,Standard,2/26/2019 18:19,TRUE,37056
117,Customer_4533,Last_4533,Customer_4533@Email.Com,Al-Ahsa,Basic,2/28/2019 8:53,TRUE,21896
118,Customer_3078,Last_3078,Customer_3078@Email.Com,Najran,Standard,2/28/2019 21:44,TRUE,19282
119,Customer_213,Last_213,Customer_213@Email.Com,Buraidah,New,2/28/2019 21:44,TRUE,3216
120,Customer_1543,Last_1543,Customer_1543@Email.Com,Khobar,New,2/28/2019 21:44,TRUE,49810
121,Customer_1378,Last_1378,Customer_1378@Email.Com,Yanbu,Standard,3/1/2019 10:35,TRUE,14066
122,Customer_3340,Last_3340,Customer_3340@Email.Com,Abha,New,3/1/2019 10:35,TRUE,6469
123,Customer_2934,Last_2934,Customer_2934@Email.Com,Jubail,Premium,3/1/2019 10:35,TRUE,30373
124,Customer_4561,Last_4561,Customer_4561@Email.Com,Riyadh,Standard,3/1/2019 23:26,TRUE,49217
125,Customer_3137,Last_3137,Customer_3137@Email.Com,Mecca,Basic,3/2/2019 12:17,TRUE,48116
126,Customer_3809,Last_3809,Customer_3809@Email.Com,Yanbu,Basic,3/3/2019 1:08,TRUE,18918
127,Customer_2920,Last_2920,Customer_2920@Email.Com,Medina,Premium,3/4/2019 2:51,TRUE,40845
128,Customer_2902,Last_2902,Customer_2902@Email.Com,Taif,Standard,3/4/2019 2:51,TRUE,34070
129,Customer_3792,Last_3792,Customer_3792@Email.Com,Qatif,Vip,3/6/2019 19:06,TRUE,47013
130,Customer_4462,Last_4462,Customer_4462@Email.Com,Tabuk,Standard,3/7/2019 20:49,TRUE,9857
131,Customer_4786,Last_4786,Customer_4786@Email.Com,Al-Kharj,Basic,3/10/2019 13:04,TRUE,45567
132,Customer_4109,Last_4109,Customer_4109@Email.Com,Abha,Premium,3/11/2019 1:55,TRUE,25114
133,Customer_3423,Last_3423,Customer_3423@Email.Com,Najran,Premium,3/11/2019 14:46,TRUE,34572
134,Customer_3731,Last_3731,Customer_3731@Email.Com,Abha,Standard,3/11/2019 14:46,TRUE,44155
135,Customer_469,Last_469,Customer_469@Email.Com,Qatif,Standard,3/12/2019 3:38,TRUE,35751
136,Customer_2576,Last_2576,Customer_2576@Email.Com,Medina,New,3/12/2019 3:38,TRUE,41129
137,Customer_197,Last_197,Customer_197@Email.Com,Dammam,Basic,3/13/2019 5:20,TRUE,27563
138,Customer_3113,Last_3113,Customer_3113@Email.Com,Abha,Basic,3/14/2019 7:02,FALSE,45462
139,Customer_3897,Last_3897,Customer_3897@Email.Com,Buraidah,Vip,3/14/2019 7:02,TRUE,1612
140,Customer_3811,Last_3811,Customer_3811@Email.Com,Taif,Standard,3/15/2019 21:35,TRUE,32771
141,Customer_158,Last_158,Customer_158@Email.Com,Al-Kharj,Basic,3/18/2019 1:00,TRUE,1015
142,Customer_331,Last_331,Customer_331@Email.Com,Al-Ahsa,Vip,3/18/2019 13:51,FALSE,40794
143,Customer_3953,Last_3953,Customer_3953@Email.Com,Taif,New,3/20/2019 4:25,TRUE,15925
144,Customer_3389,Last_3389,Customer_3389@Email.Com,Buraidah,Vip,3/20/2019 17:16,TRUE,11931
145,Customer_2506,Last_2506,Customer_2506@Email.Com,Hail,Basic,3/20/2019 17:16,TRUE,18642
146,Customer_269,Last_269,Customer_269@Email.Com,Al-Ahsa,New,3/21/2019 6:07,TRUE,21079
147,Customer_2426,Last_2426,Customer_2426@Email.Com,Buraidah,New,3/21/2019 6:07,TRUE,10705
148,Customer_2821,Last_2821,Customer_2821@Email.Com,Dhahran,Basic,3/21/2019 18:58,TRUE,17640
149,Customer_2932,Last_2932,Customer_2932@Email.Com,Dammam,Standard,3/22/2019 7:49,TRUE,33779
150,Customer_1622,Last_1622,Customer_1622@Email.Com,Al-Ahsa,Standard,3/22/2019 20:40,FALSE,17751
151,Customer_4131,Last_4131,Customer_4131@Email.Com,Buraidah,Basic,3/23/2019 9:31,TRUE,20926
152,Customer_2913,Last_2913,Customer_2913@Email.Com,Abha,Standard,3/25/2019 0:05,TRUE,24054
153,Customer_2219,Last_2219,Customer_2219@Email.Com,Riyadh,Vip,3/26/2019 1:47,TRUE,44764
154,Customer_4565,Last_4565,Customer_4565@Email.Com,Tabuk,Basic,3/26/2019 14:38,TRUE,10433
155,Customer_208,Last_208,Customer_208@Email.Com,Tabuk,Basic,3/26/2019 14:38,TRUE,2424
156,Customer_3409,Last_3409,Customer_3409@Email.Com,Arar,Standard,3/27/2019 16:20,TRUE,9995
157,Customer_2939,Last_2939,Customer_2939@Email.Com,Qatif,Standard,3/27/2019 16:20,TRUE,13594
158,Customer_4921,Last_4921,Customer_4921@Email.Com,Buraidah,Standard,3/28/2019 5:11,FALSE,18560
159,Customer_3344,Last_3344,Customer_3344@Email.Com,Taif,Standard,3/29/2019 19:45,TRUE,21637
160,Customer_2544,Last_2544,Customer_2544@Email.Com,Najran,Standard,3/31/2019 10:18,TRUE,30982
161,Customer_2832,Last_2832,Customer_2832@Email.Com,Abha,Premium,3/31/2019 23:09,TRUE,5736
162,Customer_621,Last_621,Customer_621@Email.Com,Medina,Standard,4/2/2019 0:52,TRUE,30396
163,Customer_2531,Last_2531,Customer_2531@Email.Com,Al-Ahsa,Basic,4/2/2019 13:43,FALSE,32229
164,Customer_2210,Last_2210,Customer_2210@Email.Com,Al-Ahsa,Basic,4/2/2019 13:43,TRUE,36123
165,Customer_946,Last_946,Customer_946@Email.Com,Medina,New,4/3/2019 15:25,TRUE,39874
166,Customer_3263,Last_3263,Customer_3263@Email.Com,Taif,Premium,4/4/2019 4:16,TRUE,9868
167,Customer_392,Last_392,Customer_392@Email.Com,Qatif,Standard,4/4/2019 17:07,FALSE,15941
168,Customer_2611,Last_2611,Customer_2611@Email.Com,Jubail,Basic,4/4/2019 17:07,TRUE,14685
169,Customer_3510,Last_3510,Customer_3510@Email.Com,Taif,Standard,4/5/2019 5:58,TRUE,11579
170,Customer_2626,Last_2626,Customer_2626@Email.Com,Jeddah,Standard,4/5/2019 5:58,FALSE,39206
171,Customer_1999,Last_1999,Customer_1999@Email.Com,Dammam,Standard,4/5/2019 18:50,TRUE,3769
172,Customer_4560,Last_4560,Customer_4560@Email.Com,Tabuk,Standard,4/6/2019 7:41,FALSE,32764
173,Customer_1771,Last_1771,Customer_1771@Email.Com,Khamis Mushait,New,4/6/2019 20:32,FALSE,23910
174,Customer_3642,Last_3642,Customer_3642@Email.Com,Riyadh,Vip,4/7/2019 22:14,FALSE,17088
175,Customer_3342,Last_3342,Customer_3342@Email.Com,Medina,Basic,4/8/2019 11:05,TRUE,43473
176,Customer_2337,Last_2337,Customer_2337@Email.Com,Jeddah,Premium,4/8/2019 23:56,FALSE,33557
177,Customer_3703,Last_3703,Customer_3703@Email.Com,Medina,Standard,4/9/2019 12:47,TRUE,6260
178,Customer_310,Last_310,Customer_310@Email.Com,Dhahran,Basic,4/9/2019 12:47,TRUE,49577
179,Customer_1017,Last_1017,Customer_1017@Email.Com,Dhahran,Premium,4/9/2019 12:47,TRUE,24498
180,Customer_3162,Last_3162,Customer_3162@Email.Com,Jeddah,Basic,4/9/2019 12:47,TRUE,41049
181,Customer_1877,Last_1877,Customer_1877@Email.Com,Arar,Standard,4/9/2019 12:47,TRUE,37589
182,Customer_570,Last_570,Customer_570@Email.Com,Dammam,Standard,4/11/2019 3:21,FALSE,31850
183,Customer_2217,Last_2217,Customer_2217@Email.Com,Tabuk,Standard,4/11/2019 16:12,TRUE,8280
184,Customer_2359,Last_2359,Customer_2359@Email.Com,Mecca,New,4/12/2019 17:54,TRUE,34734
185,Customer_4828,Last_4828,Customer_4828@Email.Com,Jeddah,Vip,4/12/2019 17:54,TRUE,4527
186,Customer_1692,Last_1692,Customer_1692@Email.Com,Yanbu,Basic,4/12/2019 17:54,FALSE,19448
187,Customer_2505,Last_2505,Customer_2505@Email.Com,Mecca,Standard,4/12/2019 17:54,TRUE,24055
188,Customer_2058,Last_2058,Customer_2058@Email.Com,Arar,New,4/13/2019 6:45,TRUE,11188
189,Customer_3892,Last_3892,Customer_3892@Email.Com,Buraidah,Premium,4/13/2019 6:45,TRUE,19169
190,Customer_2132,Last_2132,Customer_2132@Email.Com,Al-Ahsa,Vip,4/13/2019 6:45,FALSE,6795
191,Customer_1532,Last_1532,Customer_1532@Email.Com,Yanbu,Basic,4/13/2019 19:37,TRUE,7085
192,Customer_896,Last_896,Customer_896@Email.Com,Jeddah,Standard,4/15/2019 10:10,TRUE,35911
193,Customer_826,Last_826,Customer_826@Email.Com,Riyadh,Vip,4/15/2019 10:10,FALSE,14947
194,Customer_4239,Last_4239,Customer_4239@Email.Com,Khobar,Premium,4/15/2019 23:01,TRUE,32213
195,Customer_2382,Last_2382,Customer_2382@Email.Com,Jeddah,Standard,4/16/2019 11:52,TRUE,19638
196,Customer_3521,Last_3521,Customer_3521@Email.Com,Riyadh,Standard,4/16/2019 11:52,TRUE,35373
197,Customer_1190,Last_1190,Customer_1190@Email.Com,Tabuk,Premium,4/17/2019 13:34,TRUE,24043
198,Customer_4405,Last_4405,Customer_4405@Email.Com,Tabuk,Basic,4/19/2019 16:59,TRUE,12156
199,Customer_4552,Last_4552,Customer_4552@Email.Com,Arar,Basic,4/20/2019 18:41,TRUE,4808
200,Customer_4634,Last_4634,Customer_4634@Email.Com,Hail,Basic,4/21/2019 7:32,TRUE,11857
201,Customer_134,Last_134,Customer_134@Email.Com,Jeddah,Basic,4/22/2019 9:15,TRUE,27617
202,Customer_2188,Last_2188,Customer_2188@Email.Com,Hail,New,4/22/2019 22:06,TRUE,40459
203,Customer_3624,Last_3624,Customer_3624@Email.Com,Dhahran,Basic,4/22/2019 22:06,TRUE,10472
204,Customer_2758,Last_2758,Customer_2758@Email.Com,Arar,Premium,4/23/2019 23:48,TRUE,4666
205,Customer_2635,Last_2635,Customer_2635@Email.Com,Jubail,Basic,4/25/2019 1:30,TRUE,1834
206,Customer_988,Last_988,Customer_988@Email.Com,Tabuk,Vip,4/25/2019 14:21,FALSE,38829
207,Customer_811,Last_811,Customer_811@Email.Com,Buraidah,Standard,4/26/2019 16:04,TRUE,49005
208,Customer_895,Last_895,Customer_895@Email.Com,Al-Kharj,Vip,4/26/2019 16:04,TRUE,7322
209,Customer_1493,Last_1493,Customer_1493@Email.Com,Dammam,Basic,4/28/2019 6:37,FALSE,48654
210,Customer_4379,Last_4379,Customer_4379@Email.Com,Dhahran,Basic,4/28/2019 6:37,FALSE,4789
211,Customer_312,Last_312,Customer_312@Email.Com,Riyadh,Basic,4/28/2019 19:28,TRUE,41709
212,Customer_3663,Last_3663,Customer_3663@Email.Com,Dammam,Vip,4/29/2019 21:10,TRUE,33397
213,Customer_3931,Last_3931,Customer_3931@Email.Com,Riyadh,Basic,5/1/2019 11:44,FALSE,880
214,Customer_1045,Last_1045,Customer_1045@Email.Com,Mecca,New,5/2/2019 0:35,TRUE,26188
215,Customer_3447,Last_3447,Customer_3447@Email.Com,Qatif,Standard,5/3/2019 2:17,FALSE,3949
216,Customer_1997,Last_1997,Customer_1997@Email.Com,Khobar,Vip,5/3/2019 15:08,TRUE,40254
217,Customer_2733,Last_2733,Customer_2733@Email.Com,Riyadh,Basic,5/5/2019 5:42,TRUE,48754
218,Customer_2779,Last_2779,Customer_2779@Email.Com,Abha,Vip,5/5/2019 18:33,TRUE,11093
219,Customer_634,Last_634,Customer_634@Email.Com,Riyadh,Standard,5/7/2019 9:06,TRUE,40516
220,Customer_2563,Last_2563,Customer_2563@Email.Com,Taif,Vip,5/8/2019 10:49,TRUE,8174
221,Customer_4358,Last_4358,Customer_4358@Email.Com,Najran,Basic,5/8/2019 10:49,TRUE,48259
222,Customer_1058,Last_1058,Customer_1058@Email.Com,Tabuk,Basic,5/8/2019 23:40,TRUE,32956
223,Customer_2788,Last_2788,Customer_2788@Email.Com,Taif,Vip,5/9/2019 12:31,TRUE,39768
224,Customer_2456,Last_2456,Customer_2456@Email.Com,Jubail,New,5/9/2019 12:31,TRUE,27157
225,Customer_3949,Last_3949,Customer_3949@Email.Com,Khobar,New,5/10/2019 1:22,FALSE,18009
226,Customer_4053,Last_4053,Customer_4053@Email.Com,Al-Kharj,Standard,5/10/2019 1:22,TRUE,25582
227,Customer_1975,Last_1975,Customer_1975@Email.Com,Tabuk,New,5/11/2019 15:55,TRUE,12516
228,Customer_1152,Last_1152,Customer_1152@Email.Com,Najran,Premium,5/11/2019 15:55,TRUE,16415
229,Customer_920,Last_920,Customer_920@Email.Com,Riyadh,Basic,5/12/2019 4:46,TRUE,27027
230,Customer_3165,Last_3165,Customer_3165@Email.Com,Khobar,Basic,5/12/2019 4:46,TRUE,4190
231,Customer_2222,Last_2222,Customer_2222@Email.Com,Dammam,New,5/12/2019 4:46,TRUE,37729
232,Customer_43,Last_43,Customer_43@Email.Com,Jubail,Vip,5/12/2019 17:38,TRUE,2482
233,Customer_1070,Last_1070,Customer_1070@Email.Com,Dammam,New,5/13/2019 19:20,FALSE,42585
234,Customer_3606,Last_3606,Customer_3606@Email.Com,Qatif,Premium,5/13/2019 19:20,TRUE,42191
235,Customer_386,Last_386,Customer_386@Email.Com,Dhahran,Basic,5/13/2019 19:20,FALSE,47284
236,Customer_4371,Last_4371,Customer_4371@Email.Com,Jeddah,Standard,5/13/2019 19:20,FALSE,15690
237,Customer_4940,Last_4940,Customer_4940@Email.Com,Khamis Mushait,Premium,5/14/2019 8:11,TRUE,37628
238,Customer_2641,Last_2641,Customer_2641@Email.Com,Abha,New,5/15/2019 22:44,TRUE,10322
239,Customer_2835,Last_2835,Customer_2835@Email.Com,Dhahran,New,5/16/2019 11:35,TRUE,47165
240,Customer_3327,Last_3327,Customer_3327@Email.Com,Arar,Premium,5/17/2019 0:27,TRUE,8601
241,Customer_4740,Last_4740,Customer_4740@Email.Com,Najran,Standard,5/18/2019 2:09,TRUE,27865
242,Customer_4488,Last_4488,Customer_4488@Email.Com,Jubail,New,5/18/2019 2:09,FALSE,6203
243,Customer_3379,Last_3379,Customer_3379@Email.Com,Buraidah,Standard,5/18/2019 2:09,TRUE,1646
244,Customer_102,Last_102,Customer_102@Email.Com,Jubail,Vip,5/20/2019 5:33,TRUE,30172
245,Customer_1884,Last_1884,Customer_1884@Email.Com,Mecca,Standard,5/21/2019 20:07,TRUE,16972
246,Customer_4285,Last_4285,Customer_4285@Email.Com,Tabuk,Premium,5/22/2019 8:58,TRUE,34337
247,Customer_1484,Last_1484,Customer_1484@Email.Com,Dhahran,Basic,5/23/2019 10:40,TRUE,37469
248,Customer_3450,Last_3450,Customer_3450@Email.Com,Medina,Basic,5/23/2019 23:31,TRUE,26769
249,Customer_3469,Last_3469,Customer_3469@Email.Com,Tabuk,Basic,5/24/2019 12:22,TRUE,45048
250,Customer_2892,Last_2892,Customer_2892@Email.Com,Hail,Standard,5/25/2019 1:14,FALSE,16770
251,Customer_2552,Last_2552,Customer_2552@Email.Com,Tabuk,Standard,5/25/2019 14:05,TRUE,25060
252,Customer_921,Last_921,Customer_921@Email.Com,Mecca,Premium,5/26/2019 2:56,TRUE,5725
253,Customer_292,Last_292,Customer_292@Email.Com,Medina,Basic,5/26/2019 2:56,TRUE,4388
254,Customer_4621,Last_4621,Customer_4621@Email.Com,Khobar,Basic,5/26/2019 15:47,FALSE,35840
255,Customer_3880,Last_3880,Customer_3880@Email.Com,Hail,Premium,5/26/2019 15:47,TRUE,45289
256,Customer_734,Last_734,Customer_734@Email.Com,Al-Kharj,Vip,5/28/2019 6:20,FALSE,14155
257,Customer_1198,Last_1198,Customer_1198@Email.Com,Jubail,Standard,5/28/2019 6:20,TRUE,6486
258,Customer_4780,Last_4780,Customer_4780@Email.Com,Najran,Basic,5/28/2019 6:20,TRUE,29577
259,Customer_4594,Last_4594,Customer_4594@Email.Com,Dammam,Standard,5/28/2019 19:11,TRUE,11079
260,Customer_201,Last_201,Customer_201@Email.Com,Dammam,Basic,5/28/2019 19:11,TRUE,10711
261,Customer_3836,Last_3836,Customer_3836@Email.Com,Al-Ahsa,Basic,5/29/2019 8:03,TRUE,8963
262,Customer_4753,Last_4753,Customer_4753@Email.Com,Dammam,Basic,5/29/2019 8:03,FALSE,40653
263,Customer_2942,Last_2942,Customer_2942@Email.Com,Taif,New,5/29/2019 8:03,TRUE,12669
264,Customer_689,Last_689,Customer_689@Email.Com,Yanbu,New,5/30/2019 9:45,TRUE,12860
265,Customer_706,Last_706,Customer_706@Email.Com,Al-Ahsa,Standard,5/30/2019 9:45,TRUE,1947
266,Customer_2125,Last_2125,Customer_2125@Email.Com,Al-Kharj,Standard,5/30/2019 22:36,TRUE,14867
267,Customer_4088,Last_4088,Customer_4088@Email.Com,Buraidah,Standard,5/31/2019 11:27,TRUE,10796
268,Customer_3729,Last_3729,Customer_3729@Email.Com,Khamis Mushait,Vip,6/1/2019 0:18,TRUE,42042
269,Customer_2964,Last_2964,Customer_2964@Email.Com,Jeddah,Standard,6/2/2019 2:00,TRUE,4024
270,Customer_4214,Last_4214,Customer_4214@Email.Com,Qatif,Premium,6/2/2019 14:52,TRUE,7004
271,Customer_4223,Last_4223,Customer_4223@Email.Com,Buraidah,Basic,6/3/2019 16:34,TRUE,19255
272,Customer_1244,Last_1244,Customer_1244@Email.Com,Hail,Vip,6/3/2019 16:34,TRUE,27943
273,Customer_1160,Last_1160,Customer_1160@Email.Com,Tabuk,Standard,6/4/2019 18:16,TRUE,24150
274,Customer_3207,Last_3207,Customer_3207@Email.Com,Jubail,Basic,6/4/2019 18:16,TRUE,18259
275,Customer_1413,Last_1413,Customer_1413@Email.Com,Khamis Mushait,Standard,6/6/2019 8:50,TRUE,9112
276,Customer_2828,Last_2828,Customer_2828@Email.Com,Taif,Standard,6/7/2019 10:32,TRUE,1409
277,Customer_1550,Last_1550,Customer_1550@Email.Com,Jubail,New,6/8/2019 12:14,TRUE,10645
278,Customer_3030,Last_3030,Customer_3030@Email.Com,Buraidah,Basic,6/9/2019 13:56,TRUE,25545
279,Customer_1954,Last_1954,Customer_1954@Email.Com,Hail,Standard,6/10/2019 2:47,TRUE,27535
280,Customer_4367,Last_4367,Customer_4367@Email.Com,Dhahran,Standard,6/10/2019 2:47,TRUE,26965
281,Customer_1705,Last_1705,Customer_1705@Email.Com,Arar,New,6/11/2019 4:30,TRUE,17454
282,Customer_2739,Last_2739,Customer_2739@Email.Com,Najran,Premium,6/11/2019 4:30,TRUE,48846
283,Customer_2949,Last_2949,Customer_2949@Email.Com,Riyadh,Vip,6/11/2019 17:21,TRUE,37639
284,Customer_3441,Last_3441,Customer_3441@Email.Com,Jubail,Basic,6/12/2019 6:12,TRUE,7697
285,Customer_266,Last_266,Customer_266@Email.Com,Riyadh,Standard,6/12/2019 6:12,TRUE,5578
286,Customer_438,Last_438,Customer_438@Email.Com,Hail,Basic,6/12/2019 6:12,TRUE,23898
287,Customer_998,Last_998,Customer_998@Email.Com,Buraidah,Basic,6/12/2019 6:12,TRUE,19152
288,Customer_3251,Last_3251,Customer_3251@Email.Com,Mecca,Premium,6/12/2019 19:03,FALSE,37120
289,Customer_2649,Last_2649,Customer_2649@Email.Com,Jeddah,New,6/12/2019 19:03,TRUE,44594
290,Customer_2614,Last_2614,Customer_2614@Email.Com,Qatif,Standard,6/13/2019 7:54,TRUE,27358
291,Customer_4540,Last_4540,Customer_4540@Email.Com,Al-Ahsa,Standard,6/13/2019 7:54,TRUE,44790
292,Customer_127,Last_127,Customer_127@Email.Com,Yanbu,New,6/13/2019 20:45,TRUE,7914
293,Customer_2136,Last_2136,Customer_2136@Email.Com,Riyadh,Premium,6/13/2019 20:45,TRUE,48562
294,Customer_1193,Last_1193,Customer_1193@Email.Com,Dammam,Standard,6/13/2019 20:45,TRUE,7426
295,Customer_3497,Last_3497,Customer_3497@Email.Com,Mecca,Standard,6/14/2019 9:36,TRUE,27977
296,Customer_2854,Last_2854,Customer_2854@Email.Com,Jubail,Basic,6/14/2019 9:36,TRUE,42563
297,Customer_410,Last_410,Customer_410@Email.Com,Jeddah,Basic,6/15/2019 11:19,TRUE,17499
298,Customer_1220,Last_1220,Customer_1220@Email.Com,Khamis Mushait,Premium,6/15/2019 11:19,TRUE,44291
299,Customer_1065,Last_1065,Customer_1065@Email.Com,Al-Ahsa,Basic,6/16/2019 13:01,TRUE,44292
300,Customer_4039,Last_4039,Customer_4039@Email.Com,Riyadh,Vip,6/18/2019 3:34,TRUE,48585
301,Customer_426,Last_426,Customer_426@Email.Com,Hail,Standard,6/18/2019 16:26,TRUE,40785
302,Customer_2743,Last_2743,Customer_2743@Email.Com,Tabuk,Standard,6/19/2019 5:17,TRUE,36131
303,Customer_4986,Last_4986,Customer_4986@Email.Com,Jubail,Standard,6/19/2019 18:08,TRUE,35564
304,Customer_2110,Last_2110,Customer_2110@Email.Com,Najran,Vip,6/19/2019 18:08,TRUE,46642
305,Customer_2868,Last_2868,Customer_2868@Email.Com,Dhahran,New,6/20/2019 6:59,TRUE,28015
306,Customer_3717,Last_3717,Customer_3717@Email.Com,Dhahran,Basic,6/20/2019 19:50,TRUE,7312
307,Customer_943,Last_943,Customer_943@Email.Com,Mecca,Premium,6/20/2019 19:50,TRUE,40087
308,Customer_2399,Last_2399,Customer_2399@Email.Com,Khamis Mushait,Basic,6/21/2019 8:41,TRUE,10988
309,Customer_227,Last_227,Customer_227@Email.Com,Medina,Premium,6/23/2019 12:06,TRUE,37079
310,Customer_263,Last_263,Customer_263@Email.Com,Taif,Basic,6/24/2019 0:57,TRUE,32575
311,Customer_3075,Last_3075,Customer_3075@Email.Com,Khamis Mushait,Standard,6/24/2019 0:57,TRUE,12952
312,Customer_559,Last_559,Customer_559@Email.Com,Mecca,New,6/25/2019 15:30,TRUE,14338
313,Customer_492,Last_492,Customer_492@Email.Com,Yanbu,New,6/25/2019 15:30,TRUE,25642
314,Customer_4307,Last_4307,Customer_4307@Email.Com,Medina,Basic,6/25/2019 15:30,TRUE,7575
315,Customer_783,Last_783,Customer_783@Email.Com,Jeddah,Standard,6/26/2019 4:21,TRUE,11938
316,Customer_2298,Last_2298,Customer_2298@Email.Com,Buraidah,Standard,6/26/2019 17:12,TRUE,22485
317,Customer_2754,Last_2754,Customer_2754@Email.Com,Najran,Standard,6/27/2019 6:04,TRUE,4223
318,Customer_2391,Last_2391,Customer_2391@Email.Com,Khobar,New,6/27/2019 18:55,TRUE,12359
319,Customer_1000,Last_1000,Customer_1000@Email.Com,Jeddah,Premium,6/28/2019 7:46,TRUE,23612
320,Customer_2361,Last_2361,Customer_2361@Email.Com,Hail,New,6/28/2019 20:37,FALSE,21353
321,Customer_1655,Last_1655,Customer_1655@Email.Com,Jubail,Standard,6/29/2019 9:28,TRUE,6051
322,Customer_944,Last_944,Customer_944@Email.Com,Mecca,Standard,6/29/2019 9:28,TRUE,3573
323,Customer_730,Last_730,Customer_730@Email.Com,Dhahran,Standard,6/29/2019 22:19,TRUE,29553
324,Customer_1084,Last_1084,Customer_1084@Email.Com,Riyadh,New,6/30/2019 11:10,TRUE,26941
325,Customer_1786,Last_1786,Customer_1786@Email.Com,Najran,Basic,7/1/2019 0:02,TRUE,38199
326,Customer_3139,Last_3139,Customer_3139@Email.Com,Jeddah,Standard,7/1/2019 0:02,TRUE,2430
327,Customer_2440,Last_2440,Customer_2440@Email.Com,Arar,New,7/1/2019 0:02,TRUE,3255
328,Customer_2035,Last_2035,Customer_2035@Email.Com,Khobar,Standard,7/1/2019 0:02,FALSE,2846
329,Customer_4130,Last_4130,Customer_4130@Email.Com,Jubail,Standard,7/1/2019 12:53,TRUE,23565
330,Customer_4417,Last_4417,Customer_4417@Email.Com,Tabuk,New,7/3/2019 16:17,TRUE,42964
331,Customer_2553,Last_2553,Customer_2553@Email.Com,Dhahran,New,7/3/2019 16:17,TRUE,9379
332,Customer_1185,Last_1185,Customer_1185@Email.Com,Abha,Standard,7/4/2019 17:59,TRUE,9764
333,Customer_2418,Last_2418,Customer_2418@Email.Com,Abha,Standard,7/5/2019 19:42,FALSE,8185
334,Customer_3926,Last_3926,Customer_3926@Email.Com,Arar,Standard,7/5/2019 19:42,TRUE,13532
335,Customer_1472,Last_1472,Customer_1472@Email.Com,Yanbu,Premium,7/5/2019 19:42,TRUE,49937
336,Customer_916,Last_916,Customer_916@Email.Com,Mecca,New,7/6/2019 8:33,TRUE,30785
337,Customer_4894,Last_4894,Customer_4894@Email.Com,Taif,Basic,7/6/2019 8:33,FALSE,28481
338,Customer_4161,Last_4161,Customer_4161@Email.Com,Jubail,Premium,7/6/2019 21:24,TRUE,33128
339,Customer_1673,Last_1673,Customer_1673@Email.Com,Khobar,Basic,7/9/2019 0:48,TRUE,13135
340,Customer_4420,Last_4420,Customer_4420@Email.Com,Khobar,Vip,7/9/2019 13:40,TRUE,22501
341,Customer_850,Last_850,Customer_850@Email.Com,Dhahran,New,7/9/2019 13:40,TRUE,26921
342,Customer_173,Last_173,Customer_173@Email.Com,Jeddah,Standard,7/9/2019 13:40,FALSE,4297
343,Customer_3946,Last_3946,Customer_3946@Email.Com,Riyadh,New,7/10/2019 15:22,TRUE,46088
344,Customer_247,Last_247,Customer_247@Email.Com,Dammam,Basic,7/10/2019 15:22,TRUE,19525
345,Customer_3176,Last_3176,Customer_3176@Email.Com,Taif,New,7/11/2019 4:13,TRUE,49670
346,Customer_4746,Last_4746,Customer_4746@Email.Com,Tabuk,Standard,7/11/2019 17:04,TRUE,44656
347,Customer_3544,Last_3544,Customer_3544@Email.Com,Taif,Basic,7/12/2019 5:55,TRUE,23665
348,Customer_1162,Last_1162,Customer_1162@Email.Com,Mecca,Premium,7/12/2019 18:46,TRUE,29833
349,Customer_4849,Last_4849,Customer_4849@Email.Com,Jeddah,Basic,7/13/2019 7:38,TRUE,14945
350,Customer_1283,Last_1283,Customer_1283@Email.Com,Al-Kharj,Standard,7/13/2019 20:29,TRUE,34426
351,Customer_2846,Last_2846,Customer_2846@Email.Com,Buraidah,Standard,7/13/2019 20:29,TRUE,11263
352,Customer_2608,Last_2608,Customer_2608@Email.Com,Najran,Standard,7/14/2019 22:11,TRUE,36277
353,Customer_115,Last_115,Customer_115@Email.Com,Abha,Basic,7/14/2019 22:11,TRUE,42273
354,Customer_3369,Last_3369,Customer_3369@Email.Com,Jeddah,Standard,7/15/2019 23:53,FALSE,22031
355,Customer_2570,Last_2570,Customer_2570@Email.Com,Buraidah,New,7/15/2019 23:53,FALSE,5968
356,Customer_4061,Last_4061,Customer_4061@Email.Com,Jeddah,Basic,7/15/2019 23:53,TRUE,30241
357,Customer_332,Last_332,Customer_332@Email.Com,Al-Kharj,Basic,7/16/2019 12:44,TRUE,41787
358,Customer_1361,Last_1361,Customer_1361@Email.Com,Abha,Basic,7/16/2019 12:44,TRUE,43087
359,Customer_4892,Last_4892,Customer_4892@Email.Com,Najran,Basic,7/17/2019 1:35,TRUE,9085
360,Customer_167,Last_167,Customer_167@Email.Com,Dammam,Basic,7/17/2019 14:27,TRUE,2099
361,Customer_1037,Last_1037,Customer_1037@Email.Com,Al-Ahsa,Vip,7/17/2019 14:27,TRUE,18642
362,Customer_4146,Last_4146,Customer_4146@Email.Com,Riyadh,Basic,7/18/2019 3:18,TRUE,10851
363,Customer_557,Last_557,Customer_557@Email.Com,Buraidah,Standard,7/18/2019 3:18,TRUE,16312
364,Customer_2911,Last_2911,Customer_2911@Email.Com,Jeddah,New,7/18/2019 16:09,TRUE,36873
365,Customer_3607,Last_3607,Customer_3607@Email.Com,Al-Ahsa,Vip,7/19/2019 5:00,TRUE,1177
366,Customer_3050,Last_3050,Customer_3050@Email.Com,Jubail,New,7/19/2019 17:51,TRUE,24312
367,Customer_696,Last_696,Customer_696@Email.Com,Qatif,Standard,7/20/2019 6:42,TRUE,13887
368,Customer_3377,Last_3377,Customer_3377@Email.Com,Arar,Basic,7/20/2019 19:33,TRUE,10233
369,Customer_3436,Last_3436,Customer_3436@Email.Com,Qatif,Vip,7/20/2019 19:33,FALSE,25362
370,Customer_4482,Last_4482,Customer_4482@Email.Com,Al-Ahsa,Basic,7/20/2019 19:33,FALSE,19188
371,Customer_1074,Last_1074,Customer_1074@Email.Com,Qatif,New,7/20/2019 19:33,TRUE,12521
372,Customer_3553,Last_3553,Customer_3553@Email.Com,Al-Kharj,New,7/21/2019 8:24,TRUE,36155
373,Customer_13,Last_13,Customer_13@Email.Com,Jeddah,Standard,7/21/2019 8:24,TRUE,547
374,Customer_3177,Last_3177,Customer_3177@Email.Com,Riyadh,New,7/21/2019 21:16,TRUE,30519
375,Customer_4528,Last_4528,Customer_4528@Email.Com,Dhahran,Basic,7/22/2019 10:07,TRUE,7185
376,Customer_3120,Last_3120,Customer_3120@Email.Com,Dhahran,Standard,7/23/2019 11:49,TRUE,10515
377,Customer_2613,Last_2613,Customer_2613@Email.Com,Najran,Standard,7/24/2019 0:40,TRUE,5585
378,Customer_4977,Last_4977,Customer_4977@Email.Com,Riyadh,New,7/24/2019 0:40,TRUE,17984
379,Customer_2783,Last_2783,Customer_2783@Email.Com,Al-Ahsa,Basic,7/26/2019 16:56,FALSE,24844
380,Customer_2365,Last_2365,Customer_2365@Email.Com,Tabuk,Standard,7/26/2019 16:56,TRUE,47743
381,Customer_3903,Last_3903,Customer_3903@Email.Com,Yanbu,Vip,7/27/2019 18:38,TRUE,9045
382,Customer_432,Last_432,Customer_432@Email.Com,Jeddah,Standard,7/27/2019 18:38,FALSE,16643
383,Customer_2171,Last_2171,Customer_2171@Email.Com,Mecca,New,7/27/2019 18:38,TRUE,4864
384,Customer_2499,Last_2499,Customer_2499@Email.Com,Al-Ahsa,Premium,7/28/2019 7:29,TRUE,14999
385,Customer_4758,Last_4758,Customer_4758@Email.Com,Taif,Standard,7/29/2019 9:11,FALSE,6292
386,Customer_4452,Last_4452,Customer_4452@Email.Com,Riyadh,Premium,7/29/2019 9:11,TRUE,18970
387,Customer_4804,Last_4804,Customer_4804@Email.Com,Medina,Standard,7/29/2019 9:11,FALSE,8199
388,Customer_868,Last_868,Customer_868@Email.Com,Tabuk,Standard,7/29/2019 22:03,TRUE,42732
389,Customer_839,Last_839,Customer_839@Email.Com,Medina,Basic,7/29/2019 22:03,TRUE,47507
390,Customer_3712,Last_3712,Customer_3712@Email.Com,Khamis Mushait,Basic,7/30/2019 10:54,FALSE,24917
391,Customer_1154,Last_1154,Customer_1154@Email.Com,Buraidah,New,7/30/2019 10:54,TRUE,24104
392,Customer_3518,Last_3518,Customer_3518@Email.Com,Mecca,New,7/30/2019 23:45,TRUE,37121
393,Customer_4201,Last_4201,Customer_4201@Email.Com,Al-Ahsa,Basic,7/30/2019 23:45,TRUE,30375
394,Customer_779,Last_779,Customer_779@Email.Com,Abha,New,7/30/2019 23:45,FALSE,33749
395,Customer_1456,Last_1456,Customer_1456@Email.Com,Arar,Standard,7/31/2019 12:36,TRUE,38663
396,Customer_4858,Last_4858,Customer_4858@Email.Com,Dammam,Standard,8/2/2019 3:09,FALSE,14853
397,Customer_2824,Last_2824,Customer_2824@Email.Com,Tabuk,Premium,8/2/2019 3:09,TRUE,16122
398,Customer_3399,Last_3399,Customer_3399@Email.Com,Al-Kharj,New,8/2/2019 3:09,FALSE,22006
399,Customer_4354,Last_4354,Customer_4354@Email.Com,Khamis Mushait,Vip,8/2/2019 3:09,TRUE,10884
400,Customer_940,Last_940,Customer_940@Email.Com,Jeddah,Basic,8/2/2019 16:00,TRUE,16515
401,Customer_38,Last_38,Customer_38@Email.Com,Abha,Basic,8/3/2019 4:52,FALSE,11573
402,Customer_2843,Last_2843,Customer_2843@Email.Com,Buraidah,Standard,8/3/2019 4:52,TRUE,6453
403,Customer_4107,Last_4107,Customer_4107@Email.Com,Jubail,Premium,8/3/2019 17:43,TRUE,19173
404,Customer_2621,Last_2621,Customer_2621@Email.Com,Medina,Basic,8/4/2019 6:34,TRUE,1722
405,Customer_4015,Last_4015,Customer_4015@Email.Com,Qatif,Premium,8/4/2019 6:34,TRUE,20320
406,Customer_512,Last_512,Customer_512@Email.Com,Hail,Vip,8/5/2019 8:16,TRUE,44312
407,Customer_1494,Last_1494,Customer_1494@Email.Com,Riyadh,Basic,8/5/2019 21:07,TRUE,11036
408,Customer_4695,Last_4695,Customer_4695@Email.Com,Yanbu,Standard,8/6/2019 9:58,FALSE,14280
409,Customer_629,Last_629,Customer_629@Email.Com,Al-Ahsa,Basic,8/6/2019 22:50,TRUE,48909
410,Customer_193,Last_193,Customer_193@Email.Com,Riyadh,Basic,8/7/2019 11:41,TRUE,15193
411,Customer_4628,Last_4628,Customer_4628@Email.Com,Khamis Mushait,New,8/9/2019 2:14,TRUE,3469
412,Customer_3887,Last_3887,Customer_3887@Email.Com,Riyadh,New,8/10/2019 3:56,TRUE,9749
413,Customer_423,Last_423,Customer_423@Email.Com,Riyadh,Basic,8/10/2019 3:56,TRUE,29985
414,Customer_4397,Last_4397,Customer_4397@Email.Com,Al-Ahsa,Standard,8/10/2019 16:47,FALSE,31983
415,Customer_3980,Last_3980,Customer_3980@Email.Com,Hail,Basic,8/12/2019 20:12,FALSE,19005
416,Customer_2965,Last_2965,Customer_2965@Email.Com,Qatif,Basic,8/13/2019 21:54,TRUE,31772
417,Customer_3825,Last_3825,Customer_3825@Email.Com,Khobar,Standard,8/14/2019 23:36,TRUE,44857
418,Customer_4308,Last_4308,Customer_4308@Email.Com,Hail,Standard,8/16/2019 14:10,TRUE,11363
419,Customer_3089,Last_3089,Customer_3089@Email.Com,Tabuk,Basic,8/16/2019 14:10,FALSE,18394
420,Customer_4134,Last_4134,Customer_4134@Email.Com,Dhahran,Premium,8/17/2019 3:01,FALSE,47606
421,Customer_181,Last_181,Customer_181@Email.Com,Khobar,Standard,8/17/2019 15:52,TRUE,12810
422,Customer_1421,Last_1421,Customer_1421@Email.Com,Yanbu,Basic,8/17/2019 15:52,TRUE,15834
423,Customer_2190,Last_2190,Customer_2190@Email.Com,Dhahran,Vip,8/18/2019 4:43,FALSE,46441
424,Customer_71,Last_71,Customer_71@Email.Com,Al-Kharj,Vip,8/18/2019 17:34,TRUE,49151
425,Customer_2593,Last_2593,Customer_2593@Email.Com,Yanbu,Standard,8/18/2019 17:34,TRUE,41482
426,Customer_353,Last_353,Customer_353@Email.Com,Al-Kharj,Standard,8/20/2019 20:59,FALSE,6290
427,Customer_2492,Last_2492,Customer_2492@Email.Com,Najran,Standard,8/21/2019 9:50,FALSE,15419
428,Customer_1718,Last_1718,Customer_1718@Email.Com,Dhahran,Basic,8/21/2019 9:50,TRUE,27005
429,Customer_2154,Last_2154,Customer_2154@Email.Com,Najran,Vip,8/21/2019 22:41,TRUE,36215
430,Customer_2048,Last_2048,Customer_2048@Email.Com,Buraidah,Standard,8/22/2019 11:32,FALSE,23765
431,Customer_2597,Last_2597,Customer_2597@Email.Com,Tabuk,Standard,8/24/2019 2:06,TRUE,31139
432,Customer_3461,Last_3461,Customer_3461@Email.Com,Buraidah,New,8/24/2019 2:06,TRUE,3977
433,Customer_4958,Last_4958,Customer_4958@Email.Com,Jeddah,Basic,8/24/2019 14:57,TRUE,46589
434,Customer_1042,Last_1042,Customer_1042@Email.Com,Khamis Mushait,Basic,8/24/2019 14:57,TRUE,29152
435,Customer_3796,Last_3796,Customer_3796@Email.Com,Jeddah,Premium,8/24/2019 14:57,TRUE,45941
436,Customer_1584,Last_1584,Customer_1584@Email.Com,Khobar,New,8/24/2019 14:57,TRUE,26167
437,Customer_2551,Last_2551,Customer_2551@Email.Com,Abha,New,8/25/2019 3:48,TRUE,14176
438,Customer_3396,Last_3396,Customer_3396@Email.Com,Buraidah,Standard,8/25/2019 16:39,FALSE,37165
439,Customer_3671,Last_3671,Customer_3671@Email.Com,Arar,Basic,8/26/2019 5:30,FALSE,12972
440,Customer_2770,Last_2770,Customer_2770@Email.Com,Tabuk,Premium,8/26/2019 5:30,TRUE,27552
441,Customer_17,Last_17,Customer_17@Email.Com,Riyadh,Basic,8/26/2019 5:30,FALSE,42489
442,Customer_1054,Last_1054,Customer_1054@Email.Com,Jeddah,Standard,8/26/2019 5:30,TRUE,5151
443,Customer_2016,Last_2016,Customer_2016@Email.Com,Arar,Premium,8/26/2019 18:21,TRUE,22074
444,Customer_2979,Last_2979,Customer_2979@Email.Com,Najran,Vip,8/27/2019 7:12,TRUE,34902
445,Customer_1738,Last_1738,Customer_1738@Email.Com,Al-Ahsa,Vip,8/27/2019 7:12,TRUE,11945
446,Customer_1250,Last_1250,Customer_1250@Email.Com,Yanbu,Vip,8/27/2019 20:04,TRUE,19329
447,Customer_2045,Last_2045,Customer_2045@Email.Com,Jeddah,Standard,8/28/2019 21:46,FALSE,28604
448,Customer_3381,Last_3381,Customer_3381@Email.Com,Abha,New,8/29/2019 10:37,TRUE,32615
449,Customer_3619,Last_3619,Customer_3619@Email.Com,Jeddah,Standard,8/31/2019 1:10,TRUE,2964
450,Customer_3884,Last_3884,Customer_3884@Email.Com,Buraidah,New,8/31/2019 1:10,TRUE,42738
451,Customer_1379,Last_1379,Customer_1379@Email.Com,Dhahran,Standard,8/31/2019 1:10,TRUE,40735
452,Customer_2536,Last_2536,Customer_2536@Email.Com,Khobar,Standard,8/31/2019 1:10,TRUE,27903
453,Customer_1276,Last_1276,Customer_1276@Email.Com,Taif,Basic,8/31/2019 14:02,FALSE,25617
454,Customer_3347,Last_3347,Customer_3347@Email.Com,Arar,Standard,9/1/2019 2:53,TRUE,33067
455,Customer_968,Last_968,Customer_968@Email.Com,Qatif,Basic,9/1/2019 15:44,TRUE,27762
456,Customer_2830,Last_2830,Customer_2830@Email.Com,Hail,Basic,9/1/2019 15:44,TRUE,34600
457,Customer_684,Last_684,Customer_684@Email.Com,Arar,New,9/2/2019 17:26,TRUE,10952
458,Customer_3584,Last_3584,Customer_3584@Email.Com,Khobar,Basic,9/3/2019 6:17,TRUE,46989
459,Customer_4829,Last_4829,Customer_4829@Email.Com,Yanbu,New,9/4/2019 7:59,TRUE,19099
460,Customer_1586,Last_1586,Customer_1586@Email.Com,Taif,Basic,9/4/2019 20:51,TRUE,44341
461,Customer_1526,Last_1526,Customer_1526@Email.Com,Abha,Basic,9/4/2019 20:51,FALSE,17927
462,Customer_4618,Last_4618,Customer_4618@Email.Com,Al-Kharj,Basic,9/5/2019 9:42,TRUE,20456
463,Customer_1243,Last_1243,Customer_1243@Email.Com,Khamis Mushait,Standard,9/6/2019 11:24,TRUE,14003
464,Customer_992,Last_992,Customer_992@Email.Com,Abha,Premium,9/6/2019 11:24,TRUE,34047
465,Customer_2915,Last_2915,Customer_2915@Email.Com,Dammam,Standard,9/6/2019 11:24,TRUE,23051
466,Customer_4316,Last_4316,Customer_4316@Email.Com,Jubail,Premium,9/7/2019 0:15,TRUE,24932
467,Customer_4811,Last_4811,Customer_4811@Email.Com,Yanbu,New,9/7/2019 0:15,TRUE,6460
468,Customer_256,Last_256,Customer_256@Email.Com,Riyadh,New,9/7/2019 0:15,TRUE,49356
469,Customer_3230,Last_3230,Customer_3230@Email.Com,Al-Kharj,New,9/8/2019 14:48,TRUE,27111
470,Customer_1324,Last_1324,Customer_1324@Email.Com,Buraidah,Basic,9/8/2019 14:48,TRUE,28436
471,Customer_2316,Last_2316,Customer_2316@Email.Com,Al-Kharj,Basic,9/9/2019 3:40,TRUE,5402
472,Customer_3533,Last_3533,Customer_3533@Email.Com,Yanbu,Standard,9/9/2019 16:31,TRUE,18515
473,Customer_1107,Last_1107,Customer_1107@Email.Com,Dammam,Standard,9/9/2019 16:31,TRUE,12170
474,Customer_3135,Last_3135,Customer_3135@Email.Com,Abha,Standard,9/10/2019 18:13,TRUE,24838
475,Customer_1056,Last_1056,Customer_1056@Email.Com,Khamis Mushait,New,9/10/2019 18:13,TRUE,47062
476,Customer_3741,Last_3741,Customer_3741@Email.Com,Taif,Standard,9/11/2019 7:04,TRUE,45514
477,Customer_1984,Last_1984,Customer_1984@Email.Com,Medina,Basic,9/11/2019 7:04,TRUE,17538
478,Customer_490,Last_490,Customer_490@Email.Com,Qatif,Premium,9/12/2019 8:46,TRUE,13102
479,Customer_4971,Last_4971,Customer_4971@Email.Com,Mecca,Basic,9/13/2019 10:29,TRUE,46566
480,Customer_3366,Last_3366,Customer_3366@Email.Com,Dammam,Standard,9/13/2019 10:29,TRUE,29907
481,Customer_3818,Last_3818,Customer_3818@Email.Com,Mecca,Basic,9/16/2019 15:35,TRUE,964
482,Customer_4678,Last_4678,Customer_4678@Email.Com,Al-Kharj,Standard,9/17/2019 17:18,TRUE,35705
483,Customer_2370,Last_2370,Customer_2370@Email.Com,Mecca,Premium,9/18/2019 6:09,TRUE,34782
484,Customer_4814,Last_4814,Customer_4814@Email.Com,Abha,Basic,9/18/2019 19:00,FALSE,22894
485,Customer_1510,Last_1510,Customer_1510@Email.Com,Najran,Basic,9/20/2019 22:24,TRUE,35552
486,Customer_2819,Last_2819,Customer_2819@Email.Com,Yanbu,Vip,9/21/2019 11:16,TRUE,12213
487,Customer_552,Last_552,Customer_552@Email.Com,Jubail,Basic,9/21/2019 11:16,FALSE,21077
488,Customer_3277,Last_3277,Customer_3277@Email.Com,Medina,Standard,9/22/2019 0:07,TRUE,33375
489,Customer_1264,Last_1264,Customer_1264@Email.Com,Qatif,Basic,9/22/2019 12:58,TRUE,19750
490,Customer_758,Last_758,Customer_758@Email.Com,Jubail,Basic,9/22/2019 12:58,FALSE,14822
491,Customer_466,Last_466,Customer_466@Email.Com,Dhahran,Premium,9/24/2019 3:31,TRUE,24502
492,Customer_4475,Last_4475,Customer_4475@Email.Com,Najran,Standard,9/24/2019 3:31,FALSE,35912
493,Customer_1859,Last_1859,Customer_1859@Email.Com,Jubail,Standard,9/24/2019 3:31,TRUE,7992
494,Customer_4613,Last_4613,Customer_4613@Email.Com,Arar,Standard,9/24/2019 3:31,TRUE,34432
495,Customer_2189,Last_2189,Customer_2189@Email.Com,Yanbu,Standard,9/24/2019 16:22,TRUE,12548
496,Customer_949,Last_949,Customer_949@Email.Com,Hail,Vip,9/25/2019 18:05,TRUE,43915
497,Customer_3481,Last_3481,Customer_3481@Email.Com,Hail,Basic,9/25/2019 18:05,TRUE,28611
498,Customer_2427,Last_2427,Customer_2427@Email.Com,Dhahran,Standard,9/26/2019 19:47,TRUE,19606
499,Customer_2093,Last_2093,Customer_2093@Email.Com,Qatif,Standard,9/28/2019 10:20,TRUE,20455
500,Customer_2659,Last_2659,Customer_2659@Email.Com,Buraidah,Vip,9/28/2019 23:11,TRUE,16067
501,Customer_723,Last_723,Customer_723@Email.Com,Al-Kharj,Standard,9/28/2019 23:11,TRUE,31535
502,Customer_3202,Last_3202,Customer_3202@Email.Com,Jeddah,New,9/29/2019 12:03,TRUE,4755
503,Customer_1566,Last_1566,Customer_1566@Email.Com,Yanbu,Premium,9/29/2019 12:03,TRUE,19318
504,Customer_4976,Last_4976,Customer_4976@Email.Com,Dhahran,Basic,9/30/2019 0:54,TRUE,8349
505,Customer_3061,Last_3061,Customer_3061@Email.Com,Al-Ahsa,Basic,9/30/2019 0:54,TRUE,40701
506,Customer_1708,Last_1708,Customer_1708@Email.Com,Jubail,Standard,9/30/2019 13:45,TRUE,21530
507,Customer_1507,Last_1507,Customer_1507@Email.Com,Dhahran,Premium,10/1/2019 2:36,FALSE,35095
508,Customer_3824,Last_3824,Customer_3824@Email.Com,Qatif,Basic,10/1/2019 2:36,TRUE,43275
509,Customer_2640,Last_2640,Customer_2640@Email.Com,Jubail,New,10/1/2019 15:27,TRUE,8203
510,Customer_4939,Last_4939,Customer_4939@Email.Com,Khamis Mushait,Premium,10/1/2019 15:27,TRUE,18792
511,Customer_4388,Last_4388,Customer_4388@Email.Com,Tabuk,Vip,10/3/2019 6:00,TRUE,42428
512,Customer_4633,Last_4633,Customer_4633@Email.Com,Khamis Mushait,Basic,10/3/2019 6:00,TRUE,2878
513,Customer_3767,Last_3767,Customer_3767@Email.Com,Dammam,Basic,10/3/2019 18:52,TRUE,7420
514,Customer_4407,Last_4407,Customer_4407@Email.Com,Yanbu,Premium,10/3/2019 18:52,TRUE,27955
515,Customer_3070,Last_3070,Customer_3070@Email.Com,Buraidah,Standard,10/3/2019 18:52,TRUE,7042
516,Customer_934,Last_934,Customer_934@Email.Com,Tabuk,New,10/4/2019 7:43,TRUE,19146
517,Customer_584,Last_584,Customer_584@Email.Com,Abha,Basic,10/4/2019 7:43,TRUE,18535
518,Customer_2469,Last_2469,Customer_2469@Email.Com,Khobar,Vip,10/4/2019 20:34,TRUE,32267
519,Customer_3545,Last_3545,Customer_3545@Email.Com,Al-Kharj,Vip,10/4/2019 20:34,TRUE,31126
520,Customer_3468,Last_3468,Customer_3468@Email.Com,Hail,Premium,10/5/2019 9:25,TRUE,485
521,Customer_471,Last_471,Customer_471@Email.Com,Al-Ahsa,Standard,10/6/2019 11:07,TRUE,24315
522,Customer_146,Last_146,Customer_146@Email.Com,Yanbu,Standard,10/6/2019 23:58,FALSE,38476
523,Customer_171,Last_171,Customer_171@Email.Com,Dhahran,Standard,10/6/2019 23:58,FALSE,21400
524,Customer_529,Last_529,Customer_529@Email.Com,Mecca,Vip,10/6/2019 23:58,TRUE,21971
525,Customer_3704,Last_3704,Customer_3704@Email.Com,Tabuk,New,10/6/2019 23:58,TRUE,25778
526,Customer_4205,Last_4205,Customer_4205@Email.Com,Khobar,Standard,10/7/2019 12:49,TRUE,10082
527,Customer_4465,Last_4465,Customer_4465@Email.Com,Taif,Basic,10/8/2019 1:41,TRUE,23593
528,Customer_1596,Last_1596,Customer_1596@Email.Com,Buraidah,Basic,10/9/2019 3:23,TRUE,5720
529,Customer_4241,Last_4241,Customer_4241@Email.Com,Buraidah,Standard,10/9/2019 3:23,FALSE,16486
530,Customer_4425,Last_4425,Customer_4425@Email.Com,Qatif,Standard,10/9/2019 16:14,TRUE,22288
531,Customer_2601,Last_2601,Customer_2601@Email.Com,Tabuk,Standard,10/10/2019 5:05,FALSE,14666
532,Customer_2755,Last_2755,Customer_2755@Email.Com,Khamis Mushait,Basic,10/10/2019 5:05,TRUE,34952
533,Customer_277,Last_277,Customer_277@Email.Com,Riyadh,New,10/10/2019 17:56,TRUE,12238
534,Customer_2304,Last_2304,Customer_2304@Email.Com,Khamis Mushait,New,10/11/2019 6:47,TRUE,1690
535,Customer_1702,Last_1702,Customer_1702@Email.Com,Abha,Standard,10/11/2019 19:39,FALSE,22447
536,Customer_2453,Last_2453,Customer_2453@Email.Com,Khobar,Premium,10/11/2019 19:39,TRUE,46925
537,Customer_578,Last_578,Customer_578@Email.Com,Jubail,Basic,10/11/2019 19:39,TRUE,34515
538,Customer_2137,Last_2137,Customer_2137@Email.Com,Mecca,Basic,10/12/2019 8:30,TRUE,10149
539,Customer_3174,Last_3174,Customer_3174@Email.Com,Najran,New,10/12/2019 21:21,TRUE,47510
540,Customer_86,Last_86,Customer_86@Email.Com,Dammam,Basic,10/12/2019 21:21,TRUE,10298
541,Customer_4106,Last_4106,Customer_4106@Email.Com,Al-Ahsa,Premium,10/13/2019 10:12,TRUE,17490
542,Customer_2318,Last_2318,Customer_2318@Email.Com,Al-Kharj,Standard,10/13/2019 10:12,FALSE,17206
543,Customer_4876,Last_4876,Customer_4876@Email.Com,Najran,Basic,10/14/2019 11:54,TRUE,24928
544,Customer_4419,Last_4419,Customer_4419@Email.Com,Khobar,Basic,10/14/2019 11:54,TRUE,24003
545,Customer_3373,Last_3373,Customer_3373@Email.Com,Mecca,Basic,10/14/2019 11:54,TRUE,1042
546,Customer_3235,Last_3235,Customer_3235@Email.Com,Khobar,New,10/15/2019 0:45,TRUE,26768
547,Customer_288,Last_288,Customer_288@Email.Com,Najran,Basic,10/16/2019 2:28,TRUE,49117
548,Customer_3992,Last_3992,Customer_3992@Email.Com,Taif,Premium,10/16/2019 15:19,TRUE,36580
549,Customer_2372,Last_2372,Customer_2372@Email.Com,Arar,Basic,10/17/2019 4:10,FALSE,23103
550,Customer_214,Last_214,Customer_214@Email.Com,Khamis Mushait,Basic,10/17/2019 17:01,TRUE,45594
551,Customer_3350,Last_3350,Customer_3350@Email.Com,Qatif,Standard,10/17/2019 17:01,TRUE,46319
552,Customer_3954,Last_3954,Customer_3954@Email.Com,Abha,Standard,10/18/2019 5:52,TRUE,1316
553,Customer_4883,Last_4883,Customer_4883@Email.Com,Mecca,Basic,10/18/2019 18:43,TRUE,38182
554,Customer_183,Last_183,Customer_183@Email.Com,Buraidah,Vip,10/19/2019 7:34,TRUE,40327
555,Customer_2522,Last_2522,Customer_2522@Email.Com,Hail,Standard,10/19/2019 20:25,TRUE,37709
556,Customer_3278,Last_3278,Customer_3278@Email.Com,Yanbu,Premium,10/19/2019 20:25,TRUE,5674
557,Customer_745,Last_745,Customer_745@Email.Com,Buraidah,New,10/20/2019 9:17,TRUE,19078
558,Customer_2066,Last_2066,Customer_2066@Email.Com,Yanbu,New,10/21/2019 10:59,FALSE,49214
559,Customer_4651,Last_4651,Customer_4651@Email.Com,Buraidah,New,10/21/2019 23:50,FALSE,49357
560,Customer_4209,Last_4209,Customer_4209@Email.Com,Mecca,New,10/21/2019 23:50,FALSE,38779
561,Customer_3572,Last_3572,Customer_3572@Email.Com,Tabuk,Basic,10/23/2019 1:32,TRUE,38718
562,Customer_2827,Last_2827,Customer_2827@Email.Com,Riyadh,Standard,10/23/2019 1:32,TRUE,24101
563,Customer_1187,Last_1187,Customer_1187@Email.Com,Dhahran,Standard,10/24/2019 16:06,TRUE,12842
564,Customer_544,Last_544,Customer_544@Email.Com,Taif,New,10/25/2019 4:57,TRUE,15543
565,Customer_3772,Last_3772,Customer_3772@Email.Com,Buraidah,Basic,10/25/2019 17:48,TRUE,43250
566,Customer_1268,Last_1268,Customer_1268@Email.Com,Jeddah,Vip,10/26/2019 6:39,FALSE,46779
567,Customer_4909,Last_4909,Customer_4909@Email.Com,Arar,Basic,10/26/2019 19:30,TRUE,5021
568,Customer_1334,Last_1334,Customer_1334@Email.Com,Abha,Standard,10/27/2019 8:21,TRUE,21997
569,Customer_3989,Last_3989,Customer_3989@Email.Com,Hail,Vip,10/27/2019 21:12,TRUE,18530
570,Customer_1704,Last_1704,Customer_1704@Email.Com,Medina,Standard,10/28/2019 10:04,TRUE,24833
571,Customer_2789,Last_2789,Customer_2789@Email.Com,Mecca,Vip,10/28/2019 10:04,TRUE,20022
572,Customer_3159,Last_3159,Customer_3159@Email.Com,Jeddah,Premium,10/28/2019 22:55,TRUE,21693
573,Customer_1489,Last_1489,Customer_1489@Email.Com,Arar,Standard,10/30/2019 0:37,TRUE,11057
574,Customer_1697,Last_1697,Customer_1697@Email.Com,Najran,Basic,10/30/2019 13:28,TRUE,47581
575,Customer_3212,Last_3212,Customer_3212@Email.Com,Khobar,Basic,10/31/2019 2:19,TRUE,41813
576,Customer_3012,Last_3012,Customer_3012@Email.Com,Dammam,Premium,10/31/2019 2:19,TRUE,22885
577,Customer_236,Last_236,Customer_236@Email.Com,Riyadh,New,10/31/2019 15:10,TRUE,9176
578,Customer_1150,Last_1150,Customer_1150@Email.Com,Yanbu,Standard,10/31/2019 15:10,FALSE,34853
579,Customer_1552,Last_1552,Customer_1552@Email.Com,Al-Kharj,New,11/1/2019 4:01,TRUE,24486
580,Customer_4378,Last_4378,Customer_4378@Email.Com,Tabuk,Standard,11/1/2019 16:53,FALSE,45110
581,Customer_2070,Last_2070,Customer_2070@Email.Com,Khobar,New,11/2/2019 5:44,TRUE,3322
582,Customer_3316,Last_3316,Customer_3316@Email.Com,Jeddah,Standard,11/4/2019 9:08,TRUE,6101
583,Customer_4576,Last_4576,Customer_4576@Email.Com,Qatif,Standard,11/4/2019 9:08,TRUE,1101
584,Customer_2102,Last_2102,Customer_2102@Email.Com,Tabuk,Basic,11/4/2019 21:59,TRUE,43534
585,Customer_2363,Last_2363,Customer_2363@Email.Com,Medina,Basic,11/6/2019 12:33,TRUE,18634
586,Customer_3878,Last_3878,Customer_3878@Email.Com,Al-Ahsa,Premium,11/6/2019 12:33,TRUE,48278
587,Customer_2474,Last_2474,Customer_2474@Email.Com,Buraidah,Basic,11/6/2019 12:33,TRUE,6710
588,Customer_4459,Last_4459,Customer_4459@Email.Com,Yanbu,Basic,11/7/2019 14:15,TRUE,49108
589,Customer_1179,Last_1179,Customer_1179@Email.Com,Yanbu,Basic,11/7/2019 14:15,FALSE,41418
590,Customer_3721,Last_3721,Customer_3721@Email.Com,Jubail,Basic,11/8/2019 3:06,TRUE,33124
591,Customer_32,Last_32,Customer_32@Email.Com,Abha,Basic,11/8/2019 3:06,TRUE,45213
592,Customer_3719,Last_3719,Customer_3719@Email.Com,Buraidah,Standard,11/9/2019 4:48,TRUE,4616
593,Customer_1060,Last_1060,Customer_1060@Email.Com,Dammam,Premium,11/12/2019 9:55,TRUE,7145
594,Customer_590,Last_590,Customer_590@Email.Com,Yanbu,New,11/12/2019 22:46,TRUE,3709
595,Customer_3798,Last_3798,Customer_3798@Email.Com,Riyadh,Premium,11/12/2019 22:46,TRUE,30022
596,Customer_3272,Last_3272,Customer_3272@Email.Com,Abha,Standard,11/13/2019 11:37,TRUE,5178
597,Customer_994,Last_994,Customer_994@Email.Com,Arar,Standard,11/13/2019 11:37,TRUE,2221
598,Customer_297,Last_297,Customer_297@Email.Com,Arar,Standard,11/14/2019 0:29,TRUE,12032
599,Customer_1446,Last_1446,Customer_1446@Email.Com,Dhahran,Basic,11/14/2019 0:29,TRUE,33224
600,Customer_513,Last_513,Customer_513@Email.Com,Abha,Standard,11/14/2019 13:20,TRUE,36843
601,Customer_722,Last_722,Customer_722@Email.Com,Al-Kharj,Standard,11/15/2019 2:11,TRUE,16640
602,Customer_2806,Last_2806,Customer_2806@Email.Com,Al-Ahsa,Standard,11/15/2019 2:11,FALSE,29543
603,Customer_4492,Last_4492,Customer_4492@Email.Com,Abha,Basic,11/15/2019 2:11,FALSE,11445
604,Customer_1370,Last_1370,Customer_1370@Email.Com,Medina,Vip,11/16/2019 3:53,TRUE,33545
605,Customer_1942,Last_1942,Customer_1942@Email.Com,Dammam,New,11/16/2019 16:44,TRUE,46978
606,Customer_1635,Last_1635,Customer_1635@Email.Com,Medina,Basic,11/16/2019 16:44,TRUE,24086
607,Customer_3099,Last_3099,Customer_3099@Email.Com,Dammam,Standard,11/17/2019 5:35,TRUE,5909
608,Customer_4945,Last_4945,Customer_4945@Email.Com,Mecca,Premium,11/17/2019 18:27,TRUE,26992
609,Customer_320,Last_320,Customer_320@Email.Com,Yanbu,Premium,11/18/2019 7:18,TRUE,6035
610,Customer_3170,Last_3170,Customer_3170@Email.Com,Jeddah,Basic,11/18/2019 7:18,TRUE,3960
611,Customer_2713,Last_2713,Customer_2713@Email.Com,Najran,Vip,11/18/2019 7:18,TRUE,33290
612,Customer_4641,Last_4641,Customer_4641@Email.Com,Medina,New,11/18/2019 20:09,TRUE,23267
613,Customer_2596,Last_2596,Customer_2596@Email.Com,Buraidah,Standard,11/19/2019 9:00,TRUE,49217
614,Customer_3917,Last_3917,Customer_3917@Email.Com,Qatif,Basic,11/20/2019 23:33,TRUE,48215
615,Customer_4851,Last_4851,Customer_4851@Email.Com,Hail,Standard,11/20/2019 23:33,FALSE,23379
616,Customer_417,Last_417,Customer_417@Email.Com,Riyadh,Standard,11/20/2019 23:33,TRUE,42836
617,Customer_4311,Last_4311,Customer_4311@Email.Com,Tabuk,Standard,11/22/2019 1:16,TRUE,35780
618,Customer_4076,Last_4076,Customer_4076@Email.Com,Al-Kharj,Standard,11/22/2019 14:07,TRUE,43777
619,Customer_1820,Last_1820,Customer_1820@Email.Com,Riyadh,Standard,11/23/2019 2:58,FALSE,18540
620,Customer_2078,Last_2078,Customer_2078@Email.Com,Dammam,Basic,11/23/2019 15:49,TRUE,36935
621,Customer_937,Last_937,Customer_937@Email.Com,Mecca,Standard,11/24/2019 4:40,TRUE,3101
622,Customer_1587,Last_1587,Customer_1587@Email.Com,Abha,Standard,11/24/2019 4:40,FALSE,29519
623,Customer_380,Last_380,Customer_380@Email.Com,Qatif,New,11/24/2019 17:31,TRUE,21803
624,Customer_3158,Last_3158,Customer_3158@Email.Com,Qatif,Standard,11/25/2019 6:22,TRUE,32286
625,Customer_519,Last_519,Customer_519@Email.Com,Al-Ahsa,Basic,11/25/2019 6:22,TRUE,40770
626,Customer_1144,Last_1144,Customer_1144@Email.Com,Tabuk,Basic,11/25/2019 6:22,TRUE,4866
627,Customer_1974,Last_1974,Customer_1974@Email.Com,Abha,Basic,11/25/2019 19:13,TRUE,43624
628,Customer_4518,Last_4518,Customer_4518@Email.Com,Riyadh,Premium,11/26/2019 8:05,TRUE,202
629,Customer_334,Last_334,Customer_334@Email.Com,Jeddah,Standard,11/26/2019 8:05,TRUE,35707
630,Customer_2527,Last_2527,Customer_2527@Email.Com,Hail,Basic,11/26/2019 20:56,FALSE,36445
631,Customer_3224,Last_3224,Customer_3224@Email.Com,Abha,Basic,11/27/2019 9:47,TRUE,40680
632,Customer_2236,Last_2236,Customer_2236@Email.Com,Buraidah,New,11/28/2019 11:29,TRUE,2959
633,Customer_42,Last_42,Customer_42@Email.Com,Taif,Standard,11/29/2019 0:20,TRUE,9322
634,Customer_26,Last_26,Customer_26@Email.Com,Jubail,Premium,11/30/2019 2:03,FALSE,13264
635,Customer_2774,Last_2774,Customer_2774@Email.Com,Jubail,Standard,11/30/2019 2:03,TRUE,44696
636,Customer_4443,Last_4443,Customer_4443@Email.Com,Yanbu,Vip,11/30/2019 2:03,TRUE,1628
637,Customer_2515,Last_2515,Customer_2515@Email.Com,Dhahran,Standard,12/1/2019 3:45,FALSE,3463
638,Customer_3513,Last_3513,Customer_3513@Email.Com,Khamis Mushait,Standard,12/1/2019 16:36,TRUE,19003
639,Customer_2533,Last_2533,Customer_2533@Email.Com,Jubail,Standard,12/1/2019 16:36,FALSE,38024
640,Customer_3630,Last_3630,Customer_3630@Email.Com,Khobar,Standard,12/2/2019 5:27,TRUE,34611
641,Customer_856,Last_856,Customer_856@Email.Com,Dhahran,Vip,12/3/2019 7:09,TRUE,14003
642,Customer_2643,Last_2643,Customer_2643@Email.Com,Dammam,Premium,12/3/2019 7:09,FALSE,35925
643,Customer_3542,Last_3542,Customer_3542@Email.Com,Al-Ahsa,Standard,12/3/2019 20:00,TRUE,19727
644,Customer_2857,Last_2857,Customer_2857@Email.Com,Yanbu,Standard,12/4/2019 8:52,TRUE,48259
645,Customer_660,Last_660,Customer_660@Email.Com,Al-Ahsa,Vip,12/5/2019 10:34,TRUE,33208
646,Customer_651,Last_651,Customer_651@Email.Com,Medina,Standard,12/5/2019 23:25,TRUE,5461
647,Customer_1668,Last_1668,Customer_1668@Email.Com,Najran,Basic,12/5/2019 23:25,TRUE,4821
648,Customer_3875,Last_3875,Customer_3875@Email.Com,Riyadh,Vip,12/5/2019 23:25,FALSE,40582
649,Customer_387,Last_387,Customer_387@Email.Com,Najran,Standard,12/8/2019 2:49,TRUE,9260
650,Customer_3016,Last_3016,Customer_3016@Email.Com,Al-Ahsa,Premium,12/8/2019 15:41,TRUE,17440
651,Customer_906,Last_906,Customer_906@Email.Com,Taif,Premium,12/9/2019 4:32,FALSE,42202
652,Customer_771,Last_771,Customer_771@Email.Com,Jeddah,Standard,12/9/2019 4:32,FALSE,15904
653,Customer_4122,Last_4122,Customer_4122@Email.Com,Qatif,Standard,12/10/2019 6:14,TRUE,35364
654,Customer_823,Last_823,Customer_823@Email.Com,Dhahran,Standard,12/10/2019 6:14,TRUE,26545
655,Customer_163,Last_163,Customer_163@Email.Com,Arar,Premium,12/10/2019 19:05,TRUE,45015
656,Customer_893,Last_893,Customer_893@Email.Com,Dhahran,Vip,12/11/2019 7:56,TRUE,13850
657,Customer_2898,Last_2898,Customer_2898@Email.Com,Najran,Basic,12/14/2019 0:12,FALSE,47128
658,Customer_3668,Last_3668,Customer_3668@Email.Com,Dhahran,Standard,12/16/2019 16:28,TRUE,32265
659,Customer_3059,Last_3059,Customer_3059@Email.Com,Khobar,Basic,12/16/2019 16:28,TRUE,36759
660,Customer_4031,Last_4031,Customer_4031@Email.Com,Dhahran,New,12/18/2019 19:52,TRUE,31305
661,Customer_187,Last_187,Customer_187@Email.Com,Arar,Standard,12/19/2019 8:43,FALSE,5344
662,Customer_4662,Last_4662,Customer_4662@Email.Com,Jubail,Vip,12/19/2019 8:43,FALSE,24177
663,Customer_1914,Last_1914,Customer_1914@Email.Com,Hail,Vip,12/19/2019 8:43,TRUE,14862
664,Customer_2261,Last_2261,Customer_2261@Email.Com,Jubail,Standard,12/19/2019 21:34,TRUE,26649
665,Customer_3715,Last_3715,Customer_3715@Email.Com,Tabuk,Premium,12/20/2019 10:25,FALSE,6721
666,Customer_3438,Last_3438,Customer_3438@Email.Com,Yanbu,Vip,12/20/2019 10:25,TRUE,21319
667,Customer_2607,Last_2607,Customer_2607@Email.Com,Khobar,Basic,12/21/2019 12:08,TRUE,38488
668,Customer_4915,Last_4915,Customer_4915@Email.Com,Medina,New,12/21/2019 12:08,TRUE,6345
669,Customer_767,Last_767,Customer_767@Email.Com,Khamis Mushait,Vip,12/22/2019 0:59,TRUE,7404
670,Customer_3860,Last_3860,Customer_3860@Email.Com,Riyadh,Standard,12/22/2019 0:59,FALSE,17622
671,Customer_133,Last_133,Customer_133@Email.Com,Al-Ahsa,Basic,12/23/2019 2:41,TRUE,19565
672,Customer_3503,Last_3503,Customer_3503@Email.Com,Dhahran,Basic,12/23/2019 15:32,TRUE,9070
673,Customer_4936,Last_4936,Customer_4936@Email.Com,Arar,Basic,12/23/2019 15:32,TRUE,35368
674,Customer_200,Last_200,Customer_200@Email.Com,Al-Ahsa,Basic,12/23/2019 15:32,TRUE,46576
675,Customer_1481,Last_1481,Customer_1481@Email.Com,Arar,New,12/25/2019 6:06,TRUE,27278
676,Customer_1700,Last_1700,Customer_1700@Email.Com,Hail,Basic,12/26/2019 20:39,TRUE,14684
677,Customer_2181,Last_2181,Customer_2181@Email.Com,Khamis Mushait,Standard,12/27/2019 9:30,TRUE,17308
678,Customer_1116,Last_1116,Customer_1116@Email.Com,Dhahran,Standard,12/27/2019 22:21,TRUE,8434
679,Customer_4074,Last_4074,Customer_4074@Email.Com,Yanbu,Vip,12/28/2019 11:12,TRUE,27048
680,Customer_2352,Last_2352,Customer_2352@Email.Com,Qatif,Standard,12/29/2019 0:04,TRUE,28511
681,Customer_3616,Last_3616,Customer_3616@Email.Com,Qatif,New,12/29/2019 12:55,TRUE,7179
682,Customer_2117,Last_2117,Customer_2117@Email.Com,Al-Ahsa,Basic,12/30/2019 1:46,TRUE,8849
683,Customer_601,Last_601,Customer_601@Email.Com,Hail,Standard,12/30/2019 14:37,FALSE,21162
684,Customer_631,Last_631,Customer_631@Email.Com,Najran,Standard,12/30/2019 14:37,FALSE,40707
685,Customer_2103,Last_2103,Customer_2103@Email.Com,Jeddah,Basic,12/30/2019 14:37,TRUE,43184
686,Customer_2935,Last_2935,Customer_2935@Email.Com,Al-Kharj,Standard,1/1/2020 5:10,TRUE,34941
687,Customer_607,Last_607,Customer_607@Email.Com,Khamis Mushait,Standard,1/1/2020 18:01,FALSE,44562
688,Customer_2388,Last_2388,Customer_2388@Email.Com,Al-Ahsa,Basic,1/1/2020 18:01,TRUE,5403
689,Customer_4175,Last_4175,Customer_4175@Email.Com,Tabuk,Vip,1/2/2020 6:53,TRUE,31567
690,Customer_1120,Last_1120,Customer_1120@Email.Com,Jeddah,Vip,1/2/2020 19:44,TRUE,45485
691,Customer_4163,Last_4163,Customer_4163@Email.Com,Tabuk,Basic,1/3/2020 8:35,TRUE,10584
692,Customer_2584,Last_2584,Customer_2584@Email.Com,Khamis Mushait,Standard,1/4/2020 23:08,TRUE,35241
693,Customer_3955,Last_3955,Customer_3955@Email.Com,Medina,Basic,1/6/2020 0:50,TRUE,18334
694,Customer_284,Last_284,Customer_284@Email.Com,Dammam,Basic,1/6/2020 13:42,TRUE,19650
695,Customer_1262,Last_1262,Customer_1262@Email.Com,Khamis Mushait,Vip,1/7/2020 2:33,FALSE,2684
696,Customer_1902,Last_1902,Customer_1902@Email.Com,Mecca,Vip,1/7/2020 2:33,TRUE,2962
697,Customer_383,Last_383,Customer_383@Email.Com,Najran,Basic,1/8/2020 17:06,TRUE,24718
698,Customer_341,Last_341,Customer_341@Email.Com,Buraidah,Standard,1/9/2020 18:48,FALSE,28299
699,Customer_4196,Last_4196,Customer_4196@Email.Com,Yanbu,Basic,1/10/2020 20:31,TRUE,1056
700,Customer_4033,Last_4033,Customer_4033@Email.Com,Buraidah,Standard,1/10/2020 20:31,TRUE,9870
701,Customer_2693,Last_2693,Customer_2693@Email.Com,Khamis Mushait,Vip,1/10/2020 20:31,TRUE,12226
702,Customer_3611,Last_3611,Customer_3611@Email.Com,Mecca,Premium,1/11/2020 9:22,TRUE,20110
703,Customer_1451,Last_1451,Customer_1451@Email.Com,Najran,Basic,1/11/2020 22:13,TRUE,29545
704,Customer_398,Last_398,Customer_398@Email.Com,Medina,Vip,1/11/2020 22:13,FALSE,33733
705,Customer_2606,Last_2606,Customer_2606@Email.Com,Mecca,Basic,1/12/2020 11:04,TRUE,1742
706,Customer_2731,Last_2731,Customer_2731@Email.Com,Dhahran,Standard,1/12/2020 11:04,TRUE,14307
707,Customer_2174,Last_2174,Customer_2174@Email.Com,Dhahran,New,1/12/2020 11:04,TRUE,21340
708,Customer_9,Last_9,Customer_9@Email.Com,Buraidah,Basic,1/12/2020 23:55,TRUE,12651
709,Customer_1861,Last_1861,Customer_1861@Email.Com,Yanbu,Standard,1/12/2020 23:55,TRUE,49803
710,Customer_4412,Last_4412,Customer_4412@Email.Com,Al-Ahsa,New,1/14/2020 1:37,TRUE,34372
711,Customer_4559,Last_4559,Customer_4559@Email.Com,Najran,Premium,1/14/2020 14:29,FALSE,406
712,Customer_1755,Last_1755,Customer_1755@Email.Com,Arar,Standard,1/15/2020 16:11,TRUE,22612
713,Customer_3041,Last_3041,Customer_3041@Email.Com,Medina,Basic,1/16/2020 5:02,TRUE,35035
714,Customer_4642,Last_4642,Customer_4642@Email.Com,Yanbu,New,1/16/2020 17:53,FALSE,45462
715,Customer_3258,Last_3258,Customer_3258@Email.Com,Medina,New,1/17/2020 6:44,TRUE,10809
716,Customer_3661,Last_3661,Customer_3661@Email.Com,Riyadh,Premium,1/17/2020 19:35,TRUE,14344
717,Customer_4973,Last_4973,Customer_4973@Email.Com,Al-Kharj,Standard,1/18/2020 8:26,TRUE,10109
718,Customer_1937,Last_1937,Customer_1937@Email.Com,Riyadh,New,1/19/2020 10:09,TRUE,20394
719,Customer_4985,Last_4985,Customer_4985@Email.Com,Mecca,Standard,1/19/2020 23:00,TRUE,9821
720,Customer_162,Last_162,Customer_162@Email.Com,Dhahran,Standard,1/19/2020 23:00,TRUE,11866
721,Customer_1254,Last_1254,Customer_1254@Email.Com,Buraidah,Standard,1/22/2020 2:24,FALSE,12410
722,Customer_2977,Last_2977,Customer_2977@Email.Com,Yanbu,New,1/22/2020 2:24,TRUE,29684
723,Customer_904,Last_904,Customer_904@Email.Com,Khobar,Standard,1/22/2020 2:24,TRUE,31848
724,Customer_225,Last_225,Customer_225@Email.Com,Jubail,Standard,1/22/2020 15:16,TRUE,28572
725,Customer_4296,Last_4296,Customer_4296@Email.Com,Najran,Standard,1/22/2020 15:16,TRUE,34799
726,Customer_393,Last_393,Customer_393@Email.Com,Taif,Standard,1/22/2020 15:16,TRUE,3435
727,Customer_1075,Last_1075,Customer_1075@Email.Com,Mecca,Basic,1/23/2020 4:07,TRUE,21878
728,Customer_4377,Last_4377,Customer_4377@Email.Com,Jubail,Basic,1/23/2020 4:07,TRUE,22246
729,Customer_4124,Last_4124,Customer_4124@Email.Com,Tabuk,Standard,1/23/2020 4:07,TRUE,18819
730,Customer_4481,Last_4481,Customer_4481@Email.Com,Tabuk,Standard,1/23/2020 16:58,TRUE,43944
731,Customer_1852,Last_1852,Customer_1852@Email.Com,Mecca,Basic,1/24/2020 5:49,TRUE,39558
732,Customer_2863,Last_2863,Customer_2863@Email.Com,Medina,Standard,1/24/2020 18:40,TRUE,6553
733,Customer_3961,Last_3961,Customer_3961@Email.Com,Abha,New,1/26/2020 9:13,TRUE,36546
734,Customer_191,Last_191,Customer_191@Email.Com,Qatif,Basic,1/26/2020 22:05,TRUE,40916
735,Customer_1009,Last_1009,Customer_1009@Email.Com,Arar,New,1/27/2020 23:47,TRUE,38822
736,Customer_4126,Last_4126,Customer_4126@Email.Com,Yanbu,Premium,1/30/2020 16:02,TRUE,15788
737,Customer_3440,Last_3440,Customer_3440@Email.Com,Buraidah,Standard,2/1/2020 6:36,TRUE,35897
738,Customer_4629,Last_4629,Customer_4629@Email.Com,Dammam,Standard,2/1/2020 19:27,TRUE,24791
739,Customer_2628,Last_2628,Customer_2628@Email.Com,Dammam,Basic,2/2/2020 8:18,TRUE,44093
740,Customer_1699,Last_1699,Customer_1699@Email.Com,Hail,Standard,2/2/2020 21:09,TRUE,16942
741,Customer_755,Last_755,Customer_755@Email.Com,Taif,Standard,2/4/2020 11:43,FALSE,29907
742,Customer_1445,Last_1445,Customer_1445@Email.Com,Jubail,Standard,2/4/2020 11:43,FALSE,44388
743,Customer_4998,Last_4998,Customer_4998@Email.Com,Dhahran,New,2/4/2020 11:43,TRUE,34096
744,Customer_597,Last_597,Customer_597@Email.Com,Al-Ahsa,Standard,2/5/2020 0:34,TRUE,10316
745,Customer_799,Last_799,Customer_799@Email.Com,Khobar,Standard,2/5/2020 0:34,TRUE,33380
746,Customer_938,Last_938,Customer_938@Email.Com,Jubail,Basic,2/6/2020 2:16,TRUE,28727
747,Customer_2631,Last_2631,Customer_2631@Email.Com,Khobar,Basic,2/6/2020 15:07,FALSE,31131
748,Customer_4029,Last_4029,Customer_4029@Email.Com,Taif,Standard,2/7/2020 3:58,TRUE,19951
749,Customer_2538,Last_2538,Customer_2538@Email.Com,Dammam,New,2/8/2020 5:41,TRUE,37924
750,Customer_4011,Last_4011,Customer_4011@Email.Com,Al-Ahsa,Basic,2/8/2020 5:41,TRUE,35212
751,Customer_3640,Last_3640,Customer_3640@Email.Com,Taif,Standard,2/8/2020 5:41,FALSE,44547
752,Customer_18,Last_18,Customer_18@Email.Com,Jubail,Standard,2/8/2020 18:32,TRUE,14436
753,Customer_1534,Last_1534,Customer_1534@Email.Com,Tabuk,New,2/9/2020 7:23,TRUE,20563
754,Customer_1976,Last_1976,Customer_1976@Email.Com,Riyadh,Vip,2/9/2020 20:14,FALSE,33496
755,Customer_4562,Last_4562,Customer_4562@Email.Com,Hail,New,2/9/2020 20:14,TRUE,32995
756,Customer_2992,Last_2992,Customer_2992@Email.Com,Khobar,Basic,2/10/2020 9:05,FALSE,40910
757,Customer_3728,Last_3728,Customer_3728@Email.Com,Riyadh,Standard,2/10/2020 9:05,TRUE,1691
758,Customer_2680,Last_2680,Customer_2680@Email.Com,Al-Kharj,Premium,2/10/2020 21:56,TRUE,49130
759,Customer_1444,Last_1444,Customer_1444@Email.Com,Dhahran,New,2/10/2020 21:56,TRUE,21694
760,Customer_64,Last_64,Customer_64@Email.Com,Al-Kharj,Standard,2/11/2020 10:47,TRUE,48514
761,Customer_4346,Last_4346,Customer_4346@Email.Com,Hail,Standard,2/11/2020 10:47,FALSE,27467
762,Customer_2323,Last_2323,Customer_2323@Email.Com,Riyadh,Basic,2/12/2020 12:30,TRUE,3865
763,Customer_4156,Last_4156,Customer_4156@Email.Com,Mecca,Basic,2/13/2020 1:21,TRUE,43535
764,Customer_439,Last_439,Customer_439@Email.Com,Jeddah,Premium,2/13/2020 14:12,TRUE,47069
765,Customer_1326,Last_1326,Customer_1326@Email.Com,Abha,New,2/13/2020 14:12,FALSE,32149
766,Customer_2683,Last_2683,Customer_2683@Email.Com,Arar,New,2/14/2020 3:03,TRUE,14837
767,Customer_4309,Last_4309,Customer_4309@Email.Com,Dhahran,Basic,2/16/2020 19:19,FALSE,22771
768,Customer_92,Last_92,Customer_92@Email.Com,Abha,Standard,2/16/2020 19:19,TRUE,48001
769,Customer_3308,Last_3308,Customer_3308@Email.Com,Hail,Standard,2/16/2020 19:19,TRUE,34148
770,Customer_3605,Last_3605,Customer_3605@Email.Com,Medina,Premium,2/17/2020 8:10,TRUE,43318
771,Customer_3033,Last_3033,Customer_3033@Email.Com,Dhahran,Premium,2/17/2020 8:10,TRUE,46721
772,Customer_143,Last_143,Customer_143@Email.Com,Riyadh,Premium,2/17/2020 21:01,FALSE,37669
773,Customer_785,Last_785,Customer_785@Email.Com,Khobar,Vip,2/18/2020 9:52,TRUE,20379
774,Customer_3972,Last_3972,Customer_3972@Email.Com,Jeddah,Standard,2/18/2020 9:52,TRUE,46342
775,Customer_794,Last_794,Customer_794@Email.Com,Dammam,Standard,2/18/2020 22:43,TRUE,26644
776,Customer_1922,Last_1922,Customer_1922@Email.Com,Mecca,Basic,2/19/2020 11:34,TRUE,25049
777,Customer_3543,Last_3543,Customer_3543@Email.Com,Yanbu,Standard,2/19/2020 11:34,TRUE,47793
778,Customer_700,Last_700,Customer_700@Email.Com,Mecca,New,2/19/2020 11:34,TRUE,44124
779,Customer_3909,Last_3909,Customer_3909@Email.Com,Riyadh,Basic,2/20/2020 0:25,TRUE,32667
780,Customer_1965,Last_1965,Customer_1965@Email.Com,Taif,Standard,2/20/2020 0:25,TRUE,13348
781,Customer_562,Last_562,Customer_562@Email.Com,Arar,Vip,2/20/2020 13:17,TRUE,26690
782,Customer_4326,Last_4326,Customer_4326@Email.Com,Jubail,Vip,2/21/2020 2:08,TRUE,26241
783,Customer_1658,Last_1658,Customer_1658@Email.Com,Khamis Mushait,Standard,2/21/2020 14:59,TRUE,19024
784,Customer_3011,Last_3011,Customer_3011@Email.Com,Al-Ahsa,Basic,2/23/2020 5:32,TRUE,14567
785,Customer_2461,Last_2461,Customer_2461@Email.Com,Taif,Premium,2/23/2020 18:23,TRUE,35847
786,Customer_2348,Last_2348,Customer_2348@Email.Com,Najran,Basic,2/23/2020 18:23,TRUE,18454
787,Customer_3183,Last_3183,Customer_3183@Email.Com,Dhahran,Premium,2/24/2020 7:14,TRUE,28114
788,Customer_4097,Last_4097,Customer_4097@Email.Com,Abha,New,2/25/2020 8:57,FALSE,12343
789,Customer_4566,Last_4566,Customer_4566@Email.Com,Riyadh,Basic,2/25/2020 8:57,TRUE,29377
790,Customer_169,Last_169,Customer_169@Email.Com,Medina,New,2/25/2020 21:48,TRUE,5338
791,Customer_3983,Last_3983,Customer_3983@Email.Com,Hail,Standard,2/26/2020 23:30,TRUE,19560
792,Customer_1911,Last_1911,Customer_1911@Email.Com,Abha,Standard,2/27/2020 12:21,TRUE,21664
793,Customer_1620,Last_1620,Customer_1620@Email.Com,Khobar,Basic,2/28/2020 14:04,TRUE,13616
794,Customer_1499,Last_1499,Customer_1499@Email.Com,Dhahran,New,2/28/2020 14:04,TRUE,48864
795,Customer_1087,Last_1087,Customer_1087@Email.Com,Al-Ahsa,Basic,2/28/2020 14:04,TRUE,44907
796,Customer_1545,Last_1545,Customer_1545@Email.Com,Tabuk,Basic,2/29/2020 2:55,TRUE,13138
797,Customer_1758,Last_1758,Customer_1758@Email.Com,Hail,Basic,2/29/2020 15:46,TRUE,41004
798,Customer_3615,Last_3615,Customer_3615@Email.Com,Dhahran,Standard,2/29/2020 15:46,TRUE,28433
799,Customer_2047,Last_2047,Customer_2047@Email.Com,Riyadh,Premium,2/29/2020 15:46,FALSE,17762
800,Customer_1712,Last_1712,Customer_1712@Email.Com,Medina,Vip,3/1/2020 4:37,TRUE,41104
801,Customer_1228,Last_1228,Customer_1228@Email.Com,Taif,Premium,3/1/2020 4:37,TRUE,33712
802,Customer_2930,Last_2930,Customer_2930@Email.Com,Jubail,New,3/2/2020 6:19,TRUE,10070
803,Customer_1772,Last_1772,Customer_1772@Email.Com,Khamis Mushait,Standard,3/2/2020 6:19,TRUE,47077
804,Customer_4718,Last_4718,Customer_4718@Email.Com,Buraidah,Premium,3/2/2020 19:10,TRUE,39815
805,Customer_2076,Last_2076,Customer_2076@Email.Com,Abha,Vip,3/3/2020 8:01,TRUE,33161
806,Customer_3086,Last_3086,Customer_3086@Email.Com,Dammam,Basic,3/3/2020 8:01,FALSE,34546
807,Customer_3835,Last_3835,Customer_3835@Email.Com,Abha,Standard,3/4/2020 9:44,TRUE,14641
808,Customer_598,Last_598,Customer_598@Email.Com,Medina,New,3/4/2020 9:44,TRUE,22622
809,Customer_1797,Last_1797,Customer_1797@Email.Com,Yanbu,Standard,3/4/2020 9:44,TRUE,340
810,Customer_2075,Last_2075,Customer_2075@Email.Com,Najran,Basic,3/6/2020 13:08,TRUE,45284
811,Customer_1319,Last_1319,Customer_1319@Email.Com,Arar,New,3/7/2020 1:59,TRUE,36139
812,Customer_1273,Last_1273,Customer_1273@Email.Com,Yanbu,Premium,3/7/2020 14:50,TRUE,18113
813,Customer_2395,Last_2395,Customer_2395@Email.Com,Yanbu,Vip,3/7/2020 14:50,TRUE,100
814,Customer_510,Last_510,Customer_510@Email.Com,Yanbu,New,3/7/2020 14:50,FALSE,25939
815,Customer_521,Last_521,Customer_521@Email.Com,Qatif,Standard,3/10/2020 7:06,TRUE,30158
816,Customer_2459,Last_2459,Customer_2459@Email.Com,Jubail,Vip,3/11/2020 8:48,TRUE,23183
817,Customer_1217,Last_1217,Customer_1217@Email.Com,Qatif,Standard,3/11/2020 21:40,TRUE,23226
818,Customer_441,Last_441,Customer_441@Email.Com,Abha,Basic,3/12/2020 10:31,FALSE,46435
819,Customer_4265,Last_4265,Customer_4265@Email.Com,Arar,Basic,3/14/2020 1:04,TRUE,44327
820,Customer_289,Last_289,Customer_289@Email.Com,Khobar,New,3/14/2020 13:55,TRUE,44899
821,Customer_4460,Last_4460,Customer_4460@Email.Com,Najran,New,3/15/2020 2:46,TRUE,32574
822,Customer_4863,Last_4863,Customer_4863@Email.Com,Al-Kharj,Premium,3/15/2020 15:37,TRUE,35352
823,Customer_1977,Last_1977,Customer_1977@Email.Com,Khobar,Basic,3/16/2020 17:20,TRUE,34055
824,Customer_4872,Last_4872,Customer_4872@Email.Com,Al-Kharj,New,3/16/2020 17:20,FALSE,25266
825,Customer_3830,Last_3830,Customer_3830@Email.Com,Dammam,New,3/17/2020 6:11,TRUE,8308
826,Customer_547,Last_547,Customer_547@Email.Com,Yanbu,New,3/17/2020 6:11,TRUE,29665
827,Customer_869,Last_869,Customer_869@Email.Com,Tabuk,New,3/17/2020 19:02,TRUE,11055
828,Customer_4962,Last_4962,Customer_4962@Email.Com,Jeddah,Basic,3/17/2020 19:02,TRUE,31974
829,Customer_10,Last_10,Customer_10@Email.Com,Mecca,Basic,3/17/2020 19:02,TRUE,20405
830,Customer_4261,Last_4261,Customer_4261@Email.Com,Dhahran,New,3/18/2020 20:44,TRUE,34925
831,Customer_3150,Last_3150,Customer_3150@Email.Com,Dammam,Standard,3/18/2020 20:44,TRUE,35187
832,Customer_1537,Last_1537,Customer_1537@Email.Com,Najran,Premium,3/18/2020 20:44,TRUE,7386
833,Customer_2875,Last_2875,Customer_2875@Email.Com,Riyadh,New,3/19/2020 22:26,FALSE,27447
834,Customer_370,Last_370,Customer_370@Email.Com,Jeddah,Standard,3/20/2020 11:18,TRUE,25406
835,Customer_1172,Last_1172,Customer_1172@Email.Com,Al-Kharj,Basic,3/21/2020 0:09,FALSE,40326
836,Customer_1880,Last_1880,Customer_1880@Email.Com,Dammam,Basic,3/21/2020 0:09,TRUE,13692
837,Customer_4211,Last_4211,Customer_4211@Email.Com,Buraidah,Basic,3/21/2020 13:00,TRUE,11414
838,Customer_3330,Last_3330,Customer_3330@Email.Com,Khobar,Standard,3/22/2020 1:51,TRUE,12735
839,Customer_93,Last_93,Customer_93@Email.Com,Taif,Standard,3/22/2020 1:51,TRUE,1726
840,Customer_2120,Last_2120,Customer_2120@Email.Com,Jeddah,Vip,3/22/2020 14:42,TRUE,4736
841,Customer_4551,Last_4551,Customer_4551@Email.Com,Yanbu,Premium,3/22/2020 14:42,TRUE,45271
842,Customer_2155,Last_2155,Customer_2155@Email.Com,Taif,New,3/25/2020 6:58,TRUE,22234
843,Customer_4999,Last_4999,Customer_4999@Email.Com,Jeddah,Standard,3/25/2020 19:49,TRUE,12236
844,Customer_4799,Last_4799,Customer_4799@Email.Com,Mecca,Basic,3/26/2020 21:31,TRUE,31976
845,Customer_1630,Last_1630,Customer_1630@Email.Com,Riyadh,Standard,3/26/2020 21:31,TRUE,26859
846,Customer_2360,Last_2360,Customer_2360@Email.Com,Arar,Basic,3/26/2020 21:31,TRUE,10548
847,Customer_3933,Last_3933,Customer_3933@Email.Com,Jubail,New,3/27/2020 23:13,TRUE,38892
848,Customer_234,Last_234,Customer_234@Email.Com,Dammam,Basic,3/28/2020 12:05,TRUE,26445
849,Customer_4659,Last_4659,Customer_4659@Email.Com,Al-Kharj,Standard,3/28/2020 12:05,TRUE,15454
850,Customer_2008,Last_2008,Customer_2008@Email.Com,Qatif,Vip,3/28/2020 12:05,TRUE,32205
851,Customer_3276,Last_3276,Customer_3276@Email.Com,Khamis Mushait,Vip,3/29/2020 13:47,TRUE,38188
852,Customer_3125,Last_3125,Customer_3125@Email.Com,Riyadh,Vip,3/30/2020 2:38,TRUE,1783
853,Customer_2227,Last_2227,Customer_2227@Email.Com,Najran,New,3/30/2020 15:29,TRUE,32141
854,Customer_3241,Last_3241,Customer_3241@Email.Com,Riyadh,Premium,3/31/2020 4:20,TRUE,21307
855,Customer_1952,Last_1952,Customer_1952@Email.Com,Khamis Mushait,Standard,3/31/2020 4:20,TRUE,1074
856,Customer_3695,Last_3695,Customer_3695@Email.Com,Qatif,Standard,4/2/2020 20:36,TRUE,27156
857,Customer_4842,Last_4842,Customer_4842@Email.Com,Hail,Basic,4/2/2020 20:36,TRUE,15993
858,Customer_2876,Last_2876,Customer_2876@Email.Com,Mecca,Premium,4/2/2020 20:36,TRUE,36763
859,Customer_470,Last_470,Customer_470@Email.Com,Yanbu,Standard,4/3/2020 22:18,TRUE,22285
860,Customer_1995,Last_1995,Customer_1995@Email.Com,Jubail,Standard,4/4/2020 11:09,TRUE,7943
861,Customer_4582,Last_4582,Customer_4582@Email.Com,Hail,Standard,4/4/2020 11:09,TRUE,15923
862,Customer_3191,Last_3191,Customer_3191@Email.Com,Najran,New,4/6/2020 1:43,TRUE,43281
863,Customer_3027,Last_3027,Customer_3027@Email.Com,Yanbu,Premium,4/6/2020 14:34,FALSE,34076
864,Customer_3664,Last_3664,Customer_3664@Email.Com,Al-Kharj,Standard,4/7/2020 3:25,FALSE,39775
865,Customer_1137,Last_1137,Customer_1137@Email.Com,Jeddah,Vip,4/7/2020 3:25,TRUE,10694
866,Customer_3168,Last_3168,Customer_3168@Email.Com,Yanbu,Vip,4/8/2020 5:07,TRUE,23937
867,Customer_111,Last_111,Customer_111@Email.Com,Riyadh,Standard,4/8/2020 17:58,FALSE,21663
868,Customer_520,Last_520,Customer_520@Email.Com,Tabuk,Standard,4/9/2020 19:41,FALSE,46221
869,Customer_2720,Last_2720,Customer_2720@Email.Com,Yanbu,Standard,4/9/2020 19:41,TRUE,41237
870,Customer_2732,Last_2732,Customer_2732@Email.Com,Abha,New,4/9/2020 19:41,TRUE,3709
871,Customer_2632,Last_2632,Customer_2632@Email.Com,Khamis Mushait,New,4/9/2020 19:41,TRUE,20386
872,Customer_2428,Last_2428,Customer_2428@Email.Com,Yanbu,Premium,4/10/2020 8:32,TRUE,21375
873,Customer_1051,Last_1051,Customer_1051@Email.Com,Hail,Vip,4/10/2020 21:23,FALSE,47397
874,Customer_757,Last_757,Customer_757@Email.Com,Taif,New,4/11/2020 10:14,TRUE,29372
875,Customer_1134,Last_1134,Customer_1134@Email.Com,Mecca,Standard,4/11/2020 10:14,TRUE,47631
876,Customer_131,Last_131,Customer_131@Email.Com,Yanbu,Standard,4/11/2020 23:05,FALSE,33314
877,Customer_1246,Last_1246,Customer_1246@Email.Com,Dhahran,Basic,4/13/2020 13:38,TRUE,33101
878,Customer_442,Last_442,Customer_442@Email.Com,Taif,Standard,4/14/2020 15:21,FALSE,3794
879,Customer_1560,Last_1560,Customer_1560@Email.Com,Jeddah,Standard,4/15/2020 17:03,TRUE,16494
880,Customer_203,Last_203,Customer_203@Email.Com,Arar,Standard,4/16/2020 18:45,TRUE,47941
881,Customer_996,Last_996,Customer_996@Email.Com,Dammam,Premium,4/17/2020 20:27,FALSE,33622
882,Customer_3284,Last_3284,Customer_3284@Email.Com,Khobar,Vip,4/17/2020 20:27,TRUE,11051
883,Customer_3575,Last_3575,Customer_3575@Email.Com,Hail,Standard,4/18/2020 9:19,TRUE,36189
884,Customer_1570,Last_1570,Customer_1570@Email.Com,Khobar,Standard,4/18/2020 22:10,TRUE,34850
885,Customer_1776,Last_1776,Customer_1776@Email.Com,Tabuk,Basic,4/19/2020 11:01,TRUE,32208
886,Customer_838,Last_838,Customer_838@Email.Com,Hail,Basic,4/19/2020 11:01,TRUE,13790
887,Customer_2397,Last_2397,Customer_2397@Email.Com,Dhahran,Basic,4/20/2020 12:43,TRUE,4978
888,Customer_4941,Last_4941,Customer_4941@Email.Com,Medina,Standard,4/20/2020 12:43,TRUE,42933
889,Customer_1910,Last_1910,Customer_1910@Email.Com,Abha,Premium,4/21/2020 1:34,TRUE,26508
890,Customer_1538,Last_1538,Customer_1538@Email.Com,Al-Kharj,Basic,4/21/2020 1:34,TRUE,26337
891,Customer_2324,Last_2324,Customer_2324@Email.Com,Jubail,Standard,4/21/2020 14:25,TRUE,4294
892,Customer_735,Last_735,Customer_735@Email.Com,Najran,Standard,4/22/2020 3:17,TRUE,21117
893,Customer_3382,Last_3382,Customer_3382@Email.Com,Dhahran,Vip,4/23/2020 4:59,TRUE,487
894,Customer_421,Last_421,Customer_421@Email.Com,Jubail,Basic,4/23/2020 17:50,FALSE,38568
895,Customer_2025,Last_2025,Customer_2025@Email.Com,Jubail,Standard,4/24/2020 6:41,TRUE,41271
896,Customer_1432,Last_1432,Customer_1432@Email.Com,Al-Ahsa,Standard,4/24/2020 6:41,TRUE,47461
897,Customer_604,Last_604,Customer_604@Email.Com,Medina,Vip,4/24/2020 19:32,TRUE,24501
898,Customer_4563,Last_4563,Customer_4563@Email.Com,Khamis Mushait,New,4/24/2020 19:32,TRUE,45937
899,Customer_87,Last_87,Customer_87@Email.Com,Dammam,Basic,4/25/2020 21:14,FALSE,35848
900,Customer_822,Last_822,Customer_822@Email.Com,Arar,Premium,4/26/2020 10:06,TRUE,14525
901,Customer_4806,Last_4806,Customer_4806@Email.Com,Dammam,Standard,4/26/2020 22:57,TRUE,27740
902,Customer_3644,Last_3644,Customer_3644@Email.Com,Taif,Vip,4/28/2020 0:39,TRUE,40957
903,Customer_2577,Last_2577,Customer_2577@Email.Com,Tabuk,Premium,4/28/2020 13:30,TRUE,39273
904,Customer_2480,Last_2480,Customer_2480@Email.Com,Riyadh,Premium,4/29/2020 15:12,TRUE,15316
905,Customer_1307,Last_1307,Customer_1307@Email.Com,Medina,Standard,5/1/2020 5:46,TRUE,20644
906,Customer_733,Last_733,Customer_733@Email.Com,Al-Kharj,Premium,5/1/2020 18:37,TRUE,42017
907,Customer_126,Last_126,Customer_126@Email.Com,Taif,Basic,5/2/2020 7:28,TRUE,38210
908,Customer_2289,Last_2289,Customer_2289@Email.Com,Khamis Mushait,Standard,5/2/2020 7:28,TRUE,5088
909,Customer_1113,Last_1113,Customer_1113@Email.Com,Dhahran,Basic,5/3/2020 9:10,TRUE,23814
910,Customer_2564,Last_2564,Customer_2564@Email.Com,Arar,Basic,5/4/2020 10:53,FALSE,45820
911,Customer_1790,Last_1790,Customer_1790@Email.Com,Jeddah,Standard,5/4/2020 10:53,TRUE,43780
912,Customer_2815,Last_2815,Customer_2815@Email.Com,Qatif,Standard,5/4/2020 10:53,TRUE,14416
913,Customer_4222,Last_4222,Customer_4222@Email.Com,Hail,New,5/4/2020 10:53,TRUE,13165
914,Customer_2163,Last_2163,Customer_2163@Email.Com,Medina,Basic,5/4/2020 23:44,FALSE,39766
915,Customer_1782,Last_1782,Customer_1782@Email.Com,Riyadh,New,5/5/2020 12:35,TRUE,42580
916,Customer_3388,Last_3388,Customer_3388@Email.Com,Al-Ahsa,Standard,5/5/2020 12:35,TRUE,20856
917,Customer_30,Last_30,Customer_30@Email.Com,Al-Ahsa,Standard,5/6/2020 14:17,TRUE,867
918,Customer_1129,Last_1129,Customer_1129@Email.Com,Medina,Basic,5/7/2020 3:08,TRUE,11932
919,Customer_346,Last_346,Customer_346@Email.Com,Jubail,Standard,5/8/2020 17:42,TRUE,14096
920,Customer_2017,Last_2017,Customer_2017@Email.Com,Dammam,Standard,5/8/2020 17:42,TRUE,22155
921,Customer_2609,Last_2609,Customer_2609@Email.Com,Al-Ahsa,New,5/8/2020 17:42,TRUE,45041
922,Customer_2454,Last_2454,Customer_2454@Email.Com,Abha,New,5/9/2020 6:33,TRUE,11506
923,Customer_3532,Last_3532,Customer_3532@Email.Com,Jeddah,Basic,5/9/2020 6:33,FALSE,33963
924,Customer_1299,Last_1299,Customer_1299@Email.Com,Najran,Standard,5/10/2020 8:15,TRUE,17085
925,Customer_1575,Last_1575,Customer_1575@Email.Com,Jeddah,Basic,5/10/2020 8:15,TRUE,37861
926,Customer_400,Last_400,Customer_400@Email.Com,Jeddah,Standard,5/10/2020 21:06,FALSE,25755
927,Customer_2773,Last_2773,Customer_2773@Email.Com,Tabuk,Standard,5/10/2020 21:06,TRUE,39573
928,Customer_4720,Last_4720,Customer_4720@Email.Com,Jubail,Basic,5/12/2020 11:39,TRUE,5588
929,Customer_4426,Last_4426,Customer_4426@Email.Com,Khobar,Standard,5/13/2020 0:31,TRUE,46760
930,Customer_1645,Last_1645,Customer_1645@Email.Com,Mecca,Premium,5/13/2020 13:22,FALSE,8086
931,Customer_3770,Last_3770,Customer_3770@Email.Com,Hail,Basic,5/14/2020 2:13,TRUE,39678
932,Customer_1693,Last_1693,Customer_1693@Email.Com,Al-Kharj,Standard,5/14/2020 2:13,TRUE,22830
933,Customer_3315,Last_3315,Customer_3315@Email.Com,Khobar,Standard,5/14/2020 15:04,FALSE,20163
934,Customer_3550,Last_3550,Customer_3550@Email.Com,Mecca,Basic,5/15/2020 3:55,TRUE,45604
935,Customer_2612,Last_2612,Customer_2612@Email.Com,Buraidah,Premium,5/15/2020 16:46,TRUE,5136
936,Customer_3460,Last_3460,Customer_3460@Email.Com,Dhahran,Basic,5/16/2020 18:29,TRUE,33246
937,Customer_3599,Last_3599,Customer_3599@Email.Com,Mecca,New,5/17/2020 7:20,TRUE,46116
938,Customer_1664,Last_1664,Customer_1664@Email.Com,Mecca,Standard,5/17/2020 7:20,TRUE,48002
939,Customer_3613,Last_3613,Customer_3613@Email.Com,Qatif,Basic,5/18/2020 21:53,TRUE,28253
940,Customer_2150,Last_2150,Customer_2150@Email.Com,Medina,Standard,5/18/2020 21:53,TRUE,14151
941,Customer_610,Last_610,Customer_610@Email.Com,Buraidah,Standard,5/19/2020 10:44,TRUE,40751
942,Customer_4335,Last_4335,Customer_4335@Email.Com,Arar,Basic,5/20/2020 12:26,TRUE,31269
943,Customer_1991,Last_1991,Customer_1991@Email.Com,Jubail,Standard,5/20/2020 12:26,TRUE,48612
944,Customer_4865,Last_4865,Customer_4865@Email.Com,Qatif,Standard,5/20/2020 12:26,TRUE,16552
945,Customer_344,Last_344,Customer_344@Email.Com,Tabuk,Premium,5/20/2020 12:26,FALSE,11557
946,Customer_1409,Last_1409,Customer_1409@Email.Com,Hail,Standard,5/21/2020 1:18,TRUE,20243
947,Customer_2207,Last_2207,Customer_2207@Email.Com,Al-Kharj,New,5/22/2020 3:00,TRUE,34393
948,Customer_4635,Last_4635,Customer_4635@Email.Com,Arar,Premium,5/22/2020 3:00,FALSE,37517
949,Customer_1265,Last_1265,Customer_1265@Email.Com,Yanbu,Vip,5/22/2020 3:00,TRUE,19887
950,Customer_2055,Last_2055,Customer_2055@Email.Com,Buraidah,Standard,5/22/2020 15:51,TRUE,10004
951,Customer_388,Last_388,Customer_388@Email.Com,Arar,Basic,5/23/2020 4:42,TRUE,7636
952,Customer_4139,Last_4139,Customer_4139@Email.Com,Khamis Mushait,Premium,5/23/2020 4:42,TRUE,30846
953,Customer_4880,Last_4880,Customer_4880@Email.Com,Buraidah,Basic,5/23/2020 4:42,TRUE,34173
954,Customer_170,Last_170,Customer_170@Email.Com,Dhahran,Basic,5/23/2020 4:42,TRUE,8300
955,Customer_4817,Last_4817,Customer_4817@Email.Com,Riyadh,Standard,5/23/2020 4:42,TRUE,38322
956,Customer_2734,Last_2734,Customer_2734@Email.Com,Arar,Standard,5/23/2020 17:33,TRUE,46683
957,Customer_135,Last_135,Customer_135@Email.Com,Hail,Premium,5/24/2020 6:24,TRUE,41766
958,Customer_286,Last_286,Customer_286@Email.Com,Dhahran,Standard,5/24/2020 6:24,TRUE,9849
959,Customer_3236,Last_3236,Customer_3236@Email.Com,Qatif,Premium,5/24/2020 6:24,TRUE,17139
960,Customer_3292,Last_3292,Customer_3292@Email.Com,Abha,Standard,5/24/2020 19:15,TRUE,27313
961,Customer_3787,Last_3787,Customer_3787@Email.Com,Khobar,Premium,5/25/2020 8:07,TRUE,36822
962,Customer_4542,Last_4542,Customer_4542@Email.Com,Jeddah,Vip,5/25/2020 8:07,TRUE,32070
963,Customer_2299,Last_2299,Customer_2299@Email.Com,Yanbu,Vip,5/25/2020 20:58,TRUE,43003
964,Customer_3944,Last_3944,Customer_3944@Email.Com,Taif,Basic,5/25/2020 20:58,TRUE,46051
965,Customer_4141,Last_4141,Customer_4141@Email.Com,Khobar,Standard,5/26/2020 22:40,TRUE,17365
966,Customer_3829,Last_3829,Customer_3829@Email.Com,Khamis Mushait,Standard,5/28/2020 0:22,TRUE,15674
967,Customer_4541,Last_4541,Customer_4541@Email.Com,Khobar,Standard,5/28/2020 0:22,TRUE,7988
968,Customer_3541,Last_3541,Customer_3541@Email.Com,Al-Ahsa,Standard,5/28/2020 13:13,TRUE,31023
969,Customer_692,Last_692,Customer_692@Email.Com,Qatif,Vip,5/29/2020 14:56,TRUE,17670
970,Customer_581,Last_581,Customer_581@Email.Com,Tabuk,Standard,5/30/2020 3:47,TRUE,10330
971,Customer_2481,Last_2481,Customer_2481@Email.Com,Taif,New,5/31/2020 5:29,TRUE,24463
972,Customer_4439,Last_4439,Customer_4439@Email.Com,Arar,Basic,5/31/2020 18:20,TRUE,29067
973,Customer_971,Last_971,Customer_971@Email.Com,Medina,Basic,5/31/2020 18:20,TRUE,28557
974,Customer_1128,Last_1128,Customer_1128@Email.Com,Jeddah,Vip,5/31/2020 18:20,TRUE,22262
975,Customer_4676,Last_4676,Customer_4676@Email.Com,Qatif,Standard,6/1/2020 20:02,TRUE,24946
976,Customer_4759,Last_4759,Customer_4759@Email.Com,Yanbu,Basic,6/2/2020 8:54,TRUE,22737
977,Customer_3522,Last_3522,Customer_3522@Email.Com,Yanbu,Vip,6/2/2020 8:54,TRUE,35306
978,Customer_3948,Last_3948,Customer_3948@Email.Com,Abha,New,6/2/2020 8:54,TRUE,15707
979,Customer_14,Last_14,Customer_14@Email.Com,Jubail,Basic,6/4/2020 12:18,TRUE,37659
980,Customer_739,Last_739,Customer_739@Email.Com,Najran,Premium,6/5/2020 1:09,TRUE,47602
981,Customer_680,Last_680,Customer_680@Email.Com,Hail,Basic,6/5/2020 14:00,TRUE,29785
982,Customer_1234,Last_1234,Customer_1234@Email.Com,Abha,Standard,6/5/2020 14:00,TRUE,23265
983,Customer_224,Last_224,Customer_224@Email.Com,Qatif,Standard,6/6/2020 2:51,TRUE,25525
984,Customer_4522,Last_4522,Customer_4522@Email.Com,Khobar,Basic,6/6/2020 15:43,TRUE,14807
985,Customer_1805,Last_1805,Customer_1805@Email.Com,Najran,Standard,6/9/2020 7:58,TRUE,38180
986,Customer_4422,Last_4422,Customer_4422@Email.Com,Dammam,Vip,6/9/2020 20:49,TRUE,14983
987,Customer_3186,Last_3186,Customer_3186@Email.Com,Mecca,Standard,6/9/2020 20:49,FALSE,10509
988,Customer_4189,Last_4189,Customer_4189@Email.Com,Buraidah,New,6/10/2020 9:41,TRUE,32668
989,Customer_2598,Last_2598,Customer_2598@Email.Com,Khobar,New,6/10/2020 22:32,FALSE,19794
990,Customer_1305,Last_1305,Customer_1305@Email.Com,Jubail,New,6/11/2020 11:23,FALSE,32691
991,Customer_2645,Last_2645,Customer_2645@Email.Com,Qatif,Standard,6/12/2020 0:14,TRUE,42394
992,Customer_2443,Last_2443,Customer_2443@Email.Com,Medina,New,6/12/2020 0:14,FALSE,12281
993,Customer_4235,Last_4235,Customer_4235@Email.Com,Mecca,Standard,6/12/2020 13:05,TRUE,22016
994,Customer_2716,Last_2716,Customer_2716@Email.Com,Hail,Basic,6/12/2020 13:05,TRUE,18636
995,Customer_3867,Last_3867,Customer_3867@Email.Com,Khobar,Standard,6/12/2020 13:05,TRUE,8012
996,Customer_3458,Last_3458,Customer_3458@Email.Com,Al-Ahsa,Standard,6/13/2020 14:47,FALSE,13303
997,Customer_2376,Last_2376,Customer_2376@Email.Com,Najran,Basic,6/14/2020 3:38,FALSE,47394
998,Customer_3040,Last_3040,Customer_3040@Email.Com,Tabuk,Standard,6/14/2020 3:38,TRUE,33299
999,Customer_2487,Last_2487,Customer_2487@Email.Com,Al-Kharj,Standard,6/14/2020 16:30,FALSE,9386
1000,Customer_3774,Last_3774,Customer_3774@Email.Com,Al-Kharj,Basic,6/15/2020 5:21,TRUE,41583
1001,Customer_1019,Last_1019,Customer_1019@Email.Com,Abha,New,6/17/2020 21:36,FALSE,10273
1002,Customer_3727,Last_3727,Customer_3727@Email.Com,Medina,Premium,6/18/2020 10:27,TRUE,7921
1003,Customer_2963,Last_2963,Customer_2963@Email.Com,Tabuk,Standard,6/18/2020 10:27,TRUE,10550
1004,Customer_4281,Last_4281,Customer_4281@Email.Com,Khobar,Standard,6/18/2020 10:27,FALSE,18997
1005,Customer_791,Last_791,Customer_791@Email.Com,Mecca,Standard,6/18/2020 23:19,TRUE,12850
1006,Customer_1621,Last_1621,Customer_1621@Email.Com,Khamis Mushait,New,6/18/2020 23:19,TRUE,32253
1007,Customer_2955,Last_2955,Customer_2955@Email.Com,Dammam,Standard,6/19/2020 12:10,FALSE,48599
1008,Customer_3708,Last_3708,Customer_3708@Email.Com,Khamis Mushait,Premium,6/20/2020 13:52,TRUE,20557
1009,Customer_1298,Last_1298,Customer_1298@Email.Com,Riyadh,Standard,6/21/2020 2:43,TRUE,23363
1010,Customer_3590,Last_3590,Customer_3590@Email.Com,Khobar,Basic,6/21/2020 2:43,TRUE,3325
1011,Customer_4158,Last_4158,Customer_4158@Email.Com,Arar,Basic,6/21/2020 15:34,TRUE,29446
1012,Customer_11,Last_11,Customer_11@Email.Com,Tabuk,Standard,6/21/2020 15:34,TRUE,14482
1013,Customer_4538,Last_4538,Customer_4538@Email.Com,Dhahran,Vip,6/22/2020 4:25,TRUE,44378
1014,Customer_4532,Last_4532,Customer_4532@Email.Com,Dhahran,Standard,6/23/2020 6:08,TRUE,10236
1015,Customer_4025,Last_4025,Customer_4025@Email.Com,Dhahran,Standard,6/23/2020 18:59,FALSE,27523
1016,Customer_3558,Last_3558,Customer_3558@Email.Com,Abha,Basic,6/24/2020 20:41,TRUE,33784
1017,Customer_1809,Last_1809,Customer_1809@Email.Com,Khobar,Standard,6/25/2020 9:32,FALSE,24246
1018,Customer_3221,Last_3221,Customer_3221@Email.Com,Riyadh,Standard,6/25/2020 22:23,TRUE,31262
1019,Customer_2187,Last_2187,Customer_2187@Email.Com,Hail,Standard,6/28/2020 1:48,TRUE,38713
1020,Customer_4253,Last_4253,Customer_4253@Email.Com,Taif,Standard,6/28/2020 14:39,TRUE,46134
1021,Customer_1915,Last_1915,Customer_1915@Email.Com,Tabuk,Basic,6/29/2020 3:30,TRUE,13598
1022,Customer_506,Last_506,Customer_506@Email.Com,Dhahran,Basic,6/29/2020 3:30,TRUE,24302
1023,Customer_885,Last_885,Customer_885@Email.Com,Taif,Standard,6/29/2020 16:21,TRUE,30589
1024,Customer_1487,Last_1487,Customer_1487@Email.Com,Qatif,Standard,7/1/2020 6:55,TRUE,42326
1025,Customer_4942,Last_4942,Customer_4942@Email.Com,Arar,Premium,7/1/2020 19:46,TRUE,2334
1026,Customer_2656,Last_2656,Customer_2656@Email.Com,Dhahran,New,7/2/2020 8:37,TRUE,4991
1027,Customer_4090,Last_4090,Customer_4090@Email.Com,Dhahran,Basic,7/2/2020 8:37,TRUE,39379
1028,Customer_1048,Last_1048,Customer_1048@Email.Com,Taif,Vip,7/2/2020 8:37,TRUE,13217
1029,Customer_4848,Last_4848,Customer_4848@Email.Com,Dhahran,Premium,7/2/2020 21:28,TRUE,39028
1030,Customer_3956,Last_3956,Customer_3956@Email.Com,Hail,New,7/2/2020 21:28,TRUE,31072
1031,Customer_4705,Last_4705,Customer_4705@Email.Com,Khobar,New,7/3/2020 10:19,TRUE,37345
1032,Customer_4472,Last_4472,Customer_4472@Email.Com,Taif,Basic,7/3/2020 10:19,TRUE,17881
1033,Customer_3906,Last_3906,Customer_3906@Email.Com,Buraidah,Basic,7/4/2020 12:01,TRUE,43347
1034,Customer_293,Last_293,Customer_293@Email.Com,Dhahran,Premium,7/4/2020 12:01,TRUE,2422
1035,Customer_1341,Last_1341,Customer_1341@Email.Com,Khamis Mushait,Premium,7/6/2020 2:35,TRUE,7938
1036,Customer_642,Last_642,Customer_642@Email.Com,Jeddah,Standard,7/6/2020 15:26,TRUE,49534
1037,Customer_2763,Last_2763,Customer_2763@Email.Com,Abha,Standard,7/6/2020 15:26,FALSE,40023
1038,Customer_612,Last_612,Customer_612@Email.Com,Yanbu,Standard,7/7/2020 4:17,TRUE,1634
1039,Customer_4970,Last_4970,Customer_4970@Email.Com,Buraidah,Standard,7/8/2020 18:50,TRUE,20111
1040,Customer_3304,Last_3304,Customer_3304@Email.Com,Buraidah,Standard,7/9/2020 7:42,TRUE,6087
1041,Customer_4737,Last_4737,Customer_4737@Email.Com,Mecca,Standard,7/9/2020 7:42,TRUE,18340
1042,Customer_3966,Last_3966,Customer_3966@Email.Com,Arar,Vip,7/9/2020 20:33,TRUE,20107
1043,Customer_3574,Last_3574,Customer_3574@Email.Com,Jeddah,Standard,7/10/2020 9:24,TRUE,39374
1044,Customer_691,Last_691,Customer_691@Email.Com,Buraidah,Basic,7/10/2020 22:15,TRUE,17410
1045,Customer_3932,Last_3932,Customer_3932@Email.Com,Mecca,Standard,7/11/2020 23:57,TRUE,16818
1046,Customer_3189,Last_3189,Customer_3189@Email.Com,Arar,Basic,7/11/2020 23:57,TRUE,45433
1047,Customer_1214,Last_1214,Customer_1214@Email.Com,Tabuk,Premium,7/12/2020 12:48,TRUE,10687
1048,Customer_2097,Last_2097,Customer_2097@Email.Com,Dammam,Premium,7/13/2020 1:39,FALSE,45602
1049,Customer_1521,Last_1521,Customer_1521@Email.Com,Taif,Standard,7/14/2020 3:22,TRUE,44963
1050,Customer_4531,Last_4531,Customer_4531@Email.Com,Buraidah,Basic,7/14/2020 3:22,TRUE,21405
1051,Customer_2822,Last_2822,Customer_2822@Email.Com,Najran,New,7/14/2020 3:22,TRUE,36008
1052,Customer_1235,Last_1235,Customer_1235@Email.Com,Al-Ahsa,New,7/14/2020 16:13,TRUE,24751
1053,Customer_4819,Last_4819,Customer_4819@Email.Com,Dhahran,Vip,7/15/2020 17:55,TRUE,43277
1054,Customer_78,Last_78,Customer_78@Email.Com,Abha,Premium,7/16/2020 6:46,TRUE,35377
1055,Customer_1468,Last_1468,Customer_1468@Email.Com,Jeddah,Basic,7/16/2020 19:37,TRUE,21291
1056,Customer_2662,Last_2662,Customer_2662@Email.Com,Riyadh,Basic,7/17/2020 21:20,TRUE,17408
1057,Customer_4776,Last_4776,Customer_4776@Email.Com,Buraidah,Premium,7/18/2020 10:11,FALSE,41286
1058,Customer_2990,Last_2990,Customer_2990@Email.Com,Medina,New,7/20/2020 0:44,TRUE,42577
1059,Customer_136,Last_136,Customer_136@Email.Com,Yanbu,Premium,7/20/2020 0:44,TRUE,25609
1060,Customer_1490,Last_1490,Customer_1490@Email.Com,Khobar,Standard,7/21/2020 2:26,TRUE,26427
1061,Customer_713,Last_713,Customer_713@Email.Com,Medina,New,7/21/2020 2:26,TRUE,47782
1062,Customer_2177,Last_2177,Customer_2177@Email.Com,Mecca,Basic,7/21/2020 2:26,TRUE,8526
1063,Customer_2396,Last_2396,Customer_2396@Email.Com,Mecca,New,7/23/2020 18:42,TRUE,28655
1064,Customer_4334,Last_4334,Customer_4334@Email.Com,Medina,Standard,7/24/2020 20:24,TRUE,2604
1065,Customer_2200,Last_2200,Customer_2200@Email.Com,Khamis Mushait,Basic,7/25/2020 9:15,TRUE,18782
1066,Customer_1449,Last_1449,Customer_1449@Email.Com,Khamis Mushait,Basic,7/25/2020 22:07,TRUE,1862
1067,Customer_579,Last_579,Customer_579@Email.Com,Tabuk,Basic,7/26/2020 23:49,TRUE,8232
1068,Customer_4497,Last_4497,Customer_4497@Email.Com,Buraidah,Standard,7/28/2020 1:31,TRUE,41478
1069,Customer_2254,Last_2254,Customer_2254@Email.Com,Mecca,Standard,7/28/2020 14:22,TRUE,14383
1070,Customer_3270,Last_3270,Customer_3270@Email.Com,Dammam,Basic,7/29/2020 3:13,TRUE,29470
1071,Customer_761,Last_761,Customer_761@Email.Com,Arar,Basic,7/29/2020 16:05,TRUE,10462
1072,Customer_1066,Last_1066,Customer_1066@Email.Com,Riyadh,Vip,7/30/2020 4:56,TRUE,47085
1073,Customer_2727,Last_2727,Customer_2727@Email.Com,Najran,Premium,7/30/2020 4:56,TRUE,36388
1074,Customer_2519,Last_2519,Customer_2519@Email.Com,Khobar,Standard,7/31/2020 6:38,TRUE,14075
1075,Customer_2381,Last_2381,Customer_2381@Email.Com,Mecca,Vip,8/1/2020 8:20,TRUE,44084
1076,Customer_4034,Last_4034,Customer_4034@Email.Com,Dammam,Basic,8/1/2020 8:20,TRUE,18531
1077,Customer_903,Last_903,Customer_903@Email.Com,Khobar,Standard,8/1/2020 8:20,TRUE,42296
1078,Customer_550,Last_550,Customer_550@Email.Com,Khobar,Basic,8/1/2020 21:11,TRUE,19654
1079,Customer_1737,Last_1737,Customer_1737@Email.Com,Dhahran,Standard,8/2/2020 10:02,TRUE,4228
1080,Customer_1957,Last_1957,Customer_1957@Email.Com,Dhahran,Basic,8/2/2020 10:02,TRUE,28198
1081,Customer_1670,Last_1670,Customer_1670@Email.Com,Jeddah,Vip,8/2/2020 10:02,TRUE,8338
1082,Customer_2491,Last_2491,Customer_2491@Email.Com,Jubail,Standard,8/2/2020 22:54,TRUE,31809
1083,Customer_351,Last_351,Customer_351@Email.Com,Yanbu,Standard,8/2/2020 22:54,FALSE,5247
1084,Customer_4823,Last_4823,Customer_4823@Email.Com,Al-Ahsa,Standard,8/2/2020 22:54,TRUE,16699
1085,Customer_3442,Last_3442,Customer_3442@Email.Com,Khobar,New,8/4/2020 0:36,FALSE,23075
1086,Customer_2706,Last_2706,Customer_2706@Email.Com,Arar,Premium,8/5/2020 15:09,TRUE,12281
1087,Customer_486,Last_486,Customer_486@Email.Com,Dammam,Vip,8/5/2020 15:09,TRUE,7907
1088,Customer_3581,Last_3581,Customer_3581@Email.Com,Yanbu,New,8/6/2020 4:00,TRUE,20935
1089,Customer_355,Last_355,Customer_355@Email.Com,Tabuk,Standard,8/6/2020 4:00,TRUE,42452
1090,Customer_3499,Last_3499,Customer_3499@Email.Com,Jeddah,Standard,8/6/2020 4:00,TRUE,49302
1091,Customer_3755,Last_3755,Customer_3755@Email.Com,Abha,Basic,8/6/2020 16:51,TRUE,8283
1092,Customer_627,Last_627,Customer_627@Email.Com,Hail,Standard,8/7/2020 5:43,FALSE,12756
1093,Customer_97,Last_97,Customer_97@Email.Com,Jeddah,Standard,8/7/2020 5:43,TRUE,907
1094,Customer_314,Last_314,Customer_314@Email.Com,Buraidah,Premium,8/8/2020 7:25,TRUE,15685
1095,Customer_963,Last_963,Customer_963@Email.Com,Tabuk,Basic,8/8/2020 20:16,TRUE,12015
1096,Customer_2094,Last_2094,Customer_2094@Email.Com,Najran,Vip,8/9/2020 21:58,TRUE,39781
1097,Customer_2757,Last_2757,Customer_2757@Email.Com,Qatif,Vip,8/10/2020 23:40,FALSE,6531
1098,Customer_796,Last_796,Customer_796@Email.Com,Tabuk,New,8/10/2020 23:40,TRUE,39487
1099,Customer_2497,Last_2497,Customer_2497@Email.Com,Medina,Basic,8/11/2020 12:32,TRUE,33891
1100,Customer_4982,Last_4982,Customer_4982@Email.Com,Taif,Vip,8/12/2020 1:23,TRUE,21457
1101,Customer_2670,Last_2670,Customer_2670@Email.Com,Taif,New,8/12/2020 1:23,TRUE,38392
1102,Customer_2879,Last_2879,Customer_2879@Email.Com,Al-Ahsa,Standard,8/13/2020 3:05,TRUE,37303
1103,Customer_914,Last_914,Customer_914@Email.Com,Arar,Basic,8/13/2020 3:05,TRUE,31051
1104,Customer_2064,Last_2064,Customer_2064@Email.Com,Khobar,Vip,8/14/2020 4:47,TRUE,3741
1105,Customer_4399,Last_4399,Customer_4399@Email.Com,Dammam,Standard,8/14/2020 4:47,TRUE,30416
1106,Customer_3778,Last_3778,Customer_3778@Email.Com,Arar,Basic,8/14/2020 4:47,FALSE,3832
1107,Customer_4783,Last_4783,Customer_4783@Email.Com,Khobar,Standard,8/14/2020 17:38,TRUE,49449
1108,Customer_1953,Last_1953,Customer_1953@Email.Com,Dammam,New,8/15/2020 19:21,TRUE,37702
1109,Customer_574,Last_574,Customer_574@Email.Com,Hail,Standard,8/16/2020 21:03,FALSE,2703
1110,Customer_2591,Last_2591,Customer_2591@Email.Com,Qatif,New,8/16/2020 21:03,TRUE,6511
1111,Customer_2362,Last_2362,Customer_2362@Email.Com,Dammam,Basic,8/17/2020 9:54,TRUE,46632
1112,Customer_2512,Last_2512,Customer_2512@Email.Com,Abha,Standard,8/17/2020 9:54,TRUE,41757
1113,Customer_391,Last_391,Customer_391@Email.Com,Qatif,Basic,8/17/2020 22:45,TRUE,38945
1114,Customer_2897,Last_2897,Customer_2897@Email.Com,Hail,Standard,8/18/2020 11:36,TRUE,9530
1115,Customer_3053,Last_3053,Customer_3053@Email.Com,Medina,Premium,8/19/2020 0:27,FALSE,11718
1116,Customer_4238,Last_4238,Customer_4238@Email.Com,Arar,Standard,8/22/2020 5:34,TRUE,31008
1117,Customer_1249,Last_1249,Customer_1249@Email.Com,Jubail,Standard,8/22/2020 18:25,FALSE,11369
1118,Customer_4602,Last_4602,Customer_4602@Email.Com,Jubail,Standard,8/22/2020 18:25,TRUE,34715
1119,Customer_3206,Last_3206,Customer_3206@Email.Com,Abha,Basic,8/23/2020 7:16,FALSE,19905
1120,Customer_1765,Last_1765,Customer_1765@Email.Com,Al-Kharj,Basic,8/23/2020 20:08,TRUE,40615
1121,Customer_1569,Last_1569,Customer_1569@Email.Com,Jeddah,Standard,8/25/2020 10:41,TRUE,7590
1122,Customer_978,Last_978,Customer_978@Email.Com,Tabuk,New,8/25/2020 23:32,TRUE,49851
1123,Customer_932,Last_932,Customer_932@Email.Com,Arar,Premium,8/25/2020 23:32,TRUE,18354
1124,Customer_861,Last_861,Customer_861@Email.Com,Buraidah,Basic,8/25/2020 23:32,TRUE,22486
1125,Customer_1121,Last_1121,Customer_1121@Email.Com,Yanbu,Standard,8/25/2020 23:32,TRUE,12069
1126,Customer_2034,Last_2034,Customer_2034@Email.Com,Jubail,Premium,8/26/2020 12:23,TRUE,41949
1127,Customer_2057,Last_2057,Customer_2057@Email.Com,Medina,Standard,8/26/2020 12:23,TRUE,20810
1128,Customer_1267,Last_1267,Customer_1267@Email.Com,Jubail,New,8/27/2020 1:14,TRUE,6180
1129,Customer_2722,Last_2722,Customer_2722@Email.Com,Najran,Standard,8/27/2020 14:06,TRUE,49299
1130,Customer_2107,Last_2107,Customer_2107@Email.Com,Yanbu,Basic,8/27/2020 14:06,TRUE,29295
1131,Customer_2264,Last_2264,Customer_2264@Email.Com,Yanbu,Standard,8/27/2020 14:06,TRUE,32563
1132,Customer_3855,Last_3855,Customer_3855@Email.Com,Jeddah,New,8/28/2020 2:57,TRUE,42871
1133,Customer_1698,Last_1698,Customer_1698@Email.Com,Qatif,Basic,8/30/2020 6:21,TRUE,13333
1134,Customer_1071,Last_1071,Customer_1071@Email.Com,Najran,Standard,8/30/2020 6:21,TRUE,34638
1135,Customer_4136,Last_4136,Customer_4136@Email.Com,Khamis Mushait,Standard,8/30/2020 19:12,TRUE,1283
1136,Customer_1599,Last_1599,Customer_1599@Email.Com,Mecca,Basic,9/1/2020 9:46,TRUE,2976
1137,Customer_215,Last_215,Customer_215@Email.Com,Hail,Standard,9/1/2020 9:46,TRUE,16
1138,Customer_667,Last_667,Customer_667@Email.Com,Khamis Mushait,Basic,9/1/2020 9:46,TRUE,30806
1139,Customer_3233,Last_3233,Customer_3233@Email.Com,Al-Ahsa,New,9/1/2020 22:37,FALSE,14171
1140,Customer_4517,Last_4517,Customer_4517@Email.Com,Dhahran,New,9/2/2020 11:28,TRUE,5724
1141,Customer_2143,Last_2143,Customer_2143@Email.Com,Taif,Standard,9/2/2020 11:28,TRUE,33623
1142,Customer_296,Last_296,Customer_296@Email.Com,Riyadh,Standard,9/3/2020 0:19,TRUE,12177
1143,Customer_132,Last_132,Customer_132@Email.Com,Taif,Basic,9/3/2020 0:19,TRUE,48298
1144,Customer_2829,Last_2829,Customer_2829@Email.Com,Dhahran,Premium,9/4/2020 2:01,TRUE,43388
1145,Customer_1312,Last_1312,Customer_1312@Email.Com,Buraidah,Basic,9/4/2020 2:01,TRUE,48119
1146,Customer_2212,Last_2212,Customer_2212@Email.Com,Jubail,Basic,9/4/2020 2:01,TRUE,4902
1147,Customer_1529,Last_1529,Customer_1529@Email.Com,Jeddah,Standard,9/5/2020 3:44,FALSE,26681
1148,Customer_2288,Last_2288,Customer_2288@Email.Com,Al-Kharj,Basic,9/5/2020 3:44,TRUE,9071
1149,Customer_4362,Last_4362,Customer_4362@Email.Com,Tabuk,Standard,9/5/2020 16:35,TRUE,18851
1150,Customer_3539,Last_3539,Customer_3539@Email.Com,Dammam,Vip,9/6/2020 18:17,TRUE,32544
1151,Customer_4021,Last_4021,Customer_4021@Email.Com,Dhahran,Basic,9/7/2020 7:08,TRUE,36051
1152,Customer_405,Last_405,Customer_405@Email.Com,Medina,Basic,9/7/2020 7:08,TRUE,4554
1153,Customer_3964,Last_3964,Customer_3964@Email.Com,Yanbu,New,9/7/2020 19:59,TRUE,22169
1154,Customer_4622,Last_4622,Customer_4622@Email.Com,Dhahran,Basic,9/7/2020 19:59,TRUE,20856
1155,Customer_3400,Last_3400,Customer_3400@Email.Com,Arar,Basic,9/8/2020 8:50,FALSE,9190
1156,Customer_2271,Last_2271,Customer_2271@Email.Com,Tabuk,Standard,9/8/2020 8:50,FALSE,47573
1157,Customer_4809,Last_4809,Customer_4809@Email.Com,Qatif,Premium,9/8/2020 21:42,TRUE,43358
1158,Customer_327,Last_327,Customer_327@Email.Com,Najran,Standard,9/8/2020 21:42,FALSE,24687
1159,Customer_4080,Last_4080,Customer_4080@Email.Com,Al-Ahsa,Vip,9/9/2020 23:24,TRUE,5934
1160,Customer_1399,Last_1399,Customer_1399@Email.Com,Buraidah,Premium,9/9/2020 23:24,TRUE,7124
1161,Customer_4182,Last_4182,Customer_4182@Email.Com,Tabuk,New,9/11/2020 1:06,TRUE,9361
1162,Customer_4934,Last_4934,Customer_4934@Email.Com,Al-Kharj,Basic,9/11/2020 13:57,TRUE,26752
1163,Customer_4834,Last_4834,Customer_4834@Email.Com,Hail,Basic,9/11/2020 13:57,FALSE,15531
1164,Customer_3669,Last_3669,Customer_3669@Email.Com,Al-Ahsa,Basic,9/12/2020 15:39,TRUE,21016
1165,Customer_321,Last_321,Customer_321@Email.Com,Taif,Vip,9/13/2020 4:31,TRUE,7071
1166,Customer_2936,Last_2936,Customer_2936@Email.Com,Abha,Standard,9/13/2020 17:22,TRUE,36152
1167,Customer_4933,Last_4933,Customer_4933@Email.Com,Arar,Standard,9/15/2020 7:55,TRUE,15141
1168,Customer_2255,Last_2255,Customer_2255@Email.Com,Najran,Basic,9/15/2020 20:46,FALSE,46703
1169,Customer_4394,Last_4394,Customer_4394@Email.Com,Jubail,Basic,9/15/2020 20:46,FALSE,43674
1170,Customer_1818,Last_1818,Customer_1818@Email.Com,Taif,Basic,9/15/2020 20:46,TRUE,33272
1171,Customer_2712,Last_2712,Customer_2712@Email.Com,Al-Ahsa,New,9/15/2020 20:46,TRUE,38775
1172,Customer_2021,Last_2021,Customer_2021@Email.Com,Tabuk,Standard,9/16/2020 22:28,FALSE,30784
1173,Customer_4450,Last_4450,Customer_4450@Email.Com,Dhahran,Standard,9/17/2020 11:20,TRUE,34058
1174,Customer_2415,Last_2415,Customer_2415@Email.Com,Najran,Standard,9/17/2020 11:20,TRUE,43682
1175,Customer_3519,Last_3519,Customer_3519@Email.Com,Riyadh,Basic,9/17/2020 11:20,TRUE,26902
1176,Customer_2366,Last_2366,Customer_2366@Email.Com,Taif,Basic,9/18/2020 0:11,TRUE,24717
1177,Customer_2209,Last_2209,Customer_2209@Email.Com,Yanbu,New,9/19/2020 1:53,TRUE,18420
1178,Customer_2037,Last_2037,Customer_2037@Email.Com,Jeddah,Vip,9/19/2020 14:44,TRUE,7430
1179,Customer_3021,Last_3021,Customer_3021@Email.Com,Buraidah,Standard,9/19/2020 14:44,FALSE,49720
1180,Customer_3885,Last_3885,Customer_3885@Email.Com,Taif,Standard,9/21/2020 5:18,TRUE,47398
1181,Customer_1656,Last_1656,Customer_1656@Email.Com,Dammam,Vip,9/21/2020 18:09,TRUE,31576
1182,Customer_3417,Last_3417,Customer_3417@Email.Com,Al-Kharj,Standard,9/21/2020 18:09,TRUE,40113
1183,Customer_3561,Last_3561,Customer_3561@Email.Com,Qatif,Basic,9/22/2020 7:00,TRUE,8507
1184,Customer_2750,Last_2750,Customer_2750@Email.Com,Qatif,Vip,9/22/2020 19:51,TRUE,27961
1185,Customer_4228,Last_4228,Customer_4228@Email.Com,Najran,Standard,9/22/2020 19:51,TRUE,31528
1186,Customer_373,Last_373,Customer_373@Email.Com,Yanbu,Standard,9/22/2020 19:51,TRUE,30587
1187,Customer_2899,Last_2899,Customer_2899@Email.Com,Khamis Mushait,Premium,9/23/2020 8:42,TRUE,6637
1188,Customer_1391,Last_1391,Customer_1391@Email.Com,Khobar,Standard,9/23/2020 21:33,TRUE,34486
1189,Customer_4978,Last_4978,Customer_4978@Email.Com,Buraidah,Basic,9/23/2020 21:33,TRUE,27460
1190,Customer_1597,Last_1597,Customer_1597@Email.Com,Arar,New,9/23/2020 21:33,TRUE,5153
1191,Customer_4322,Last_4322,Customer_4322@Email.Com,Buraidah,Basic,9/26/2020 0:58,TRUE,40090
1192,Customer_3101,Last_3101,Customer_3101@Email.Com,Yanbu,Premium,9/26/2020 0:58,TRUE,39782
1193,Customer_2786,Last_2786,Customer_2786@Email.Com,Al-Ahsa,Basic,9/26/2020 0:58,TRUE,48122
1194,Customer_3384,Last_3384,Customer_3384@Email.Com,Taif,Standard,9/26/2020 0:58,TRUE,34515
1195,Customer_1659,Last_1659,Customer_1659@Email.Com,Tabuk,Basic,9/26/2020 13:49,TRUE,6371
1196,Customer_105,Last_105,Customer_105@Email.Com,Riyadh,Standard,9/26/2020 13:49,TRUE,40542
1197,Customer_495,Last_495,Customer_495@Email.Com,Najran,Standard,9/27/2020 2:40,TRUE,18643
1198,Customer_566,Last_566,Customer_566@Email.Com,Dhahran,New,9/27/2020 15:31,TRUE,38205
1199,Customer_1917,Last_1917,Customer_1917@Email.Com,Dhahran,Premium,9/29/2020 6:04,TRUE,22939
1200,Customer_3243,Last_3243,Customer_3243@Email.Com,Al-Kharj,Premium,9/29/2020 18:56,TRUE,37490
1201,Customer_4246,Last_4246,Customer_4246@Email.Com,Jubail,Basic,10/1/2020 9:29,TRUE,20096
1202,Customer_2523,Last_2523,Customer_2523@Email.Com,Medina,Standard,10/1/2020 22:20,TRUE,16010
1203,Customer_927,Last_927,Customer_927@Email.Com,Khobar,Standard,10/1/2020 22:20,TRUE,42497
1204,Customer_4870,Last_4870,Customer_4870@Email.Com,Taif,Vip,10/2/2020 11:11,TRUE,30802
1205,Customer_98,Last_98,Customer_98@Email.Com,Riyadh,Vip,10/2/2020 11:11,TRUE,25759
1206,Customer_3141,Last_3141,Customer_3141@Email.Com,Abha,Standard,10/2/2020 11:11,FALSE,2936
1207,Customer_2928,Last_2928,Customer_2928@Email.Com,Abha,Standard,10/2/2020 11:11,FALSE,44561
1208,Customer_1892,Last_1892,Customer_1892@Email.Com,Jubail,New,10/3/2020 0:02,FALSE,28820
1209,Customer_254,Last_254,Customer_254@Email.Com,Abha,Vip,10/3/2020 0:02,TRUE,2045
1210,Customer_1014,Last_1014,Customer_1014@Email.Com,Khamis Mushait,Premium,10/3/2020 12:54,TRUE,41821
1211,Customer_4993,Last_4993,Customer_4993@Email.Com,Yanbu,Standard,10/4/2020 14:36,TRUE,9247
1212,Customer_4643,Last_4643,Customer_4643@Email.Com,Khobar,Basic,10/6/2020 5:09,TRUE,14353
1213,Customer_452,Last_452,Customer_452@Email.Com,Dammam,Standard,10/6/2020 5:09,TRUE,28561
1214,Customer_4236,Last_4236,Customer_4236@Email.Com,Dhahran,Basic,10/6/2020 5:09,TRUE,13248
1215,Customer_329,Last_329,Customer_329@Email.Com,Najran,Standard,10/6/2020 18:00,FALSE,7297
1216,Customer_2554,Last_2554,Customer_2554@Email.Com,Jeddah,Basic,10/7/2020 19:43,TRUE,36495
1217,Customer_1295,Last_1295,Customer_1295@Email.Com,Khamis Mushait,New,10/8/2020 8:34,TRUE,36115
1218,Customer_3762,Last_3762,Customer_3762@Email.Com,Jubail,Basic,10/8/2020 21:25,TRUE,5781
1219,Customer_4471,Last_4471,Customer_4471@Email.Com,Dhahran,Standard,10/9/2020 23:07,FALSE,39535
1220,Customer_3445,Last_3445,Customer_3445@Email.Com,Mecca,New,10/9/2020 23:07,TRUE,28735
1221,Customer_4871,Last_4871,Customer_4871@Email.Com,Jeddah,Standard,10/11/2020 0:49,TRUE,10569
1222,Customer_4071,Last_4071,Customer_4071@Email.Com,Yanbu,Vip,10/11/2020 0:49,TRUE,40675
1223,Customer_1133,Last_1133,Customer_1133@Email.Com,Hail,New,10/11/2020 0:49,FALSE,20687
1224,Customer_3978,Last_3978,Customer_3978@Email.Com,Dhahran,Standard,10/11/2020 13:40,TRUE,22158
1225,Customer_571,Last_571,Customer_571@Email.Com,Qatif,Basic,10/12/2020 2:32,TRUE,16471
1226,Customer_2010,Last_2010,Customer_2010@Email.Com,Qatif,Standard,10/13/2020 4:14,TRUE,7068
1227,Customer_1562,Last_1562,Customer_1562@Email.Com,Riyadh,Premium,10/13/2020 4:14,TRUE,34486
1228,Customer_1640,Last_1640,Customer_1640@Email.Com,Dhahran,Vip,10/13/2020 4:14,TRUE,37221
1229,Customer_1289,Last_1289,Customer_1289@Email.Com,Dhahran,Basic,10/13/2020 17:05,TRUE,45047
1230,Customer_4729,Last_4729,Customer_4729@Email.Com,Jubail,Basic,10/13/2020 17:05,TRUE,19786
1231,Customer_694,Last_694,Customer_694@Email.Com,Al-Ahsa,Premium,10/13/2020 17:05,TRUE,41280
1232,Customer_746,Last_746,Customer_746@Email.Com,Al-Kharj,Standard,10/14/2020 5:56,TRUE,36652
1233,Customer_4850,Last_4850,Customer_4850@Email.Com,Jubail,New,10/14/2020 5:56,TRUE,17569
1234,Customer_4121,Last_4121,Customer_4121@Email.Com,Buraidah,Standard,10/15/2020 7:38,TRUE,24570
1235,Customer_2579,Last_2579,Customer_2579@Email.Com,Al-Kharj,Standard,10/15/2020 20:30,TRUE,24394
1236,Customer_4579,Last_4579,Customer_4579@Email.Com,Yanbu,Standard,10/16/2020 9:21,TRUE,11324
1237,Customer_4437,Last_4437,Customer_4437@Email.Com,Arar,Standard,10/16/2020 22:12,TRUE,29575
1238,Customer_837,Last_837,Customer_837@Email.Com,Khamis Mushait,New,10/17/2020 11:03,TRUE,39715
1239,Customer_2543,Last_2543,Customer_2543@Email.Com,Mecca,Standard,10/17/2020 23:54,TRUE,3518
1240,Customer_4751,Last_4751,Customer_4751@Email.Com,Yanbu,New,10/17/2020 23:54,TRUE,49871
1241,Customer_1940,Last_1940,Customer_1940@Email.Com,Medina,Basic,10/17/2020 23:54,FALSE,18565
1242,Customer_1428,Last_1428,Customer_1428@Email.Com,Yanbu,Premium,10/17/2020 23:54,TRUE,13137
1243,Customer_2582,Last_2582,Customer_2582@Email.Com,Najran,Standard,10/18/2020 12:45,FALSE,30093
1244,Customer_3560,Last_3560,Customer_3560@Email.Com,Al-Ahsa,Vip,10/20/2020 16:10,TRUE,20446
1245,Customer_2700,Last_2700,Customer_2700@Email.Com,Najran,Standard,10/20/2020 16:10,TRUE,2539
1246,Customer_866,Last_866,Customer_866@Email.Com,Dammam,New,10/21/2020 17:52,TRUE,21695
1247,Customer_3936,Last_3936,Customer_3936@Email.Com,Yanbu,Premium,10/22/2020 19:34,TRUE,18368
1248,Customer_4093,Last_4093,Customer_4093@Email.Com,Al-Kharj,Premium,10/23/2020 8:25,TRUE,37275
1249,Customer_1610,Last_1610,Customer_1610@Email.Com,Yanbu,Standard,10/23/2020 21:16,TRUE,9507
1250,Customer_3506,Last_3506,Customer_3506@Email.Com,Arar,Basic,10/23/2020 21:16,FALSE,19267
1251,Customer_206,Last_206,Customer_206@Email.Com,Abha,Standard,10/24/2020 10:08,TRUE,44707
1252,Customer_384,Last_384,Customer_384@Email.Com,Medina,Standard,10/24/2020 10:08,TRUE,11170
1253,Customer_2375,Last_2375,Customer_2375@Email.Com,Mecca,Premium,10/24/2020 22:59,TRUE,38636
1254,Customer_3839,Last_3839,Customer_3839@Email.Com,Abha,Basic,10/24/2020 22:59,TRUE,32728
1255,Customer_2997,Last_2997,Customer_2997@Email.Com,Yanbu,Standard,10/25/2020 11:50,TRUE,4367
1256,Customer_3093,Last_3093,Customer_3093@Email.Com,Dhahran,New,10/25/2020 11:50,TRUE,8505
1257,Customer_1982,Last_1982,Customer_1982@Email.Com,Dhahran,Basic,10/26/2020 0:41,TRUE,44846
1258,Customer_4918,Last_4918,Customer_4918@Email.Com,Al-Ahsa,Standard,10/26/2020 13:32,TRUE,26844
1259,Customer_4952,Last_4952,Customer_4952@Email.Com,Taif,Standard,10/27/2020 2:23,TRUE,744
1260,Customer_295,Last_295,Customer_295@Email.Com,Dammam,Standard,10/27/2020 2:23,TRUE,9269
1261,Customer_3971,Last_3971,Customer_3971@Email.Com,Tabuk,Basic,10/27/2020 2:23,FALSE,30043
1262,Customer_4990,Last_4990,Customer_4990@Email.Com,Khamis Mushait,Standard,10/28/2020 4:06,TRUE,19189
1263,Customer_4654,Last_4654,Customer_4654@Email.Com,Taif,Standard,10/28/2020 4:06,TRUE,21497
1264,Customer_2161,Last_2161,Customer_2161@Email.Com,Hail,Standard,10/28/2020 16:57,TRUE,30639
1265,Customer_2129,Last_2129,Customer_2129@Email.Com,Dammam,Vip,10/29/2020 5:48,TRUE,43601
1266,Customer_1798,Last_1798,Customer_1798@Email.Com,Abha,Standard,10/29/2020 5:48,TRUE,44310
1267,Customer_4461,Last_4461,Customer_4461@Email.Com,Tabuk,Basic,10/29/2020 18:39,TRUE,39751
1268,Customer_3706,Last_3706,Customer_3706@Email.Com,Najran,Basic,10/30/2020 7:30,TRUE,18559
1269,Customer_3634,Last_3634,Customer_3634@Email.Com,Mecca,New,10/31/2020 9:12,TRUE,24250
1270,Customer_913,Last_913,Customer_913@Email.Com,Riyadh,Basic,10/31/2020 22:03,TRUE,24480
1271,Customer_4844,Last_4844,Customer_4844@Email.Com,Buraidah,New,10/31/2020 22:03,TRUE,47358
1272,Customer_91,Last_91,Customer_91@Email.Com,Taif,Basic,11/1/2020 10:55,TRUE,40314
1273,Customer_4063,Last_4063,Customer_4063@Email.Com,Khobar,Standard,11/1/2020 10:55,TRUE,2657
1274,Customer_408,Last_408,Customer_408@Email.Com,Qatif,Basic,11/1/2020 23:46,TRUE,46059
1275,Customer_1669,Last_1669,Customer_1669@Email.Com,Najran,New,11/1/2020 23:46,TRUE,36590
1276,Customer_4295,Last_4295,Customer_4295@Email.Com,Qatif,Basic,11/1/2020 23:46,TRUE,13923
1277,Customer_1099,Last_1099,Customer_1099@Email.Com,Jubail,Premium,11/2/2020 12:37,TRUE,30158
1278,Customer_4912,Last_4912,Customer_4912@Email.Com,Jeddah,Basic,11/2/2020 12:37,FALSE,45277
1279,Customer_2887,Last_2887,Customer_2887@Email.Com,Al-Kharj,Basic,11/3/2020 1:28,FALSE,47937
1280,Customer_3149,Last_3149,Customer_3149@Email.Com,Tabuk,Standard,11/3/2020 14:19,TRUE,39384
1281,Customer_2556,Last_2556,Customer_2556@Email.Com,Tabuk,Basic,11/4/2020 3:10,TRUE,27568
1282,Customer_1828,Last_1828,Customer_1828@Email.Com,Dammam,Basic,11/5/2020 4:52,TRUE,15920
1283,Customer_475,Last_475,Customer_475@Email.Com,Abha,Basic,11/5/2020 17:44,TRUE,40798
1284,Customer_504,Last_504,Customer_504@Email.Com,Hail,Standard,11/6/2020 19:26,TRUE,48352
1285,Customer_1473,Last_1473,Customer_1473@Email.Com,Abha,Standard,11/7/2020 8:17,TRUE,28854
1286,Customer_4841,Last_4841,Customer_4841@Email.Com,Jeddah,Premium,11/7/2020 21:08,TRUE,27196
1287,Customer_76,Last_76,Customer_76@Email.Com,Riyadh,New,11/8/2020 9:59,TRUE,38913
1288,Customer_3057,Last_3057,Customer_3057@Email.Com,Najran,Standard,11/8/2020 9:59,TRUE,43997
1289,Customer_4078,Last_4078,Customer_4078@Email.Com,Hail,New,11/8/2020 9:59,TRUE,4607
1290,Customer_2306,Last_2306,Customer_2306@Email.Com,Al-Ahsa,New,11/8/2020 22:50,TRUE,47862
1291,Customer_4964,Last_4964,Customer_4964@Email.Com,Qatif,New,11/10/2020 0:33,TRUE,5099
1292,Customer_4350,Last_4350,Customer_4350@Email.Com,Yanbu,Premium,11/10/2020 0:33,TRUE,38277
1293,Customer_2866,Last_2866,Customer_2866@Email.Com,Yanbu,Standard,11/10/2020 13:24,FALSE,28612
1294,Customer_3530,Last_3530,Customer_3530@Email.Com,Riyadh,Vip,11/10/2020 13:24,TRUE,27144
1295,Customer_3779,Last_3779,Customer_3779@Email.Com,Jubail,New,11/11/2020 2:15,TRUE,2611
1296,Customer_4725,Last_4725,Customer_4725@Email.Com,Arar,Standard,11/13/2020 5:39,TRUE,42617
1297,Customer_1408,Last_1408,Customer_1408@Email.Com,Al-Ahsa,Standard,11/13/2020 5:39,TRUE,36939
1298,Customer_3044,Last_3044,Customer_3044@Email.Com,Mecca,Premium,11/13/2020 18:31,TRUE,22105
1299,Customer_2907,Last_2907,Customer_2907@Email.Com,Khobar,Standard,11/14/2020 7:22,TRUE,23905
1300,Customer_3527,Last_3527,Customer_3527@Email.Com,Abha,Basic,11/14/2020 7:22,TRUE,28651
1301,Customer_4857,Last_4857,Customer_4857@Email.Com,Khamis Mushait,Standard,11/14/2020 20:13,TRUE,9875
1302,Customer_255,Last_255,Customer_255@Email.Com,Mecca,Premium,11/15/2020 9:04,TRUE,25336
1303,Customer_3939,Last_3939,Customer_3939@Email.Com,Mecca,Basic,11/15/2020 9:04,TRUE,31395
1304,Customer_3676,Last_3676,Customer_3676@Email.Com,Najran,Basic,11/16/2020 10:46,TRUE,12166
1305,Customer_2274,Last_2274,Customer_2274@Email.Com,Tabuk,Vip,11/16/2020 23:37,FALSE,17953
1306,Customer_4743,Last_4743,Customer_4743@Email.Com,Al-Kharj,Basic,11/18/2020 1:20,TRUE,13743
1307,Customer_2338,Last_2338,Customer_2338@Email.Com,Abha,Standard,11/18/2020 1:20,FALSE,34090
1308,Customer_2583,Last_2583,Customer_2583@Email.Com,Tabuk,Standard,11/18/2020 14:11,TRUE,2610
1309,Customer_886,Last_886,Customer_886@Email.Com,Tabuk,Basic,11/18/2020 14:11,TRUE,22436
1310,Customer_1672,Last_1672,Customer_1672@Email.Com,Medina,Basic,11/19/2020 3:02,TRUE,2477
1311,Customer_1885,Last_1885,Customer_1885@Email.Com,Khamis Mushait,New,11/19/2020 15:53,TRUE,41530
1312,Customer_491,Last_491,Customer_491@Email.Com,Taif,Standard,11/21/2020 6:26,TRUE,42557
1313,Customer_3,Last_3,Customer_3@Email.Com,Al-Kharj,Standard,11/22/2020 8:09,TRUE,13194
1314,Customer_4245,Last_4245,Customer_4245@Email.Com,Buraidah,New,11/22/2020 21:00,TRUE,36014
1315,Customer_4186,Last_4186,Customer_4186@Email.Com,Qatif,New,11/22/2020 21:00,TRUE,48095
1316,Customer_3732,Last_3732,Customer_3732@Email.Com,Al-Ahsa,Standard,11/23/2020 9:51,FALSE,44377
1317,Customer_4810,Last_4810,Customer_4810@Email.Com,Buraidah,Standard,11/23/2020 22:42,TRUE,44205
1318,Customer_608,Last_608,Customer_608@Email.Com,Al-Kharj,Standard,11/24/2020 11:33,TRUE,11659
1319,Customer_1213,Last_1213,Customer_1213@Email.Com,Al-Ahsa,Vip,11/24/2020 11:33,TRUE,26507
1320,Customer_121,Last_121,Customer_121@Email.Com,Taif,Basic,11/25/2020 0:24,TRUE,1020
1321,Customer_2179,Last_2179,Customer_2179@Email.Com,Arar,Standard,11/26/2020 2:07,TRUE,34626
1322,Customer_4128,Last_4128,Customer_4128@Email.Com,Jubail,Standard,11/26/2020 14:58,TRUE,9896
1323,Customer_2432,Last_2432,Customer_2432@Email.Com,Al-Ahsa,New,11/27/2020 3:49,TRUE,35319
1324,Customer_664,Last_664,Customer_664@Email.Com,Khobar,Standard,11/27/2020 3:49,TRUE,3152
1325,Customer_4315,Last_4315,Customer_4315@Email.Com,Taif,Basic,11/27/2020 3:49,TRUE,5138
1326,Customer_936,Last_936,Customer_936@Email.Com,Al-Kharj,Standard,11/27/2020 16:40,TRUE,49966
1327,Customer_1443,Last_1443,Customer_1443@Email.Com,Mecca,New,11/27/2020 16:40,TRUE,32049
1328,Customer_2180,Last_2180,Customer_2180@Email.Com,Qatif,Premium,11/27/2020 16:40,TRUE,1207
1329,Customer_3324,Last_3324,Customer_3324@Email.Com,Khobar,New,11/28/2020 5:31,TRUE,23270
1330,Customer_4145,Last_4145,Customer_4145@Email.Com,Dammam,Standard,11/28/2020 18:22,TRUE,33503
1331,Customer_3000,Last_3000,Customer_3000@Email.Com,Dhahran,Premium,11/29/2020 7:13,TRUE,45780
1332,Customer_2247,Last_2247,Customer_2247@Email.Com,Abha,Basic,11/29/2020 7:13,FALSE,41941
1333,Customer_3007,Last_3007,Customer_3007@Email.Com,Dhahran,Standard,11/29/2020 20:04,TRUE,4490
1334,Customer_4515,Last_4515,Customer_4515@Email.Com,Taif,Basic,11/30/2020 8:56,TRUE,37795
1335,Customer_77,Last_77,Customer_77@Email.Com,Taif,Standard,12/1/2020 10:38,FALSE,27552
1336,Customer_3386,Last_3386,Customer_3386@Email.Com,Hail,Standard,12/1/2020 10:38,TRUE,17551
1337,Customer_1549,Last_1549,Customer_1549@Email.Com,Dhahran,New,12/1/2020 23:29,TRUE,23422
1338,Customer_1501,Last_1501,Customer_1501@Email.Com,Khamis Mushait,Basic,12/1/2020 23:29,TRUE,32970
1339,Customer_4967,Last_4967,Customer_4967@Email.Com,Taif,Standard,12/2/2020 12:20,TRUE,22319
1340,Customer_3222,Last_3222,Customer_3222@Email.Com,Buraidah,Vip,12/2/2020 12:20,TRUE,23476
1341,Customer_2685,Last_2685,Customer_2685@Email.Com,Mecca,Vip,12/4/2020 15:45,TRUE,5456
1342,Customer_3815,Last_3815,Customer_3815@Email.Com,Al-Ahsa,Standard,12/5/2020 4:36,TRUE,46032
1343,Customer_4524,Last_4524,Customer_4524@Email.Com,Yanbu,Standard,12/5/2020 17:27,TRUE,41849
1344,Customer_2692,Last_2692,Customer_2692@Email.Com,Al-Kharj,Vip,12/6/2020 6:18,TRUE,16815
1345,Customer_3431,Last_3431,Customer_3431@Email.Com,Yanbu,Basic,12/6/2020 19:09,TRUE,19459
1346,Customer_2336,Last_2336,Customer_2336@Email.Com,Taif,Vip,12/7/2020 8:00,TRUE,13508
1347,Customer_2837,Last_2837,Customer_2837@Email.Com,Dhahran,Standard,12/7/2020 20:51,TRUE,28821
1348,Customer_4027,Last_4027,Customer_4027@Email.Com,Taif,New,12/8/2020 22:34,TRUE,18807
1349,Customer_2167,Last_2167,Customer_2167@Email.Com,Yanbu,Vip,12/11/2020 1:58,TRUE,3015
1350,Customer_4847,Last_4847,Customer_4847@Email.Com,Taif,Basic,12/11/2020 1:58,TRUE,45335
1351,Customer_3489,Last_3489,Customer_3489@Email.Com,Tabuk,Standard,12/11/2020 14:49,TRUE,2124
1352,Customer_1973,Last_1973,Customer_1973@Email.Com,Dammam,Standard,12/11/2020 14:49,TRUE,46750
1353,Customer_3784,Last_3784,Customer_3784@Email.Com,Jeddah,Standard,12/13/2020 5:23,TRUE,25421
1354,Customer_1505,Last_1505,Customer_1505@Email.Com,Tabuk,Vip,12/13/2020 5:23,TRUE,11683
1355,Customer_1313,Last_1313,Customer_1313@Email.Com,Yanbu,Standard,12/13/2020 18:14,TRUE,21545
1356,Customer_1082,Last_1082,Customer_1082@Email.Com,Hail,Standard,12/13/2020 18:14,TRUE,30139
1357,Customer_3895,Last_3895,Customer_3895@Email.Com,Mecca,Standard,12/14/2020 7:05,TRUE,28219
1358,Customer_2764,Last_2764,Customer_2764@Email.Com,Abha,Basic,12/14/2020 7:05,TRUE,36688
1359,Customer_3261,Last_3261,Customer_3261@Email.Com,Medina,Standard,12/14/2020 19:56,TRUE,25618
1360,Customer_4991,Last_4991,Customer_4991@Email.Com,Buraidah,Basic,12/14/2020 19:56,TRUE,36848
1361,Customer_4724,Last_4724,Customer_4724@Email.Com,Al-Ahsa,Basic,12/14/2020 19:56,TRUE,9316
1362,Customer_3138,Last_3138,Customer_3138@Email.Com,Dammam,Standard,12/16/2020 10:29,TRUE,28402
1363,Customer_3546,Last_3546,Customer_3546@Email.Com,Taif,Standard,12/20/2020 4:27,TRUE,19481
1364,Customer_1184,Last_1184,Customer_1184@Email.Com,Abha,Basic,12/20/2020 17:19,TRUE,32206
1365,Customer_4423,Last_4423,Customer_4423@Email.Com,Yanbu,Vip,12/21/2020 6:10,TRUE,29768
1366,Customer_679,Last_679,Customer_679@Email.Com,Mecca,Basic,12/21/2020 6:10,TRUE,32803
1367,Customer_4416,Last_4416,Customer_4416@Email.Com,Taif,Standard,12/21/2020 6:10,FALSE,37815
1368,Customer_114,Last_114,Customer_114@Email.Com,Taif,Basic,12/24/2020 11:16,TRUE,11027
1369,Customer_1478,Last_1478,Customer_1478@Email.Com,Jeddah,Standard,12/24/2020 11:16,TRUE,18830
1370,Customer_1257,Last_1257,Customer_1257@Email.Com,Taif,Standard,12/24/2020 11:16,TRUE,39899
1371,Customer_4348,Last_4348,Customer_4348@Email.Com,Dhahran,Standard,12/24/2020 11:16,TRUE,3135
1372,Customer_2100,Last_2100,Customer_2100@Email.Com,Yanbu,New,12/25/2020 0:08,TRUE,16938
1373,Customer_3511,Last_3511,Customer_3511@Email.Com,Najran,Basic,12/25/2020 12:59,TRUE,49741
1374,Customer_2502,Last_2502,Customer_2502@Email.Com,Abha,Basic,12/26/2020 1:50,TRUE,27633
1375,Customer_813,Last_813,Customer_813@Email.Com,Al-Ahsa,Standard,12/28/2020 18:05,TRUE,48586
1376,Customer_3821,Last_3821,Customer_3821@Email.Com,Najran,Basic,12/28/2020 18:05,FALSE,38369
1377,Customer_2356,Last_2356,Customer_2356@Email.Com,Medina,Basic,12/29/2020 6:57,TRUE,44495
1378,Customer_675,Last_675,Customer_675@Email.Com,Hail,Standard,12/29/2020 6:57,TRUE,17855
1379,Customer_287,Last_287,Customer_287@Email.Com,Jubail,Premium,12/29/2020 6:57,TRUE,23513
1380,Customer_1061,Last_1061,Customer_1061@Email.Com,Tabuk,Vip,12/29/2020 6:57,TRUE,38695
1381,Customer_2605,Last_2605,Customer_2605@Email.Com,Medina,Basic,12/29/2020 19:48,FALSE,6673
1382,Customer_2251,Last_2251,Customer_2251@Email.Com,Dammam,Premium,12/29/2020 19:48,TRUE,17650
1383,Customer_487,Last_487,Customer_487@Email.Com,Jubail,Basic,12/29/2020 19:48,FALSE,3372
1384,Customer_3801,Last_3801,Customer_3801@Email.Com,Al-Kharj,Basic,12/29/2020 19:48,TRUE,4852
1385,Customer_876,Last_876,Customer_876@Email.Com,Medina,New,12/30/2020 21:30,TRUE,18308
1386,Customer_3531,Last_3531,Customer_3531@Email.Com,Dhahran,Standard,12/31/2020 10:21,TRUE,18757
1387,Customer_1960,Last_1960,Customer_1960@Email.Com,Najran,Standard,12/31/2020 23:12,TRUE,38264
1388,Customer_4672,Last_4672,Customer_4672@Email.Com,Dhahran,Basic,12/31/2020 23:12,TRUE,3528
1389,Customer_3799,Last_3799,Customer_3799@Email.Com,Al-Ahsa,Vip,1/2/2021 13:46,FALSE,12438
1390,Customer_1683,Last_1683,Customer_1683@Email.Com,Dhahran,Basic,1/2/2021 13:46,TRUE,7562
1391,Customer_3810,Last_3810,Customer_3810@Email.Com,Mecca,New,1/2/2021 13:46,TRUE,5599
1392,Customer_1932,Last_1932,Customer_1932@Email.Com,Al-Kharj,Vip,1/3/2021 2:37,TRUE,7661
1393,Customer_1872,Last_1872,Customer_1872@Email.Com,Al-Ahsa,Standard,1/3/2021 15:28,TRUE,9799
1394,Customer_4140,Last_4140,Customer_4140@Email.Com,Dhahran,Basic,1/5/2021 6:01,TRUE,6642
1395,Customer_2922,Last_2922,Customer_2922@Email.Com,Khobar,Basic,1/5/2021 18:52,TRUE,42018
1396,Customer_1867,Last_1867,Customer_1867@Email.Com,Buraidah,Standard,1/5/2021 18:52,TRUE,10288
1397,Customer_3508,Last_3508,Customer_3508@Email.Com,Dammam,Standard,1/5/2021 18:52,TRUE,28571
1398,Customer_2478,Last_2478,Customer_2478@Email.Com,Mecca,Basic,1/6/2021 20:35,FALSE,14386
1399,Customer_3924,Last_3924,Customer_3924@Email.Com,Yanbu,Basic,1/6/2021 20:35,TRUE,8856
1400,Customer_600,Last_600,Customer_600@Email.Com,Jeddah,Standard,1/8/2021 11:08,FALSE,40740
1401,Customer_1794,Last_1794,Customer_1794@Email.Com,Riyadh,Standard,1/8/2021 11:08,TRUE,16622
1402,Customer_1924,Last_1924,Customer_1924@Email.Com,Hail,New,1/8/2021 23:59,TRUE,13052
1403,Customer_418,Last_418,Customer_418@Email.Com,Al-Ahsa,Basic,1/9/2021 12:50,FALSE,46929
1404,Customer_4578,Last_4578,Customer_4578@Email.Com,Najran,Standard,1/9/2021 12:50,TRUE,513
1405,Customer_1528,Last_1528,Customer_1528@Email.Com,Qatif,Standard,1/9/2021 12:50,TRUE,13482
1406,Customer_4698,Last_4698,Customer_4698@Email.Com,Khobar,Standard,1/11/2021 3:24,TRUE,47948
1407,Customer_1012,Last_1012,Customer_1012@Email.Com,Dhahran,Basic,1/11/2021 3:24,TRUE,45983
1408,Customer_609,Last_609,Customer_609@Email.Com,Dhahran,Vip,1/11/2021 16:15,FALSE,25226
1409,Customer_1437,Last_1437,Customer_1437@Email.Com,Al-Kharj,Standard,1/11/2021 16:15,TRUE,31871
1410,Customer_3698,Last_3698,Customer_3698@Email.Com,Arar,Basic,1/12/2021 5:06,TRUE,42120
1411,Customer_3065,Last_3065,Customer_3065@Email.Com,Jubail,Basic,1/13/2021 6:48,TRUE,16410
1412,Customer_3472,Last_3472,Customer_3472@Email.Com,Riyadh,Premium,1/13/2021 6:48,TRUE,337
1413,Customer_3475,Last_3475,Customer_3475@Email.Com,Dhahran,New,1/13/2021 19:39,TRUE,34771
1414,Customer_4822,Last_4822,Customer_4822@Email.Com,Hail,Standard,1/14/2021 8:31,TRUE,25629
1415,Customer_4644,Last_4644,Customer_4644@Email.Com,Medina,Basic,1/14/2021 21:22,TRUE,1517
1416,Customer_2729,Last_2729,Customer_2729@Email.Com,Mecca,Standard,1/15/2021 10:13,TRUE,29828
1417,Customer_653,Last_653,Customer_653@Email.Com,Qatif,Vip,1/15/2021 10:13,TRUE,34030
1418,Customer_698,Last_698,Customer_698@Email.Com,Qatif,Standard,1/15/2021 10:13,TRUE,49628
1419,Customer_56,Last_56,Customer_56@Email.Com,Mecca,Premium,1/15/2021 10:13,TRUE,34422
1420,Customer_4380,Last_4380,Customer_4380@Email.Com,Al-Kharj,Standard,1/16/2021 11:55,TRUE,533
1421,Customer_4504,Last_4504,Customer_4504@Email.Com,Yanbu,Standard,1/17/2021 0:46,FALSE,21459
1422,Customer_1376,Last_1376,Customer_1376@Email.Com,Yanbu,Standard,1/17/2021 0:46,TRUE,32846
1423,Customer_726,Last_726,Customer_726@Email.Com,Dhahran,Basic,1/19/2021 4:11,TRUE,17801
1424,Customer_5,Last_5,Customer_5@Email.Com,Tabuk,New,1/19/2021 17:02,FALSE,28760
1425,Customer_3211,Last_3211,Customer_3211@Email.Com,Khamis Mushait,Standard,1/19/2021 17:02,TRUE,43556
1426,Customer_148,Last_148,Customer_148@Email.Com,Dammam,Basic,1/19/2021 17:02,TRUE,26261
1427,Customer_2978,Last_2978,Customer_2978@Email.Com,Mecca,Basic,1/20/2021 5:53,TRUE,964
1428,Customer_1200,Last_1200,Customer_1200@Email.Com,Khobar,New,1/20/2021 5:53,TRUE,46882
1429,Customer_3439,Last_3439,Customer_3439@Email.Com,Khamis Mushait,Premium,1/21/2021 7:35,TRUE,35215
1430,Customer_2062,Last_2062,Customer_2062@Email.Com,Dhahran,Standard,1/21/2021 7:35,TRUE,45995
1431,Customer_1930,Last_1930,Customer_1930@Email.Com,Khamis Mushait,Basic,1/21/2021 20:26,TRUE,16551
1432,Customer_4677,Last_4677,Customer_4677@Email.Com,Tabuk,Basic,1/21/2021 20:26,TRUE,32080
1433,Customer_582,Last_582,Customer_582@Email.Com,Khamis Mushait,Standard,1/22/2021 9:17,TRUE,49190
1434,Customer_2412,Last_2412,Customer_2412@Email.Com,Al-Kharj,Basic,1/22/2021 9:17,TRUE,1075
1435,Customer_742,Last_742,Customer_742@Email.Com,Dammam,Vip,1/23/2021 23:51,TRUE,42581
1436,Customer_3782,Last_3782,Customer_3782@Email.Com,Dammam,Standard,1/24/2021 12:42,TRUE,27589
1437,Customer_4243,Last_4243,Customer_4243@Email.Com,Khamis Mushait,New,1/25/2021 1:33,TRUE,48276
1438,Customer_3748,Last_3748,Customer_3748@Email.Com,Abha,Standard,1/25/2021 14:24,TRUE,20936
1439,Customer_3856,Last_3856,Customer_3856@Email.Com,Tabuk,Standard,1/26/2021 16:07,TRUE,1085
1440,Customer_4712,Last_4712,Customer_4712@Email.Com,Najran,Basic,1/26/2021 16:07,TRUE,5930
1441,Customer_3265,Last_3265,Customer_3265@Email.Com,Dammam,Basic,1/28/2021 6:40,TRUE,20639
1442,Customer_3852,Last_3852,Customer_3852@Email.Com,Medina,Standard,1/28/2021 6:40,TRUE,2214
1443,Customer_2537,Last_2537,Customer_2537@Email.Com,Hail,New,1/29/2021 8:22,TRUE,14730
1444,Customer_747,Last_747,Customer_747@Email.Com,Yanbu,Standard,1/30/2021 10:04,FALSE,37548
1445,Customer_4132,Last_4132,Customer_4132@Email.Com,Al-Kharj,Standard,1/30/2021 22:56,TRUE,13376
1446,Customer_860,Last_860,Customer_860@Email.Com,Najran,Standard,1/30/2021 22:56,TRUE,14251
1447,Customer_2153,Last_2153,Customer_2153@Email.Com,Taif,Standard,1/30/2021 22:56,FALSE,21700
1448,Customer_4213,Last_4213,Customer_4213@Email.Com,Dammam,Standard,1/30/2021 22:56,TRUE,15876
1449,Customer_1491,Last_1491,Customer_1491@Email.Com,Al-Ahsa,Vip,2/1/2021 13:29,TRUE,41982
1450,Customer_1327,Last_1327,Customer_1327@Email.Com,Dhahran,Standard,2/1/2021 13:29,FALSE,4125
1451,Customer_3666,Last_3666,Customer_3666@Email.Com,Mecca,Premium,2/2/2021 2:20,TRUE,38711
1452,Customer_2940,Last_2940,Customer_2940@Email.Com,Mecca,Standard,2/2/2021 2:20,TRUE,47754
1453,Customer_4282,Last_4282,Customer_4282@Email.Com,Jeddah,Standard,2/5/2021 7:27,TRUE,34483
1454,Customer_2090,Last_2090,Customer_2090@Email.Com,Najran,Standard,2/5/2021 20:18,TRUE,16956
1455,Customer_2342,Last_2342,Customer_2342@Email.Com,Arar,Standard,2/5/2021 20:18,TRUE,26067
1456,Customer_3234,Last_3234,Customer_3234@Email.Com,Dhahran,Standard,2/7/2021 23:43,TRUE,10726
1457,Customer_1870,Last_1870,Customer_1870@Email.Com,Mecca,New,2/7/2021 23:43,TRUE,43614
1458,Customer_4276,Last_4276,Customer_4276@Email.Com,Yanbu,Basic,2/7/2021 23:43,TRUE,13096
1459,Customer_3046,Last_3046,Customer_3046@Email.Com,Jeddah,Basic,2/7/2021 23:43,TRUE,13736
1460,Customer_859,Last_859,Customer_859@Email.Com,Khamis Mushait,Vip,2/9/2021 1:25,TRUE,41253
1461,Customer_1485,Last_1485,Customer_1485@Email.Com,Jubail,Standard,2/9/2021 1:25,TRUE,40185
1462,Customer_2565,Last_2565,Customer_2565@Email.Com,Khamis Mushait,Premium,2/9/2021 1:25,TRUE,19098
1463,Customer_130,Last_130,Customer_130@Email.Com,Mecca,Vip,2/9/2021 1:25,TRUE,41288
1464,Customer_2718,Last_2718,Customer_2718@Email.Com,Abha,Standard,2/9/2021 14:16,FALSE,11801
1465,Customer_1117,Last_1117,Customer_1117@Email.Com,Najran,Standard,2/9/2021 14:16,FALSE,30571
1466,Customer_268,Last_268,Customer_268@Email.Com,Jubail,Premium,2/10/2021 3:07,TRUE,41798
1467,Customer_306,Last_306,Customer_306@Email.Com,Al-Kharj,Basic,2/10/2021 3:07,TRUE,46546
1468,Customer_1847,Last_1847,Customer_1847@Email.Com,Jeddah,Standard,2/11/2021 4:49,FALSE,47312
1469,Customer_4084,Last_4084,Customer_4084@Email.Com,Mecca,Standard,2/11/2021 4:49,TRUE,4398
1470,Customer_4218,Last_4218,Customer_4218@Email.Com,Mecca,Basic,2/12/2021 19:23,TRUE,37429
1471,Customer_965,Last_965,Customer_965@Email.Com,Jubail,Basic,2/12/2021 19:23,TRUE,35744
1472,Customer_1793,Last_1793,Customer_1793@Email.Com,Abha,Basic,2/13/2021 8:14,TRUE,43331
1473,Customer_1110,Last_1110,Customer_1110@Email.Com,Dhahran,Vip,2/13/2021 8:14,TRUE,31474
1474,Customer_1279,Last_1279,Customer_1279@Email.Com,Dhahran,Standard,2/13/2021 21:05,TRUE,25628
1475,Customer_1296,Last_1296,Customer_1296@Email.Com,Medina,Standard,2/14/2021 9:56,TRUE,34754
1476,Customer_535,Last_535,Customer_535@Email.Com,Al-Ahsa,Vip,2/16/2021 0:29,TRUE,6586
1477,Customer_1831,Last_1831,Customer_1831@Email.Com,Buraidah,Premium,2/16/2021 0:29,FALSE,13319
1478,Customer_1966,Last_1966,Customer_1966@Email.Com,Yanbu,New,2/16/2021 13:21,TRUE,46678
1479,Customer_4996,Last_4996,Customer_4996@Email.Com,Dammam,Standard,2/17/2021 15:03,TRUE,22234
1480,Customer_748,Last_748,Customer_748@Email.Com,Khamis Mushait,Standard,2/17/2021 15:03,TRUE,19668
1481,Customer_666,Last_666,Customer_666@Email.Com,Jeddah,Basic,2/17/2021 15:03,TRUE,10247
1482,Customer_4898,Last_4898,Customer_4898@Email.Com,Dammam,Basic,2/18/2021 3:54,TRUE,30601
1483,Customer_2673,Last_2673,Customer_2673@Email.Com,Arar,Basic,2/18/2021 3:54,TRUE,16602
1484,Customer_3632,Last_3632,Customer_3632@Email.Com,Riyadh,Premium,2/19/2021 18:27,FALSE,29035
1485,Customer_4739,Last_4739,Customer_4739@Email.Com,Khobar,New,2/20/2021 7:19,TRUE,19159
1486,Customer_1385,Last_1385,Customer_1385@Email.Com,Tabuk,Vip,2/20/2021 7:19,TRUE,964
1487,Customer_2567,Last_2567,Customer_2567@Email.Com,Al-Ahsa,New,2/20/2021 20:10,FALSE,4186
1488,Customer_3035,Last_3035,Customer_3035@Email.Com,Khamis Mushait,New,2/21/2021 21:52,TRUE,41863
1489,Customer_4410,Last_4410,Customer_4410@Email.Com,Medina,Vip,2/22/2021 23:34,TRUE,21799
1490,Customer_4730,Last_4730,Customer_4730@Email.Com,Tabuk,Vip,2/22/2021 23:34,FALSE,37100
1491,Customer_2619,Last_2619,Customer_2619@Email.Com,Mecca,Basic,2/23/2021 12:25,TRUE,21310
1492,Customer_926,Last_926,Customer_926@Email.Com,Riyadh,Basic,2/23/2021 12:25,TRUE,32892
1493,Customer_4219,Last_4219,Customer_4219@Email.Com,Al-Ahsa,Premium,2/24/2021 1:16,TRUE,37634
1494,Customer_2267,Last_2267,Customer_2267@Email.Com,Buraidah,Standard,2/25/2021 2:59,FALSE,8965
1495,Customer_4210,Last_4210,Customer_4210@Email.Com,Al-Kharj,Standard,2/25/2021 2:59,TRUE,48098
1496,Customer_531,Last_531,Customer_531@Email.Com,Al-Ahsa,New,2/25/2021 15:50,TRUE,27574
1497,Customer_3048,Last_3048,Customer_3048@Email.Com,Yanbu,Standard,2/25/2021 15:50,FALSE,13815
1498,Customer_89,Last_89,Customer_89@Email.Com,Medina,Basic,2/25/2021 15:50,TRUE,17744
1499,Customer_2496,Last_2496,Customer_2496@Email.Com,Dammam,Standard,2/27/2021 6:23,TRUE,44260
1500,Customer_2307,Last_2307,Customer_2307@Email.Com,Jubail,Basic,2/27/2021 19:14,TRUE,48643
1501,Customer_1816,Last_1816,Customer_1816@Email.Com,Buraidah,Basic,2/27/2021 19:14,TRUE,25818
1502,Customer_3213,Last_3213,Customer_3213@Email.Com,Dhahran,Basic,2/27/2021 19:14,FALSE,31614
1503,Customer_710,Last_710,Customer_710@Email.Com,Hail,Standard,2/28/2021 8:05,TRUE,15310
1504,Customer_4498,Last_4498,Customer_4498@Email.Com,Jeddah,Standard,3/1/2021 9:48,TRUE,19069
1505,Customer_1956,Last_1956,Customer_1956@Email.Com,Abha,Standard,3/1/2021 22:39,TRUE,4274
1506,Customer_4927,Last_4927,Customer_4927@Email.Com,Abha,Vip,3/1/2021 22:39,TRUE,4258
1507,Customer_2775,Last_2775,Customer_2775@Email.Com,Jubail,Basic,3/3/2021 0:21,TRUE,11994
1508,Customer_333,Last_333,Customer_333@Email.Com,Jeddah,Vip,3/4/2021 14:55,TRUE,42712
1509,Customer_175,Last_175,Customer_175@Email.Com,Medina,Basic,3/4/2021 14:55,TRUE,41173
1510,Customer_409,Last_409,Customer_409@Email.Com,Qatif,Basic,3/5/2021 3:46,TRUE,6771
1511,Customer_1795,Last_1795,Customer_1795@Email.Com,Abha,New,3/5/2021 3:46,TRUE,1420
1512,Customer_1344,Last_1344,Customer_1344@Email.Com,Dammam,Standard,3/5/2021 16:37,TRUE,6635
1513,Customer_1290,Last_1290,Customer_1290@Email.Com,Dammam,Basic,3/6/2021 5:28,TRUE,4137
1514,Customer_2550,Last_2550,Customer_2550@Email.Com,Najran,Basic,3/6/2021 18:19,TRUE,6444
1515,Customer_3841,Last_3841,Customer_3841@Email.Com,Khamis Mushait,Premium,3/6/2021 18:19,TRUE,18789
1516,Customer_259,Last_259,Customer_259@Email.Com,Najran,Standard,3/7/2021 7:10,TRUE,47143
1517,Customer_1838,Last_1838,Customer_1838@Email.Com,Najran,Vip,3/7/2021 20:01,FALSE,10038
1518,Customer_586,Last_586,Customer_586@Email.Com,Dhahran,Basic,3/9/2021 10:35,TRUE,39654
1519,Customer_1390,Last_1390,Customer_1390@Email.Com,Riyadh,Standard,3/11/2021 1:08,TRUE,23643
1520,Customer_2969,Last_2969,Customer_2969@Email.Com,Riyadh,Basic,3/11/2021 1:08,TRUE,21348
1521,Customer_2809,Last_2809,Customer_2809@Email.Com,Yanbu,Standard,3/12/2021 2:50,FALSE,49185
1522,Customer_1454,Last_1454,Customer_1454@Email.Com,Mecca,Premium,3/12/2021 15:41,TRUE,40322
1523,Customer_599,Last_599,Customer_599@Email.Com,Al-Kharj,Basic,3/12/2021 15:41,TRUE,24844
1524,Customer_2772,Last_2772,Customer_2772@Email.Com,Al-Kharj,Standard,3/13/2021 4:33,TRUE,1360
1525,Customer_3425,Last_3425,Customer_3425@Email.Com,Najran,Standard,3/13/2021 17:24,TRUE,18887
1526,Customer_414,Last_414,Customer_414@Email.Com,Khamis Mushait,Standard,3/14/2021 6:15,FALSE,27700
1527,Customer_2405,Last_2405,Customer_2405@Email.Com,Riyadh,Basic,3/14/2021 6:15,TRUE,35935
1528,Customer_4581,Last_4581,Customer_4581@Email.Com,Dammam,Standard,3/14/2021 19:06,TRUE,13693
1529,Customer_567,Last_567,Customer_567@Email.Com,Najran,Vip,3/15/2021 20:48,TRUE,22625
1530,Customer_3556,Last_3556,Customer_3556@Email.Com,Yanbu,New,3/16/2021 22:30,FALSE,37869
1531,Customer_2201,Last_2201,Customer_2201@Email.Com,Tabuk,Basic,3/17/2021 11:22,TRUE,49179
1532,Customer_2349,Last_2349,Customer_2349@Email.Com,Jeddah,Premium,3/18/2021 0:13,TRUE,10868
1533,Customer_1297,Last_1297,Customer_1297@Email.Com,Qatif,Standard,3/18/2021 0:13,TRUE,36312
1534,Customer_1132,Last_1132,Customer_1132@Email.Com,Khamis Mushait,Standard,3/18/2021 13:04,TRUE,13292
1535,Customer_1992,Last_1992,Customer_1992@Email.Com,Dammam,New,3/20/2021 3:37,TRUE,42180
1536,Customer_3643,Last_3643,Customer_3643@Email.Com,Al-Kharj,Standard,3/21/2021 5:20,TRUE,3724
1537,Customer_533,Last_533,Customer_533@Email.Com,Taif,New,3/21/2021 5:20,TRUE,19275
1538,Customer_3873,Last_3873,Customer_3873@Email.Com,Hail,Basic,3/21/2021 18:11,TRUE,15111
1539,Customer_1787,Last_1787,Customer_1787@Email.Com,Qatif,Basic,3/22/2021 19:53,TRUE,32187
1540,Customer_1090,Last_1090,Customer_1090@Email.Com,Jeddah,Basic,3/22/2021 19:53,TRUE,28750
1541,Customer_1686,Last_1686,Customer_1686@Email.Com,Medina,Standard,3/23/2021 8:44,TRUE,42778
1542,Customer_2408,Last_2408,Customer_2408@Email.Com,Mecca,Basic,3/24/2021 10:26,TRUE,24696
1543,Customer_1779,Last_1779,Customer_1779@Email.Com,Tabuk,New,3/24/2021 10:26,FALSE,9629
1544,Customer_1513,Last_1513,Customer_1513@Email.Com,Taif,Standard,3/24/2021 23:17,TRUE,45321
1545,Customer_852,Last_852,Customer_852@Email.Com,Buraidah,Standard,3/25/2021 12:09,TRUE,12416
1546,Customer_902,Last_902,Customer_902@Email.Com,Al-Ahsa,Standard,3/25/2021 12:09,TRUE,27506
1547,Customer_1714,Last_1714,Customer_1714@Email.Com,Medina,New,3/26/2021 13:51,TRUE,27145
1548,Customer_3866,Last_3866,Customer_3866@Email.Com,Khamis Mushait,Basic,3/26/2021 13:51,FALSE,47356
1549,Customer_530,Last_530,Customer_530@Email.Com,Khobar,Standard,3/27/2021 15:33,FALSE,7071
1550,Customer_941,Last_941,Customer_941@Email.Com,Al-Ahsa,Standard,3/28/2021 4:24,TRUE,24806
1551,Customer_973,Last_973,Customer_973@Email.Com,Hail,Basic,3/29/2021 6:06,TRUE,21936
1552,Customer_3121,Last_3121,Customer_3121@Email.Com,Tabuk,New,3/29/2021 6:06,TRUE,9077
1553,Customer_1886,Last_1886,Customer_1886@Email.Com,Jeddah,New,3/29/2021 18:58,FALSE,9537
1554,Customer_228,Last_228,Customer_228@Email.Com,Abha,Vip,3/29/2021 18:58,TRUE,30110
1555,Customer_864,Last_864,Customer_864@Email.Com,Jubail,Basic,3/30/2021 20:40,TRUE,22706
1556,Customer_4556,Last_4556,Customer_4556@Email.Com,Najran,Basic,3/31/2021 9:31,TRUE,29652
1557,Customer_2558,Last_2558,Customer_2558@Email.Com,Riyadh,Standard,3/31/2021 9:31,TRUE,30802
1558,Customer_3750,Last_3750,Customer_3750@Email.Com,Hail,Basic,3/31/2021 22:22,TRUE,17905
1559,Customer_4036,Last_4036,Customer_4036@Email.Com,Buraidah,New,4/4/2021 16:20,TRUE,26842
1560,Customer_3283,Last_3283,Customer_3283@Email.Com,Abha,Vip,4/4/2021 16:20,TRUE,35162
1561,Customer_4572,Last_4572,Customer_4572@Email.Com,Khobar,Standard,4/5/2021 18:02,TRUE,10795
1562,Customer_1304,Last_1304,Customer_1304@Email.Com,Mecca,Standard,4/5/2021 18:02,TRUE,21398
1563,Customer_518,Last_518,Customer_518@Email.Com,Khobar,Standard,4/5/2021 18:02,FALSE,22121
1564,Customer_591,Last_591,Customer_591@Email.Com,Qatif,New,4/6/2021 6:53,TRUE,24110
1565,Customer_4273,Last_4273,Customer_4273@Email.Com,Arar,New,4/6/2021 6:53,TRUE,572
1566,Customer_2282,Last_2282,Customer_2282@Email.Com,Dhahran,Vip,4/6/2021 19:45,TRUE,9973
1567,Customer_2903,Last_2903,Customer_2903@Email.Com,Dammam,Basic,4/7/2021 8:36,TRUE,7749
1568,Customer_605,Last_605,Customer_605@Email.Com,Riyadh,Basic,4/7/2021 21:27,TRUE,48314
1569,Customer_1680,Last_1680,Customer_1680@Email.Com,Jeddah,New,4/8/2021 10:18,TRUE,25839
1570,Customer_1360,Last_1360,Customer_1360@Email.Com,Hail,Premium,4/8/2021 23:09,FALSE,1958
1571,Customer_3735,Last_3735,Customer_3735@Email.Com,Al-Kharj,Standard,4/8/2021 23:09,FALSE,18764
1572,Customer_3820,Last_3820,Customer_3820@Email.Com,Yanbu,Standard,4/9/2021 12:00,TRUE,49223
1573,Customer_3888,Last_3888,Customer_3888@Email.Com,Medina,Standard,4/10/2021 0:51,TRUE,22683
1574,Customer_1346,Last_1346,Customer_1346@Email.Com,Yanbu,Standard,4/10/2021 0:51,TRUE,49934
1575,Customer_622,Last_622,Customer_622@Email.Com,Medina,New,4/11/2021 15:25,TRUE,23083
1576,Customer_1315,Last_1315,Customer_1315@Email.Com,Taif,Basic,4/11/2021 15:25,FALSE,23268
1577,Customer_2831,Last_2831,Customer_2831@Email.Com,Buraidah,Standard,4/11/2021 15:25,TRUE,18408
1578,Customer_802,Last_802,Customer_802@Email.Com,Buraidah,Basic,4/11/2021 15:25,TRUE,9805
1579,Customer_2194,Last_2194,Customer_2194@Email.Com,Abha,Premium,4/11/2021 15:25,TRUE,32055
1580,Customer_3724,Last_3724,Customer_3724@Email.Com,Riyadh,Standard,4/13/2021 5:58,TRUE,2590
1581,Customer_2944,Last_2944,Customer_2944@Email.Com,Medina,Premium,4/13/2021 5:58,TRUE,21085
1582,Customer_4363,Last_4363,Customer_4363@Email.Com,Najran,Basic,4/13/2021 18:49,TRUE,48526
1583,Customer_476,Last_476,Customer_476@Email.Com,Al-Ahsa,New,4/14/2021 7:40,TRUE,45890
1584,Customer_3904,Last_3904,Customer_3904@Email.Com,Mecca,New,4/14/2021 7:40,TRUE,25299
1585,Customer_350,Last_350,Customer_350@Email.Com,Khobar,Basic,4/14/2021 20:32,TRUE,9355
1586,Customer_4188,Last_4188,Customer_4188@Email.Com,Jubail,Standard,4/15/2021 9:23,TRUE,35947
1587,Customer_4588,Last_4588,Customer_4588@Email.Com,Dammam,Standard,4/15/2021 22:14,TRUE,5807
1588,Customer_1747,Last_1747,Customer_1747@Email.Com,Taif,New,4/15/2021 22:14,TRUE,12105
1589,Customer_793,Last_793,Customer_793@Email.Com,Abha,Standard,4/15/2021 22:14,TRUE,39866
1590,Customer_3851,Last_3851,Customer_3851@Email.Com,Najran,Vip,4/15/2021 22:14,TRUE,33887
1591,Customer_3617,Last_3617,Customer_3617@Email.Com,Hail,Premium,4/15/2021 22:14,TRUE,14849
1592,Customer_905,Last_905,Customer_905@Email.Com,Dammam,Premium,4/16/2021 11:05,TRUE,39882
1593,Customer_4206,Last_4206,Customer_4206@Email.Com,Najran,Premium,4/16/2021 11:05,TRUE,40664
1594,Customer_413,Last_413,Customer_413@Email.Com,Jubail,Premium,4/17/2021 12:47,TRUE,37202
1595,Customer_3901,Last_3901,Customer_3901@Email.Com,Jeddah,Basic,4/18/2021 1:38,TRUE,15546
1596,Customer_881,Last_881,Customer_881@Email.Com,Hail,Basic,4/18/2021 1:38,TRUE,27792
1597,Customer_4521,Last_4521,Customer_4521@Email.Com,Khamis Mushait,Basic,4/18/2021 14:29,TRUE,46723
1598,Customer_2291,Last_2291,Customer_2291@Email.Com,Tabuk,Basic,4/18/2021 14:29,TRUE,16550
1599,Customer_422,Last_422,Customer_422@Email.Com,Dammam,Basic,4/19/2021 3:21,FALSE,20760
1600,Customer_2406,Last_2406,Customer_2406@Email.Com,Dhahran,Standard,4/19/2021 16:12,TRUE,38148
1601,Customer_4344,Last_4344,Customer_4344@Email.Com,Najran,Basic,4/20/2021 17:54,TRUE,27924
1602,Customer_3656,Last_3656,Customer_3656@Email.Com,Dhahran,Basic,4/20/2021 17:54,FALSE,31980
1603,Customer_1879,Last_1879,Customer_1879@Email.Com,Al-Kharj,New,4/21/2021 6:45,TRUE,14559
1604,Customer_3865,Last_3865,Customer_3865@Email.Com,Hail,Standard,4/21/2021 6:45,TRUE,47229
1605,Customer_2142,Last_2142,Customer_2142@Email.Com,Medina,New,4/22/2021 8:27,TRUE,3562
1606,Customer_1839,Last_1839,Customer_1839@Email.Com,Abha,Basic,4/22/2021 8:27,TRUE,19651
1607,Customer_1515,Last_1515,Customer_1515@Email.Com,Jubail,Vip,4/23/2021 10:10,TRUE,43861
1608,Customer_3808,Last_3808,Customer_3808@Email.Com,Dhahran,Basic,4/23/2021 23:01,TRUE,37066
1609,Customer_4682,Last_4682,Customer_4682@Email.Com,Dhahran,New,4/25/2021 13:34,TRUE,49873
1610,Customer_448,Last_448,Customer_448@Email.Com,Mecca,Basic,4/25/2021 13:34,TRUE,30107
1611,Customer_1514,Last_1514,Customer_1514@Email.Com,Dammam,Basic,4/27/2021 16:59,TRUE,47350
1612,Customer_2715,Last_2715,Customer_2715@Email.Com,Dammam,New,4/28/2021 5:50,TRUE,34462
1613,Customer_2169,Last_2169,Customer_2169@Email.Com,Medina,Basic,4/28/2021 18:41,TRUE,39583
1614,Customer_1377,Last_1377,Customer_1377@Email.Com,Medina,Standard,4/29/2021 7:32,TRUE,1581
1615,Customer_4961,Last_4961,Customer_4961@Email.Com,Jeddah,Basic,4/29/2021 7:32,TRUE,3247
1616,Customer_338,Last_338,Customer_338@Email.Com,Hail,Premium,4/30/2021 9:14,FALSE,3616
1617,Customer_4231,Last_4231,Customer_4231@Email.Com,Medina,Premium,4/30/2021 9:14,FALSE,4953
1618,Customer_1745,Last_1745,Customer_1745@Email.Com,Jeddah,Vip,5/1/2021 10:57,TRUE,7711
1619,Customer_1741,Last_1741,Customer_1741@Email.Com,Hail,Premium,5/2/2021 12:39,TRUE,24681
1620,Customer_2696,Last_2696,Customer_2696@Email.Com,Khobar,Standard,5/3/2021 1:30,TRUE,30060
1621,Customer_4434,Last_4434,Customer_4434@Email.Com,Jubail,Basic,5/3/2021 1:30,TRUE,24440
1622,Customer_3940,Last_3940,Customer_3940@Email.Com,Najran,Standard,5/3/2021 14:21,TRUE,30261
1623,Customer_624,Last_624,Customer_624@Email.Com,Dammam,Basic,5/4/2021 3:12,TRUE,49954
1624,Customer_2101,Last_2101,Customer_2101@Email.Com,Jeddah,Basic,5/4/2021 16:03,FALSE,46819
1625,Customer_4587,Last_4587,Customer_4587@Email.Com,Al-Ahsa,Standard,5/4/2021 16:03,TRUE,11358
1626,Customer_2639,Last_2639,Customer_2639@Email.Com,Jubail,Basic,5/5/2021 4:54,FALSE,11132
1627,Customer_2309,Last_2309,Customer_2309@Email.Com,Buraidah,Premium,5/5/2021 4:54,TRUE,20341
1628,Customer_798,Last_798,Customer_798@Email.Com,Mecca,Standard,5/5/2021 17:46,TRUE,41362
1629,Customer_2384,Last_2384,Customer_2384@Email.Com,Al-Ahsa,Standard,5/5/2021 17:46,TRUE,16396
1630,Customer_1752,Last_1752,Customer_1752@Email.Com,Khobar,Standard,5/6/2021 19:28,TRUE,44294
1631,Customer_2385,Last_2385,Customer_2385@Email.Com,Al-Ahsa,Premium,5/6/2021 19:28,TRUE,40494
1632,Customer_2814,Last_2814,Customer_2814@Email.Com,Dammam,Standard,5/7/2021 8:19,TRUE,8653
1633,Customer_2873,Last_2873,Customer_2873@Email.Com,Jeddah,Standard,5/7/2021 21:10,TRUE,36241
1634,Customer_298,Last_298,Customer_298@Email.Com,Riyadh,Standard,5/9/2021 11:44,FALSE,44276
1635,Customer_3686,Last_3686,Customer_3686@Email.Com,Medina,Standard,5/10/2021 13:26,TRUE,9816
1636,Customer_479,Last_479,Customer_479@Email.Com,Taif,Standard,5/10/2021 13:26,FALSE,36291
1637,Customer_3915,Last_3915,Customer_3915@Email.Com,Khobar,New,5/10/2021 13:26,TRUE,8356
1638,Customer_1613,Last_1613,Customer_1613@Email.Com,Najran,Basic,5/10/2021 13:26,TRUE,13158
1639,Customer_1944,Last_1944,Customer_1944@Email.Com,Buraidah,Basic,5/11/2021 2:17,TRUE,10185
1640,Customer_542,Last_542,Customer_542@Email.Com,Tabuk,Standard,5/13/2021 5:41,TRUE,39648
1641,Customer_2002,Last_2002,Customer_2002@Email.Com,Tabuk,Premium,5/13/2021 18:33,TRUE,44039
1642,Customer_931,Last_931,Customer_931@Email.Com,Yanbu,New,5/14/2021 7:24,TRUE,37575
1643,Customer_4693,Last_4693,Customer_4693@Email.Com,Tabuk,New,5/14/2021 7:24,TRUE,4521
1644,Customer_803,Last_803,Customer_803@Email.Com,Mecca,Basic,5/14/2021 20:15,TRUE,3017
1645,Customer_4625,Last_4625,Customer_4625@Email.Com,Jubail,Basic,5/15/2021 9:06,TRUE,31519
1646,Customer_1269,Last_1269,Customer_1269@Email.Com,Dammam,Premium,5/15/2021 9:06,TRUE,2559
1647,Customer_1511,Last_1511,Customer_1511@Email.Com,Khamis Mushait,Basic,5/15/2021 21:57,TRUE,46253
1648,Customer_2636,Last_2636,Customer_2636@Email.Com,Buraidah,Vip,5/15/2021 21:57,TRUE,47894
1649,Customer_2780,Last_2780,Customer_2780@Email.Com,Al-Ahsa,New,5/15/2021 21:57,TRUE,33025
1650,Customer_3713,Last_3713,Customer_3713@Email.Com,Arar,Standard,5/15/2021 21:57,TRUE,25937
1651,Customer_1434,Last_1434,Customer_1434@Email.Com,Hail,Standard,5/17/2021 12:30,TRUE,31189
1652,Customer_616,Last_616,Customer_616@Email.Com,Dammam,Vip,5/17/2021 12:30,TRUE,41158
1653,Customer_2051,Last_2051,Customer_2051@Email.Com,Mecca,New,5/17/2021 12:30,FALSE,23694
1654,Customer_3850,Last_3850,Customer_3850@Email.Com,Riyadh,Premium,5/18/2021 1:22,TRUE,26178
1655,Customer_3198,Last_3198,Customer_3198@Email.Com,Tabuk,Vip,5/18/2021 14:13,TRUE,25236
1656,Customer_1163,Last_1163,Customer_1163@Email.Com,Dhahran,Basic,5/18/2021 14:13,TRUE,3909
1657,Customer_382,Last_382,Customer_382@Email.Com,Medina,Premium,5/18/2021 14:13,TRUE,44776
1658,Customer_683,Last_683,Customer_683@Email.Com,Dhahran,Premium,5/18/2021 14:13,TRUE,40777
1659,Customer_3638,Last_3638,Customer_3638@Email.Com,Tabuk,Standard,5/19/2021 3:04,FALSE,49887
1660,Customer_790,Last_790,Customer_790@Email.Com,Qatif,Standard,5/19/2021 3:04,TRUE,30816
1661,Customer_3507,Last_3507,Customer_3507@Email.Com,Dammam,Basic,5/19/2021 3:04,TRUE,14133
1662,Customer_625,Last_625,Customer_625@Email.Com,Medina,Standard,5/19/2021 3:04,TRUE,25276
1663,Customer_3416,Last_3416,Customer_3416@Email.Com,Jeddah,New,5/19/2021 3:04,TRUE,20303
1664,Customer_4413,Last_4413,Customer_4413@Email.Com,Yanbu,Premium,5/20/2021 4:46,TRUE,14932
1665,Customer_4082,Last_4082,Customer_4082@Email.Com,Najran,Standard,5/20/2021 17:37,TRUE,21952
1666,Customer_4969,Last_4969,Customer_4969@Email.Com,Riyadh,Vip,5/21/2021 6:28,TRUE,20729
1667,Customer_4081,Last_4081,Customer_4081@Email.Com,Dammam,New,5/21/2021 19:20,TRUE,41971
1668,Customer_3775,Last_3775,Customer_3775@Email.Com,Khobar,Standard,5/21/2021 19:20,TRUE,36525
1669,Customer_4703,Last_4703,Customer_4703@Email.Com,Medina,Vip,5/22/2021 8:11,TRUE,1148
1670,Customer_4272,Last_4272,Customer_4272@Email.Com,Tabuk,New,5/22/2021 8:11,TRUE,27560
1671,Customer_1551,Last_1551,Customer_1551@Email.Com,Najran,Premium,5/22/2021 8:11,FALSE,14628
1672,Customer_4546,Last_4546,Customer_4546@Email.Com,Arar,Standard,5/22/2021 21:02,TRUE,10416
1673,Customer_2784,Last_2784,Customer_2784@Email.Com,Khobar,Standard,5/25/2021 0:26,TRUE,17718
1674,Customer_1874,Last_1874,Customer_1874@Email.Com,Najran,Premium,5/26/2021 2:09,TRUE,13690
1675,Customer_2672,Last_2672,Customer_2672@Email.Com,Abha,Vip,5/26/2021 2:09,TRUE,13244
1676,Customer_1495,Last_1495,Customer_1495@Email.Com,Khobar,New,5/26/2021 15:00,TRUE,14060
1677,Customer_4516,Last_4516,Customer_4516@Email.Com,Buraidah,Basic,5/26/2021 15:00,TRUE,13638
1678,Customer_3360,Last_3360,Customer_3360@Email.Com,Tabuk,Standard,5/26/2021 15:00,TRUE,24831
1679,Customer_2728,Last_2728,Customer_2728@Email.Com,Khobar,Standard,5/27/2021 16:42,TRUE,10631
1680,Customer_948,Last_948,Customer_948@Email.Com,Buraidah,Standard,5/28/2021 18:24,FALSE,25985
1681,Customer_2994,Last_2994,Customer_2994@Email.Com,Khamis Mushait,Basic,5/29/2021 20:06,TRUE,24992
1682,Customer_2119,Last_2119,Customer_2119@Email.Com,Al-Ahsa,New,5/29/2021 20:06,TRUE,24835
1683,Customer_4070,Last_4070,Customer_4070@Email.Com,Dhahran,Standard,5/29/2021 20:06,TRUE,23916
1684,Customer_786,Last_786,Customer_786@Email.Com,Medina,New,5/30/2021 21:49,TRUE,37820
1685,Customer_242,Last_242,Customer_242@Email.Com,Khobar,Standard,5/31/2021 10:40,TRUE,38682
1686,Customer_4791,Last_4791,Customer_4791@Email.Com,Arar,Premium,5/31/2021 23:31,TRUE,5615
1687,Customer_176,Last_176,Customer_176@Email.Com,Riyadh,Vip,5/31/2021 23:31,TRUE,47862
1688,Customer_2864,Last_2864,Customer_2864@Email.Com,Tabuk,New,6/1/2021 12:22,TRUE,16926
1689,Customer_4044,Last_4044,Customer_4044@Email.Com,Al-Ahsa,Standard,6/2/2021 1:13,TRUE,46408
1690,Customer_2160,Last_2160,Customer_2160@Email.Com,Al-Kharj,Standard,6/2/2021 14:04,TRUE,2241
1691,Customer_2801,Last_2801,Customer_2801@Email.Com,Khamis Mushait,New,6/3/2021 2:56,TRUE,23874
1692,Customer_4411,Last_4411,Customer_4411@Email.Com,Khobar,Basic,6/3/2021 15:47,TRUE,21322
1693,Customer_2561,Last_2561,Customer_2561@Email.Com,Dammam,Basic,6/4/2021 4:38,TRUE,28849
1694,Customer_4085,Last_4085,Customer_4085@Email.Com,Arar,Standard,6/4/2021 4:38,TRUE,6242
1695,Customer_1825,Last_1825,Customer_1825@Email.Com,Riyadh,Vip,6/5/2021 6:20,TRUE,44610
1696,Customer_41,Last_41,Customer_41@Email.Com,Al-Kharj,Basic,6/5/2021 19:11,TRUE,13157
1697,Customer_1271,Last_1271,Customer_1271@Email.Com,Jeddah,Vip,6/5/2021 19:11,FALSE,3971
1698,Customer_4640,Last_4640,Customer_4640@Email.Com,Yanbu,Standard,6/5/2021 19:11,TRUE,25658
1699,Customer_1195,Last_1195,Customer_1195@Email.Com,Khamis Mushait,New,6/5/2021 19:11,FALSE,26710
1700,Customer_4825,Last_4825,Customer_4825@Email.Com,Medina,Premium,6/6/2021 20:53,FALSE,7069
1701,Customer_3707,Last_3707,Customer_3707@Email.Com,Dammam,Basic,6/6/2021 20:53,TRUE,42341
1702,Customer_1634,Last_1634,Customer_1634@Email.Com,Arar,Standard,6/7/2021 9:45,TRUE,27100
1703,Customer_4685,Last_4685,Customer_4685@Email.Com,Qatif,Standard,6/7/2021 9:45,TRUE,835
1704,Customer_100,Last_100,Customer_100@Email.Com,Medina,Basic,6/7/2021 22:36,TRUE,24409
1705,Customer_4032,Last_4032,Customer_4032@Email.Com,Dhahran,Basic,6/7/2021 22:36,TRUE,15579
1706,Customer_3482,Last_3482,Customer_3482@Email.Com,Mecca,Standard,6/8/2021 11:27,TRUE,9365
1707,Customer_969,Last_969,Customer_969@Email.Com,Mecca,Standard,6/9/2021 0:18,TRUE,6595
1708,Customer_280,Last_280,Customer_280@Email.Com,Medina,Vip,6/9/2021 13:09,FALSE,2694
1709,Customer_3771,Last_3771,Customer_3771@Email.Com,Khobar,New,6/9/2021 13:09,TRUE,26527
1710,Customer_4501,Last_4501,Customer_4501@Email.Com,Al-Kharj,New,6/10/2021 2:00,FALSE,33033
1711,Customer_4342,Last_4342,Customer_4342@Email.Com,Tabuk,Premium,6/10/2021 14:51,TRUE,32869
1712,Customer_731,Last_731,Customer_731@Email.Com,Dammam,New,6/11/2021 16:34,TRUE,8301
1713,Customer_2203,Last_2203,Customer_2203@Email.Com,Jeddah,Standard,6/11/2021 16:34,TRUE,1898
1714,Customer_4099,Last_4099,Customer_4099@Email.Com,Qatif,Basic,6/11/2021 16:34,TRUE,11533
1715,Customer_1465,Last_1465,Customer_1465@Email.Com,Buraidah,Basic,6/12/2021 5:25,TRUE,48408
1716,Customer_2123,Last_2123,Customer_2123@Email.Com,Buraidah,Standard,6/12/2021 5:25,TRUE,3909
1717,Customer_4357,Last_4357,Customer_4357@Email.Com,Buraidah,Standard,6/12/2021 18:16,TRUE,35641
1718,Customer_4852,Last_4852,Customer_4852@Email.Com,Khamis Mushait,Basic,6/13/2021 7:07,FALSE,38877
1719,Customer_3773,Last_3773,Customer_3773@Email.Com,Taif,New,6/13/2021 19:58,TRUE,12029
1720,Customer_2328,Last_2328,Customer_2328@Email.Com,Mecca,New,6/14/2021 8:49,FALSE,48419
1721,Customer_3564,Last_3564,Customer_3564@Email.Com,Najran,Basic,6/14/2021 8:49,TRUE,47402
1722,Customer_1498,Last_1498,Customer_1498@Email.Com,Dammam,Premium,6/15/2021 10:32,FALSE,24074
1723,Customer_840,Last_840,Customer_840@Email.Com,Hail,Standard,6/15/2021 23:23,TRUE,25168
1724,Customer_2795,Last_2795,Customer_2795@Email.Com,Jeddah,Basic,6/15/2021 23:23,TRUE,3207
1725,Customer_1333,Last_1333,Customer_1333@Email.Com,Dhahran,Vip,6/15/2021 23:23,TRUE,10833
1726,Customer_1212,Last_1212,Customer_1212@Email.Com,Qatif,Basic,6/16/2021 12:14,TRUE,22474
1727,Customer_4974,Last_4974,Customer_4974@Email.Com,Khamis Mushait,Basic,6/16/2021 12:14,FALSE,1356
1728,Customer_2797,Last_2797,Customer_2797@Email.Com,Riyadh,Basic,6/17/2021 1:05,TRUE,9609
1729,Customer_2547,Last_2547,Customer_2547@Email.Com,Tabuk,Standard,6/17/2021 1:05,FALSE,5378
1730,Customer_2245,Last_2245,Customer_2245@Email.Com,Tabuk,Basic,6/17/2021 1:05,TRUE,32326
1731,Customer_3491,Last_3491,Customer_3491@Email.Com,Medina,Basic,6/18/2021 2:47,TRUE,31536
1732,Customer_1024,Last_1024,Customer_1024@Email.Com,Taif,Standard,6/18/2021 2:47,TRUE,19039
1733,Customer_4913,Last_4913,Customer_4913@Email.Com,Qatif,Standard,6/19/2021 4:29,TRUE,43420
1734,Customer_1967,Last_1967,Customer_1967@Email.Com,Najran,Basic,6/19/2021 4:29,FALSE,13952
1735,Customer_3260,Last_3260,Customer_3260@Email.Com,Dhahran,Basic,6/19/2021 4:29,TRUE,49259
1736,Customer_3024,Last_3024,Customer_3024@Email.Com,Al-Ahsa,Premium,6/19/2021 17:21,TRUE,10518
1737,Customer_2369,Last_2369,Customer_2369@Email.Com,Najran,Basic,6/20/2021 6:12,TRUE,26730
1738,Customer_1535,Last_1535,Customer_1535@Email.Com,Khamis Mushait,Standard,6/20/2021 19:03,TRUE,9332
1739,Customer_3196,Last_3196,Customer_3196@Email.Com,Mecca,Standard,6/21/2021 7:54,TRUE,19162
1740,Customer_34,Last_34,Customer_34@Email.Com,Khamis Mushait,Premium,6/21/2021 20:45,TRUE,3816
1741,Customer_4486,Last_4486,Customer_4486@Email.Com,Arar,New,6/21/2021 20:45,TRUE,27290
1742,Customer_3064,Last_3064,Customer_3064@Email.Com,Jubail,Basic,6/22/2021 9:36,TRUE,45856
1743,Customer_3359,Last_3359,Customer_3359@Email.Com,Buraidah,Standard,6/22/2021 22:27,TRUE,9218
1744,Customer_1598,Last_1598,Customer_1598@Email.Com,Qatif,Standard,6/23/2021 11:18,TRUE,6226
1745,Customer_4668,Last_4668,Customer_4668@Email.Com,Riyadh,Standard,6/24/2021 13:01,FALSE,10982
1746,Customer_3776,Last_3776,Customer_3776@Email.Com,Arar,Premium,6/24/2021 13:01,TRUE,37564
1747,Customer_4479,Last_4479,Customer_4479@Email.Com,Qatif,Basic,6/25/2021 14:43,TRUE,49444
1748,Customer_4171,Last_4171,Customer_4171@Email.Com,Khamis Mushait,Standard,6/25/2021 14:43,TRUE,2090
1749,Customer_2442,Last_2442,Customer_2442@Email.Com,Hail,Standard,6/25/2021 14:43,TRUE,5334
1750,Customer_3473,Last_3473,Customer_3473@Email.Com,Buraidah,New,6/26/2021 3:34,TRUE,25436
1751,Customer_3943,Last_3943,Customer_3943@Email.Com,Hail,Basic,6/26/2021 16:25,FALSE,7603
1752,Customer_4338,Last_4338,Customer_4338@Email.Com,Tabuk,Vip,6/27/2021 18:08,TRUE,19196
1753,Customer_3110,Last_3110,Customer_3110@Email.Com,Qatif,New,6/28/2021 19:50,TRUE,17275
1754,Customer_2648,Last_2648,Customer_2648@Email.Com,Arar,Premium,6/29/2021 21:32,TRUE,22522
1755,Customer_4142,Last_4142,Customer_4142@Email.Com,Al-Kharj,Basic,6/29/2021 21:32,TRUE,37131
1756,Customer_1040,Last_1040,Customer_1040@Email.Com,Jeddah,Basic,6/30/2021 23:14,TRUE,24225
1757,Customer_1720,Last_1720,Customer_1720@Email.Com,Al-Kharj,Vip,7/2/2021 13:48,TRUE,12166
1758,Customer_3404,Last_3404,Customer_3404@Email.Com,Najran,Premium,7/3/2021 2:39,TRUE,29678
1759,Customer_3429,Last_3429,Customer_3429@Email.Com,Tabuk,Standard,7/3/2021 2:39,TRUE,19449
1760,Customer_3328,Last_3328,Customer_3328@Email.Com,Buraidah,Basic,7/3/2021 2:39,TRUE,17443
1761,Customer_1402,Last_1402,Customer_1402@Email.Com,Mecca,Standard,7/3/2021 15:30,TRUE,7587
1762,Customer_3039,Last_3039,Customer_3039@Email.Com,Taif,Standard,7/4/2021 4:21,FALSE,7035
1763,Customer_1115,Last_1115,Customer_1115@Email.Com,Al-Ahsa,Vip,7/5/2021 6:03,TRUE,818
1764,Customer_1939,Last_1939,Customer_1939@Email.Com,Qatif,Vip,7/5/2021 6:03,TRUE,21370
1765,Customer_4555,Last_4555,Customer_4555@Email.Com,Mecca,Standard,7/6/2021 20:37,TRUE,35126
1766,Customer_2759,Last_2759,Customer_2759@Email.Com,Medina,Basic,7/6/2021 20:37,TRUE,23781
1767,Customer_3371,Last_3371,Customer_3371@Email.Com,Al-Kharj,Standard,7/7/2021 9:28,TRUE,4555
1768,Customer_3699,Last_3699,Customer_3699@Email.Com,Mecca,Standard,7/7/2021 22:19,TRUE,17217
1769,Customer_3220,Last_3220,Customer_3220@Email.Com,Buraidah,Basic,7/7/2021 22:19,TRUE,14783
1770,Customer_3837,Last_3837,Customer_3837@Email.Com,Dhahran,New,7/8/2021 11:10,TRUE,24291
1771,Customer_2959,Last_2959,Customer_2959@Email.Com,Dhahran,Basic,7/9/2021 0:01,TRUE,16958
1772,Customer_75,Last_75,Customer_75@Email.Com,Yanbu,Basic,7/9/2021 0:01,TRUE,6214
1773,Customer_4981,Last_4981,Customer_4981@Email.Com,Hail,Basic,7/9/2021 0:01,TRUE,7196
1774,Customer_955,Last_955,Customer_955@Email.Com,Najran,Basic,7/9/2021 0:01,TRUE,39523
1775,Customer_3022,Last_3022,Customer_3022@Email.Com,Taif,Basic,7/10/2021 1:43,TRUE,3498
1776,Customer_27,Last_27,Customer_27@Email.Com,Arar,Basic,7/11/2021 16:17,TRUE,1611
1777,Customer_69,Last_69,Customer_69@Email.Com,Yanbu,Premium,7/11/2021 16:17,TRUE,13708
1778,Customer_3378,Last_3378,Customer_3378@Email.Com,Khamis Mushait,Standard,7/12/2021 5:08,FALSE,3088
1779,Customer_3701,Last_3701,Customer_3701@Email.Com,Jeddah,Standard,7/12/2021 17:59,TRUE,10190
1780,Customer_2646,Last_2646,Customer_2646@Email.Com,Riyadh,Standard,7/12/2021 17:59,TRUE,17340
1781,Customer_1261,Last_1261,Customer_1261@Email.Com,Yanbu,Vip,7/12/2021 17:59,TRUE,24172
1782,Customer_787,Last_787,Customer_787@Email.Com,Riyadh,Basic,7/16/2021 11:57,TRUE,5406
1783,Customer_4345,Last_4345,Customer_4345@Email.Com,Tabuk,New,7/17/2021 0:48,TRUE,44258
1784,Customer_1988,Last_1988,Customer_1988@Email.Com,Tabuk,Standard,7/17/2021 13:39,TRUE,21491
1785,Customer_3965,Last_3965,Customer_3965@Email.Com,Najran,Standard,7/18/2021 2:30,TRUE,40525
1786,Customer_4193,Last_4193,Customer_4193@Email.Com,Dammam,Basic,7/18/2021 15:22,TRUE,15009
1787,Customer_686,Last_686,Customer_686@Email.Com,Jeddah,Vip,7/20/2021 18:46,TRUE,24721
1788,Customer_483,Last_483,Customer_483@Email.Com,Al-Kharj,Basic,7/22/2021 9:19,TRUE,30253
1789,Customer_525,Last_525,Customer_525@Email.Com,Dhahran,Standard,7/22/2021 22:11,TRUE,44894
1790,Customer_1053,Last_1053,Customer_1053@Email.Com,Najran,Basic,7/23/2021 11:02,TRUE,49322
1791,Customer_347,Last_347,Customer_347@Email.Com,Medina,Premium,7/23/2021 23:53,TRUE,33781
1792,Customer_1767,Last_1767,Customer_1767@Email.Com,Jeddah,Standard,7/25/2021 1:35,TRUE,46963
1793,Customer_1889,Last_1889,Customer_1889@Email.Com,Mecca,Standard,7/25/2021 14:26,TRUE,40324
1794,Customer_540,Last_540,Customer_540@Email.Com,Khamis Mushait,Standard,7/27/2021 17:51,TRUE,822
1795,Customer_125,Last_125,Customer_125@Email.Com,Medina,Standard,7/27/2021 17:51,TRUE,10485
1796,Customer_1826,Last_1826,Customer_1826@Email.Com,Dhahran,Basic,7/28/2021 19:33,TRUE,4923
1797,Customer_4679,Last_4679,Customer_4679@Email.Com,Dhahran,Standard,7/28/2021 19:33,TRUE,24556
1798,Customer_221,Last_221,Customer_221@Email.Com,Dhahran,Standard,7/29/2021 8:24,TRUE,49281
1799,Customer_4302,Last_4302,Customer_4302@Email.Com,Qatif,Standard,7/29/2021 21:15,TRUE,39875
1800,Customer_1685,Last_1685,Customer_1685@Email.Com,Dammam,Standard,7/29/2021 21:15,TRUE,27141
1801,Customer_4950,Last_4950,Customer_4950@Email.Com,Abha,Standard,7/30/2021 10:06,TRUE,20590
1802,Customer_1497,Last_1497,Customer_1497@Email.Com,Jeddah,Vip,7/30/2021 22:58,TRUE,35102
1803,Customer_1517,Last_1517,Customer_1517@Email.Com,Arar,Standard,8/1/2021 0:40,TRUE,47578
1804,Customer_1653,Last_1653,Customer_1653@Email.Com,Al-Ahsa,Standard,8/2/2021 2:22,TRUE,23007
1805,Customer_2580,Last_2580,Customer_2580@Email.Com,Al-Kharj,Standard,8/2/2021 2:22,TRUE,11291
1806,Customer_1197,Last_1197,Customer_1197@Email.Com,Jubail,Standard,8/2/2021 15:13,TRUE,47470
1807,Customer_264,Last_264,Customer_264@Email.Com,Dammam,Vip,8/3/2021 4:04,TRUE,33592
1808,Customer_1842,Last_1842,Customer_1842@Email.Com,Qatif,Premium,8/3/2021 16:55,TRUE,2699
1809,Customer_4051,Last_4051,Customer_4051@Email.Com,Abha,Standard,8/4/2021 5:47,TRUE,30898
1810,Customer_3723,Last_3723,Customer_3723@Email.Com,Khobar,Vip,8/4/2021 5:47,TRUE,1693
1811,Customer_3430,Last_3430,Customer_3430@Email.Com,Jubail,Standard,8/5/2021 7:29,TRUE,44601
1812,Customer_2392,Last_2392,Customer_2392@Email.Com,Mecca,Premium,8/6/2021 9:11,FALSE,47995
1813,Customer_3268,Last_3268,Customer_3268@Email.Com,Khamis Mushait,Standard,8/6/2021 22:02,TRUE,36589
1814,Customer_2130,Last_2130,Customer_2130@Email.Com,Abha,Basic,8/6/2021 22:02,TRUE,23807
1815,Customer_499,Last_499,Customer_499@Email.Com,Buraidah,Standard,8/7/2021 10:53,TRUE,40949
1816,Customer_2919,Last_2919,Customer_2919@Email.Com,Al-Kharj,Standard,8/7/2021 10:53,TRUE,27653
1817,Customer_2005,Last_2005,Customer_2005@Email.Com,Medina,Basic,8/7/2021 23:45,TRUE,48855
1818,Customer_3555,Last_3555,Customer_3555@Email.Com,Arar,Vip,8/7/2021 23:45,TRUE,31567
1819,Customer_2152,Last_2152,Customer_2152@Email.Com,Dammam,Basic,8/7/2021 23:45,TRUE,24045
1820,Customer_1202,Last_1202,Customer_1202@Email.Com,Jubail,Standard,8/8/2021 12:36,TRUE,23806
1821,Customer_4233,Last_4233,Customer_4233@Email.Com,Jubail,Standard,8/8/2021 12:36,TRUE,39819
1822,Customer_4049,Last_4049,Customer_4049@Email.Com,Al-Ahsa,Standard,8/8/2021 12:36,TRUE,10087
1823,Customer_4988,Last_4988,Customer_4988@Email.Com,Buraidah,New,8/9/2021 1:27,TRUE,7282
1824,Customer_4220,Last_4220,Customer_4220@Email.Com,Buraidah,Standard,8/9/2021 1:27,TRUE,1797
1825,Customer_377,Last_377,Customer_377@Email.Com,Medina,Standard,8/9/2021 14:18,FALSE,36934
1826,Customer_956,Last_956,Customer_956@Email.Com,Buraidah,Standard,8/10/2021 3:09,FALSE,43898
1827,Customer_863,Last_863,Customer_863@Email.Com,Jeddah,Vip,8/11/2021 4:51,TRUE,6172
1828,Customer_1785,Last_1785,Customer_1785@Email.Com,Qatif,Premium,8/11/2021 17:42,FALSE,8673
1829,Customer_4925,Last_4925,Customer_4925@Email.Com,Al-Kharj,Standard,8/11/2021 17:42,TRUE,25452
1830,Customer_3737,Last_3737,Customer_3737@Email.Com,Mecca,Standard,8/11/2021 17:42,TRUE,15783
1831,Customer_3929,Last_3929,Customer_3929@Email.Com,Mecca,Premium,8/12/2021 19:25,TRUE,30796
1832,Customer_2071,Last_2071,Customer_2071@Email.Com,Dammam,New,8/13/2021 8:16,TRUE,16008
1833,Customer_4351,Last_4351,Customer_4351@Email.Com,Mecca,Standard,8/13/2021 21:07,TRUE,27462
1834,Customer_789,Last_789,Customer_789@Email.Com,Khobar,Premium,8/14/2021 22:49,TRUE,17858
1835,Customer_3136,Last_3136,Customer_3136@Email.Com,Riyadh,New,8/14/2021 22:49,FALSE,27207
1836,Customer_2253,Last_2253,Customer_2253@Email.Com,Mecca,Vip,8/14/2021 22:49,TRUE,46471
1837,Customer_507,Last_507,Customer_507@Email.Com,Khobar,Vip,8/16/2021 0:31,TRUE,21621
1838,Customer_379,Last_379,Customer_379@Email.Com,Jubail,New,8/16/2021 0:31,TRUE,24541
1839,Customer_2704,Last_2704,Customer_2704@Email.Com,Al-Ahsa,Basic,8/16/2021 13:23,TRUE,82
1840,Customer_561,Last_561,Customer_561@Email.Com,Al-Ahsa,Standard,8/16/2021 13:23,TRUE,37525
1841,Customer_1175,Last_1175,Customer_1175@Email.Com,Dammam,Basic,8/17/2021 2:14,TRUE,19465
1842,Customer_4547,Last_4547,Customer_4547@Email.Com,Mecca,Vip,8/17/2021 2:14,TRUE,19171
1843,Customer_874,Last_874,Customer_874@Email.Com,Dammam,Basic,8/17/2021 15:05,TRUE,528
1844,Customer_1987,Last_1987,Customer_1987@Email.Com,Khobar,Standard,8/17/2021 15:05,TRUE,15583
1845,Customer_1173,Last_1173,Customer_1173@Email.Com,Arar,New,8/18/2021 3:56,TRUE,13271
1846,Customer_4994,Last_4994,Customer_4994@Email.Com,Dammam,Basic,8/18/2021 16:47,TRUE,10771
1847,Customer_2993,Last_2993,Customer_2993@Email.Com,Mecca,Premium,8/19/2021 5:38,TRUE,22761
1848,Customer_2344,Last_2344,Customer_2344@Email.Com,Hail,Vip,8/19/2021 18:29,TRUE,30572
1849,Customer_3725,Last_3725,Customer_3725@Email.Com,Medina,Standard,8/20/2021 20:12,FALSE,30870
1850,Customer_2031,Last_2031,Customer_2031@Email.Com,Taif,Standard,8/21/2021 9:03,FALSE,8885
1851,Customer_2624,Last_2624,Customer_2624@Email.Com,Mecca,Standard,8/22/2021 10:45,TRUE,1067
1852,Customer_4567,Last_4567,Customer_4567@Email.Com,Jubail,New,8/23/2021 12:27,TRUE,23184
1853,Customer_795,Last_795,Customer_795@Email.Com,Al-Ahsa,Basic,8/23/2021 12:27,TRUE,27428
1854,Customer_4227,Last_4227,Customer_4227@Email.Com,Buraidah,New,8/24/2021 1:18,TRUE,42633
1855,Customer_1317,Last_1317,Customer_1317@Email.Com,Mecca,Standard,8/25/2021 3:01,FALSE,28371
1856,Customer_2079,Last_2079,Customer_2079@Email.Com,Jeddah,Premium,8/25/2021 3:01,TRUE,13194
1857,Customer_1887,Last_1887,Customer_1887@Email.Com,Dhahran,Standard,8/26/2021 4:43,TRUE,1642
1858,Customer_2144,Last_2144,Customer_2144@Email.Com,Arar,Standard,8/27/2021 6:25,TRUE,42255
1859,Customer_2228,Last_2228,Customer_2228@Email.Com,Mecca,Standard,8/27/2021 6:25,TRUE,41484
1860,Customer_4269,Last_4269,Customer_4269@Email.Com,Buraidah,Standard,8/27/2021 19:16,TRUE,27509
1861,Customer_2530,Last_2530,Customer_2530@Email.Com,Qatif,New,8/27/2021 19:16,TRUE,49926
1862,Customer_2420,Last_2420,Customer_2420@Email.Com,Medina,Standard,8/28/2021 20:59,TRUE,6836
1863,Customer_4914,Last_4914,Customer_4914@Email.Com,Khamis Mushait,Vip,8/29/2021 9:50,TRUE,2631
1864,Customer_1011,Last_1011,Customer_1011@Email.Com,Riyadh,Standard,8/31/2021 0:23,FALSE,30144
1865,Customer_4827,Last_4827,Customer_4827@Email.Com,Arar,Standard,8/31/2021 0:23,FALSE,39190
1866,Customer_659,Last_659,Customer_659@Email.Com,Buraidah,Basic,8/31/2021 0:23,TRUE,31174
1867,Customer_1675,Last_1675,Customer_1675@Email.Com,Abha,Vip,8/31/2021 13:14,TRUE,10437
1868,Customer_2881,Last_2881,Customer_2881@Email.Com,Tabuk,New,9/1/2021 14:57,TRUE,19687
1869,Customer_522,Last_522,Customer_522@Email.Com,Yanbu,Basic,9/2/2021 16:39,TRUE,23456
1870,Customer_2852,Last_2852,Customer_2852@Email.Com,Jubail,Premium,9/3/2021 18:21,TRUE,41128
1871,Customer_3414,Last_3414,Customer_3414@Email.Com,Khamis Mushait,Vip,9/4/2021 7:12,TRUE,47852
1872,Customer_4637,Last_4637,Customer_4637@Email.Com,Tabuk,New,9/5/2021 21:46,TRUE,20378
1873,Customer_1349,Last_1349,Customer_1349@Email.Com,Mecca,Vip,9/6/2021 10:37,TRUE,12869
1874,Customer_2353,Last_2353,Customer_2353@Email.Com,Al-Ahsa,Vip,9/6/2021 23:28,TRUE,17428
1875,Customer_192,Last_192,Customer_192@Email.Com,Qatif,Standard,9/8/2021 1:10,TRUE,46923
1876,Customer_3072,Last_3072,Customer_3072@Email.Com,Al-Kharj,Basic,9/8/2021 14:01,TRUE,11391
1877,Customer_1375,Last_1375,Customer_1375@Email.Com,Qatif,Basic,9/9/2021 2:52,TRUE,7404
1878,Customer_3193,Last_3193,Customer_3193@Email.Com,Najran,Standard,9/9/2021 15:43,TRUE,38938
1879,Customer_3370,Last_3370,Customer_3370@Email.Com,Yanbu,Basic,9/10/2021 4:35,TRUE,9119
1880,Customer_4890,Last_4890,Customer_4890@Email.Com,Medina,Premium,9/10/2021 4:35,TRUE,34434
1881,Customer_4392,Last_4392,Customer_4392@Email.Com,Qatif,Standard,9/10/2021 17:26,TRUE,4485
1882,Customer_4568,Last_4568,Customer_4568@Email.Com,Tabuk,Standard,9/11/2021 19:08,TRUE,48481
1883,Customer_494,Last_494,Customer_494@Email.Com,Taif,Standard,9/11/2021 19:08,TRUE,11643
1884,Customer_49,Last_49,Customer_49@Email.Com,Mecca,Basic,9/11/2021 19:08,TRUE,11735
1885,Customer_3848,Last_3848,Customer_3848@Email.Com,Arar,Basic,9/12/2021 7:59,TRUE,12965
1886,Customer_3240,Last_3240,Customer_3240@Email.Com,Dhahran,Standard,9/12/2021 7:59,TRUE,26203
1887,Customer_2765,Last_2765,Customer_2765@Email.Com,Mecca,Standard,9/12/2021 7:59,TRUE,4236
1888,Customer_1068,Last_1068,Customer_1068@Email.Com,Tabuk,Standard,9/12/2021 20:50,TRUE,9145
1889,Customer_2975,Last_2975,Customer_2975@Email.Com,Dammam,Standard,9/12/2021 20:50,TRUE,17335
1890,Customer_3788,Last_3788,Customer_3788@Email.Com,Al-Kharj,Standard,9/13/2021 9:41,FALSE,48760
1891,Customer_754,Last_754,Customer_754@Email.Com,Hail,Standard,9/13/2021 9:41,TRUE,28898
1892,Customer_3670,Last_3670,Customer_3670@Email.Com,Buraidah,Standard,9/13/2021 9:41,FALSE,4080
1893,Customer_1876,Last_1876,Customer_1876@Email.Com,Qatif,New,9/13/2021 22:33,TRUE,35489
1894,Customer_501,Last_501,Customer_501@Email.Com,Al-Kharj,New,9/14/2021 11:24,FALSE,16667
1895,Customer_1209,Last_1209,Customer_1209@Email.Com,Dhahran,Standard,9/14/2021 11:24,TRUE,5521
1896,Customer_2816,Last_2816,Customer_2816@Email.Com,Yanbu,Basic,9/14/2021 11:24,TRUE,24897
1897,Customer_1868,Last_1868,Customer_1868@Email.Com,Al-Ahsa,Standard,9/15/2021 0:15,TRUE,25378
1898,Customer_4979,Last_4979,Customer_4979@Email.Com,Riyadh,Premium,9/15/2021 0:15,TRUE,38474
1899,Customer_1981,Last_1981,Customer_1981@Email.Com,Yanbu,New,9/15/2021 13:06,TRUE,14970
1900,Customer_4903,Last_4903,Customer_4903@Email.Com,Arar,Standard,9/15/2021 13:06,FALSE,42852
1901,Customer_792,Last_792,Customer_792@Email.Com,Buraidah,Basic,9/16/2021 14:48,TRUE,12601
1902,Customer_3026,Last_3026,Customer_3026@Email.Com,Dammam,New,9/17/2021 3:39,TRUE,22254
1903,Customer_430,Last_430,Customer_430@Email.Com,Jubail,Premium,9/17/2021 3:39,FALSE,13285
1904,Customer_1969,Last_1969,Customer_1969@Email.Com,Tabuk,Standard,9/18/2021 5:22,TRUE,318
1905,Customer_719,Last_719,Customer_719@Email.Com,Najran,Premium,9/18/2021 5:22,TRUE,14465
1906,Customer_1233,Last_1233,Customer_1233@Email.Com,Taif,Basic,9/18/2021 5:22,TRUE,38052
1907,Customer_4312,Last_4312,Customer_4312@Email.Com,Al-Kharj,Basic,9/18/2021 18:13,TRUE,19812
1908,Customer_3337,Last_3337,Customer_3337@Email.Com,Jubail,Standard,9/18/2021 18:13,FALSE,44182
1909,Customer_3639,Last_3639,Customer_3639@Email.Com,Al-Kharj,Standard,9/19/2021 7:04,TRUE,339
1910,Customer_3449,Last_3449,Customer_3449@Email.Com,Buraidah,Basic,9/19/2021 19:55,FALSE,8010
1911,Customer_4904,Last_4904,Customer_4904@Email.Com,Al-Ahsa,Basic,9/19/2021 19:55,TRUE,47907
1912,Customer_1293,Last_1293,Customer_1293@Email.Com,Khamis Mushait,Basic,9/20/2021 8:46,FALSE,34482
1913,Customer_952,Last_952,Customer_952@Email.Com,Khobar,Basic,9/20/2021 21:37,TRUE,45610
1914,Customer_939,Last_939,Customer_939@Email.Com,Yanbu,Basic,9/20/2021 21:37,TRUE,34422
1915,Customer_1388,Last_1388,Customer_1388@Email.Com,Yanbu,Standard,9/21/2021 10:28,TRUE,38061
1916,Customer_711,Last_711,Customer_711@Email.Com,Khobar,Standard,9/21/2021 10:28,TRUE,22450
1917,Customer_153,Last_153,Customer_153@Email.Com,Medina,Standard,9/21/2021 23:19,TRUE,20180
1918,Customer_2878,Last_2878,Customer_2878@Email.Com,Medina,Basic,9/21/2021 23:19,TRUE,28749
1919,Customer_4113,Last_4113,Customer_4113@Email.Com,Dammam,Standard,9/21/2021 23:19,TRUE,36763
1920,Customer_3894,Last_3894,Customer_3894@Email.Com,Tabuk,Premium,9/22/2021 12:11,TRUE,1706
1921,Customer_2213,Last_2213,Customer_2213@Email.Com,Riyadh,New,9/22/2021 12:11,TRUE,26850
1922,Customer_4983,Last_4983,Customer_4983@Email.Com,Jeddah,New,9/23/2021 1:02,TRUE,13549
1923,Customer_2068,Last_2068,Customer_2068@Email.Com,Hail,Standard,9/23/2021 13:53,TRUE,6306
1924,Customer_4191,Last_4191,Customer_4191@Email.Com,Dammam,New,9/24/2021 15:35,TRUE,29610
1925,Customer_2477,Last_2477,Customer_2477@Email.Com,Buraidah,Standard,9/25/2021 17:17,TRUE,41284
1926,Customer_1085,Last_1085,Customer_1085@Email.Com,Al-Ahsa,Basic,9/25/2021 17:17,TRUE,37206
1927,Customer_2411,Last_2411,Customer_2411@Email.Com,Al-Kharj,Standard,9/25/2021 17:17,TRUE,31051
1928,Customer_3641,Last_3641,Customer_3641@Email.Com,Khobar,Premium,9/27/2021 7:51,TRUE,21103
1929,Customer_141,Last_141,Customer_141@Email.Com,Buraidah,Basic,9/27/2021 7:51,TRUE,12717
1930,Customer_3984,Last_3984,Customer_3984@Email.Com,Al-Kharj,Standard,9/28/2021 22:24,TRUE,25708
1931,Customer_1145,Last_1145,Customer_1145@Email.Com,Jeddah,Standard,9/29/2021 11:15,TRUE,8429
1932,Customer_4464,Last_4464,Customer_4464@Email.Com,Yanbu,New,9/30/2021 12:58,FALSE,34898
1933,Customer_1394,Last_1394,Customer_1394@Email.Com,Tabuk,New,10/1/2021 1:49,TRUE,43370
1934,Customer_2198,Last_2198,Customer_2198@Email.Com,Riyadh,Vip,10/1/2021 14:40,TRUE,47498
1935,Customer_1367,Last_1367,Customer_1367@Email.Com,Al-Kharj,Basic,10/1/2021 14:40,TRUE,20303
1936,Customer_3192,Last_3192,Customer_3192@Email.Com,Khamis Mushait,Premium,10/1/2021 14:40,TRUE,42674
1937,Customer_1769,Last_1769,Customer_1769@Email.Com,Buraidah,Premium,10/1/2021 14:40,TRUE,37565
1938,Customer_1223,Last_1223,Customer_1223@Email.Com,Abha,Basic,10/2/2021 3:31,TRUE,40225
1939,Customer_1888,Last_1888,Customer_1888@Email.Com,Yanbu,Vip,10/2/2021 3:31,FALSE,1365
1940,Customer_3629,Last_3629,Customer_3629@Email.Com,Medina,Basic,10/2/2021 3:31,TRUE,3678
1941,Customer_3913,Last_3913,Customer_3913@Email.Com,Khamis Mushait,New,10/2/2021 16:22,TRUE,14157
1942,Customer_407,Last_407,Customer_407@Email.Com,Mecca,Standard,10/2/2021 16:22,TRUE,25545
1943,Customer_1206,Last_1206,Customer_1206@Email.Com,Dhahran,Standard,10/3/2021 18:04,FALSE,45939
1944,Customer_2747,Last_2747,Customer_2747@Email.Com,Abha,Basic,10/4/2021 6:55,TRUE,46908
1945,Customer_308,Last_308,Customer_308@Email.Com,Hail,Premium,10/4/2021 19:47,TRUE,27870
1946,Customer_4187,Last_4187,Customer_4187@Email.Com,Arar,Premium,10/5/2021 21:29,TRUE,41453
1947,Customer_1062,Last_1062,Customer_1062@Email.Com,Al-Kharj,Standard,10/5/2021 21:29,FALSE,33367
1948,Customer_1674,Last_1674,Customer_1674@Email.Com,Yanbu,Vip,10/6/2021 10:20,FALSE,42423
1949,Customer_381,Last_381,Customer_381@Email.Com,Al-Ahsa,New,10/6/2021 23:11,TRUE,43183
1950,Customer_1186,Last_1186,Customer_1186@Email.Com,Tabuk,New,10/6/2021 23:11,TRUE,43661
1951,Customer_2485,Last_2485,Customer_2485@Email.Com,Buraidah,New,10/7/2021 12:02,TRUE,11325
1952,Customer_2744,Last_2744,Customer_2744@Email.Com,Jeddah,Vip,10/8/2021 0:53,FALSE,19407
1953,Customer_2118,Last_2118,Customer_2118@Email.Com,Medina,Basic,10/8/2021 13:45,TRUE,29628
1954,Customer_3364,Last_3364,Customer_3364@Email.Com,Mecca,Standard,10/9/2021 2:36,TRUE,19335
1955,Customer_369,Last_369,Customer_369@Email.Com,Al-Kharj,Standard,10/9/2021 15:27,TRUE,24911
1956,Customer_827,Last_827,Customer_827@Email.Com,Najran,Premium,10/10/2021 17:09,TRUE,30077
1957,Customer_4003,Last_4003,Customer_4003@Email.Com,Dammam,Basic,10/11/2021 18:51,TRUE,12446
1958,Customer_2457,Last_2457,Customer_2457@Email.Com,Arar,Basic,10/12/2021 7:42,TRUE,9971
1959,Customer_3822,Last_3822,Customer_3822@Email.Com,Hail,New,10/12/2021 7:42,TRUE,14184
1960,Customer_820,Last_820,Customer_820@Email.Com,Arar,Standard,10/12/2021 7:42,TRUE,13981
1961,Customer_4873,Last_4873,Customer_4873@Email.Com,Tabuk,New,10/12/2021 7:42,TRUE,3204
1962,Customer_954,Last_954,Customer_954@Email.Com,Al-Kharj,Premium,10/12/2021 7:42,TRUE,6632
1963,Customer_4337,Last_4337,Customer_4337@Email.Com,Medina,Standard,10/12/2021 20:34,FALSE,12152
1964,Customer_2030,Last_2030,Customer_2030@Email.Com,Tabuk,Vip,10/12/2021 20:34,TRUE,42791
1965,Customer_1970,Last_1970,Customer_1970@Email.Com,Medina,Standard,10/12/2021 20:34,TRUE,11818
1966,Customer_362,Last_362,Customer_362@Email.Com,Dhahran,Standard,10/15/2021 12:49,FALSE,32118
1967,Customer_1722,Last_1722,Customer_1722@Email.Com,Khobar,New,10/16/2021 14:31,TRUE,17798
1968,Customer_389,Last_389,Customer_389@Email.Com,Medina,Vip,10/16/2021 14:31,FALSE,36955
1969,Customer_4275,Last_4275,Customer_4275@Email.Com,Dammam,Basic,10/16/2021 14:31,FALSE,49051
1970,Customer_2665,Last_2665,Customer_2665@Email.Com,Jeddah,Standard,10/16/2021 14:31,TRUE,48641
1971,Customer_3827,Last_3827,Customer_3827@Email.Com,Hail,Basic,10/17/2021 16:14,FALSE,13156
1972,Customer_1405,Last_1405,Customer_1405@Email.Com,Medina,New,10/18/2021 17:56,TRUE,45358
1973,Customer_4607,Last_4607,Customer_4607@Email.Com,Jeddah,Premium,10/18/2021 17:56,TRUE,34218
1974,Customer_2703,Last_2703,Customer_2703@Email.Com,Dammam,Basic,10/18/2021 17:56,TRUE,33158
1975,Customer_1890,Last_1890,Customer_1890@Email.Com,Buraidah,New,10/19/2021 6:47,FALSE,8
1976,Customer_1159,Last_1159,Customer_1159@Email.Com,Buraidah,Basic,10/19/2021 19:38,TRUE,31477
1977,Customer_1076,Last_1076,Customer_1076@Email.Com,Arar,Standard,10/21/2021 10:12,TRUE,38221
1978,Customer_865,Last_865,Customer_865@Email.Com,Dammam,New,10/21/2021 23:03,TRUE,18472
1979,Customer_2946,Last_2946,Customer_2946@Email.Com,Mecca,Basic,10/22/2021 11:54,TRUE,25084
1980,Customer_3973,Last_3973,Customer_3973@Email.Com,Medina,Basic,10/23/2021 0:45,TRUE,29966
1981,Customer_4432,Last_4432,Customer_4432@Email.Com,Hail,Basic,10/23/2021 0:45,TRUE,28439
1982,Customer_1866,Last_1866,Customer_1866@Email.Com,Mecca,Standard,10/23/2021 0:45,FALSE,5044
1983,Customer_4911,Last_4911,Customer_4911@Email.Com,Mecca,Premium,10/23/2021 13:36,TRUE,42950
1984,Customer_2599,Last_2599,Customer_2599@Email.Com,Riyadh,Standard,10/24/2021 2:27,TRUE,2981
1985,Customer_1337,Last_1337,Customer_1337@Email.Com,Dhahran,Basic,10/24/2021 2:27,TRUE,46643
1986,Customer_4195,Last_4195,Customer_4195@Email.Com,Qatif,Basic,10/24/2021 2:27,TRUE,44358
1987,Customer_2409,Last_2409,Customer_2409@Email.Com,Arar,Basic,10/24/2021 2:27,TRUE,11629
1988,Customer_1898,Last_1898,Customer_1898@Email.Com,Hail,Standard,10/24/2021 15:18,TRUE,17460
1989,Customer_29,Last_29,Customer_29@Email.Com,Medina,Basic,10/24/2021 15:18,TRUE,34558
1990,Customer_3588,Last_3588,Customer_3588@Email.Com,Taif,Basic,10/25/2021 4:10,TRUE,45311
1991,Customer_2856,Last_2856,Customer_2856@Email.Com,Tabuk,Basic,10/25/2021 17:01,TRUE,9926
1992,Customer_714,Last_714,Customer_714@Email.Com,Abha,Vip,10/26/2021 5:52,TRUE,24031
1993,Customer_2742,Last_2742,Customer_2742@Email.Com,Mecca,Standard,10/26/2021 18:43,TRUE,7472
1994,Customer_650,Last_650,Customer_650@Email.Com,Jubail,Standard,10/26/2021 18:43,FALSE,48745
1995,Customer_118,Last_118,Customer_118@Email.Com,Hail,New,10/27/2021 7:34,TRUE,12167
1996,Customer_2495,Last_2495,Customer_2495@Email.Com,Medina,Standard,10/27/2021 20:25,TRUE,2904
1997,Customer_4955,Last_4955,Customer_4955@Email.Com,Hail,Vip,10/27/2021 20:25,TRUE,32259
1998,Customer_3626,Last_3626,Customer_3626@Email.Com,Qatif,Standard,10/28/2021 9:16,TRUE,3101
1999,Customer_3128,Last_3128,Customer_3128@Email.Com,Riyadh,Standard,10/28/2021 22:07,FALSE,36885
2000,Customer_3565,Last_3565,Customer_3565@Email.Com,Mecca,Premium,10/29/2021 10:59,FALSE,25490
2001,Customer_1873,Last_1873,Customer_1873@Email.Com,Jeddah,Standard,10/29/2021 10:59,TRUE,3522
2002,Customer_3711,Last_3711,Customer_3711@Email.Com,Al-Ahsa,Vip,10/29/2021 10:59,TRUE,45137
2003,Customer_2792,Last_2792,Customer_2792@Email.Com,Dammam,Standard,10/29/2021 23:50,TRUE,234
2004,Customer_3201,Last_3201,Customer_3201@Email.Com,Najran,Standard,10/31/2021 14:23,TRUE,4340
2005,Customer_4997,Last_4997,Customer_4997@Email.Com,Hail,New,11/1/2021 3:14,TRUE,23746
2006,Customer_2726,Last_2726,Customer_2726@Email.Com,Arar,Basic,11/1/2021 16:05,TRUE,28230
2007,Customer_4404,Last_4404,Customer_4404@Email.Com,Mecca,Basic,11/1/2021 16:05,TRUE,10047
2008,Customer_1667,Last_1667,Customer_1667@Email.Com,Jubail,New,11/2/2021 4:56,FALSE,1883
2009,Customer_1577,Last_1577,Customer_1577@Email.Com,Jubail,Basic,11/3/2021 19:30,TRUE,284
2010,Customer_2891,Last_2891,Customer_2891@Email.Com,Abha,Standard,11/4/2021 8:21,FALSE,43831
2011,Customer_3900,Last_3900,Customer_3900@Email.Com,Khamis Mushait,Vip,11/5/2021 10:03,TRUE,30427
2012,Customer_1079,Last_1079,Customer_1079@Email.Com,Qatif,Vip,11/5/2021 22:54,TRUE,16923
2013,Customer_1386,Last_1386,Customer_1386@Email.Com,Jeddah,Vip,11/5/2021 22:54,TRUE,10739
2014,Customer_743,Last_743,Customer_743@Email.Com,Al-Kharj,Vip,11/6/2021 11:46,FALSE,3658
2015,Customer_3998,Last_3998,Customer_3998@Email.Com,Abha,Standard,11/7/2021 0:37,TRUE,8163
2016,Customer_229,Last_229,Customer_229@Email.Com,Abha,New,11/7/2021 13:28,TRUE,35504
2017,Customer_4318,Last_4318,Customer_4318@Email.Com,Dhahran,Premium,11/7/2021 13:28,TRUE,48966
2018,Customer_2834,Last_2834,Customer_2834@Email.Com,Medina,New,11/8/2021 2:19,TRUE,43871
2019,Customer_3891,Last_3891,Customer_3891@Email.Com,Jeddah,Basic,11/8/2021 2:19,TRUE,19157
2020,Customer_4429,Last_4429,Customer_4429@Email.Com,Khobar,Standard,11/8/2021 2:19,TRUE,32602
2021,Customer_397,Last_397,Customer_397@Email.Com,Hail,Vip,11/8/2021 15:10,TRUE,22183
2022,Customer_4671,Last_4671,Customer_4671@Email.Com,Al-Kharj,Basic,11/8/2021 15:10,FALSE,18541
2023,Customer_4247,Last_4247,Customer_4247@Email.Com,Medina,Standard,11/9/2021 4:01,FALSE,30117
2024,Customer_4923,Last_4923,Customer_4923@Email.Com,Arar,Standard,11/10/2021 5:43,TRUE,8097
2025,Customer_3942,Last_3942,Customer_3942@Email.Com,Dhahran,New,11/11/2021 7:26,TRUE,2798
2026,Customer_431,Last_431,Customer_431@Email.Com,Najran,Basic,11/11/2021 20:17,TRUE,32975
2027,Customer_1916,Last_1916,Customer_1916@Email.Com,Qatif,New,11/11/2021 20:17,TRUE,1898
2028,Customer_3702,Last_3702,Customer_3702@Email.Com,Al-Ahsa,Premium,11/11/2021 20:17,TRUE,5335
2029,Customer_688,Last_688,Customer_688@Email.Com,Jeddah,Vip,11/12/2021 9:08,TRUE,12707
2030,Customer_2326,Last_2326,Customer_2326@Email.Com,Dammam,New,11/12/2021 21:59,TRUE,12965
2031,Customer_4202,Last_4202,Customer_4202@Email.Com,Buraidah,Basic,11/13/2021 10:50,TRUE,10076
2032,Customer_4232,Last_4232,Customer_4232@Email.Com,Al-Ahsa,Standard,11/13/2021 10:50,TRUE,20698
2033,Customer_867,Last_867,Customer_867@Email.Com,Riyadh,Standard,11/13/2021 10:50,TRUE,39255
2034,Customer_4438,Last_4438,Customer_4438@Email.Com,Abha,Basic,11/15/2021 1:24,TRUE,19728
2035,Customer_2249,Last_2249,Customer_2249@Email.Com,Al-Kharj,Basic,11/17/2021 4:48,TRUE,44183
2036,Customer_2989,Last_2989,Customer_2989@Email.Com,Hail,Basic,11/17/2021 17:39,TRUE,40431
2037,Customer_4317,Last_4317,Customer_4317@Email.Com,Dhahran,Basic,11/17/2021 17:39,TRUE,21639
2038,Customer_2717,Last_2717,Customer_2717@Email.Com,Al-Ahsa,New,11/18/2021 6:30,TRUE,4837
2039,Customer_3155,Last_3155,Customer_3155@Email.Com,Yanbu,Vip,11/18/2021 6:30,TRUE,45746
2040,Customer_4050,Last_4050,Customer_4050@Email.Com,Jeddah,Basic,11/18/2021 19:22,TRUE,12122
2041,Customer_2787,Last_2787,Customer_2787@Email.Com,Mecca,Premium,11/19/2021 8:13,TRUE,13589
2042,Customer_3335,Last_3335,Customer_3335@Email.Com,Dhahran,Standard,11/19/2021 8:13,TRUE,49503
2043,Customer_2984,Last_2984,Customer_2984@Email.Com,Khobar,Standard,11/19/2021 8:13,TRUE,1408
2044,Customer_3547,Last_3547,Customer_3547@Email.Com,Tabuk,New,11/20/2021 9:55,TRUE,25836
2045,Customer_2221,Last_2221,Customer_2221@Email.Com,Al-Ahsa,New,11/20/2021 22:46,TRUE,46973
2046,Customer_4549,Last_4549,Customer_4549@Email.Com,Buraidah,Basic,11/21/2021 11:37,TRUE,45303
2047,Customer_4800,Last_4800,Customer_4800@Email.Com,Mecca,Premium,11/21/2021 11:37,TRUE,21574
2048,Customer_3242,Last_3242,Customer_3242@Email.Com,Hail,Vip,11/21/2021 11:37,TRUE,34626
2049,Customer_3657,Last_3657,Customer_3657@Email.Com,Jubail,Basic,11/22/2021 0:28,TRUE,49421
2050,Customer_440,Last_440,Customer_440@Email.Com,Al-Ahsa,Basic,11/22/2021 13:19,TRUE,14387
2051,Customer_1849,Last_1849,Customer_1849@Email.Com,Medina,Standard,11/24/2021 3:53,TRUE,23855
2052,Customer_2482,Last_2482,Customer_2482@Email.Com,Khobar,Basic,11/24/2021 3:53,TRUE,10203
2053,Customer_1008,Last_1008,Customer_1008@Email.Com,Taif,Standard,11/24/2021 16:44,TRUE,714
2054,Customer_4192,Last_4192,Customer_4192@Email.Com,Yanbu,Premium,11/25/2021 18:26,TRUE,17747
2055,Customer_458,Last_458,Customer_458@Email.Com,Dhahran,Standard,11/25/2021 18:26,FALSE,27188
2056,Customer_3227,Last_3227,Customer_3227@Email.Com,Mecca,Standard,11/27/2021 9:00,TRUE,39970
2057,Customer_2548,Last_2548,Customer_2548@Email.Com,Al-Kharj,Standard,11/27/2021 9:00,TRUE,46402
2058,Customer_4038,Last_4038,Customer_4038@Email.Com,Abha,Standard,11/27/2021 21:51,TRUE,18190
2059,Customer_3256,Last_3256,Customer_3256@Email.Com,Al-Ahsa,Basic,11/28/2021 10:42,TRUE,32719
2060,Customer_3937,Last_3937,Customer_3937@Email.Com,Najran,New,11/28/2021 10:42,TRUE,29028
2061,Customer_3551,Last_3551,Customer_3551@Email.Com,Hail,Basic,11/29/2021 12:24,TRUE,3336
2062,Customer_1020,Last_1020,Customer_1020@Email.Com,Dhahran,Standard,11/29/2021 12:24,TRUE,25030
2063,Customer_4755,Last_4755,Customer_4755@Email.Com,Al-Kharj,Standard,11/29/2021 12:24,TRUE,33783
2064,Customer_3266,Last_3266,Customer_3266@Email.Com,Al-Kharj,Basic,11/30/2021 1:15,TRUE,36963
2065,Customer_3214,Last_3214,Customer_3214@Email.Com,Khamis Mushait,Standard,11/30/2021 1:15,TRUE,506
2066,Customer_3406,Last_3406,Customer_3406@Email.Com,Dhahran,Standard,11/30/2021 1:15,TRUE,39100
2067,Customer_1463,Last_1463,Customer_1463@Email.Com,Al-Kharj,Standard,11/30/2021 14:06,TRUE,33135
2068,Customer_3800,Last_3800,Customer_3800@Email.Com,Hail,New,12/1/2021 2:58,TRUE,23104
2069,Customer_4333,Last_4333,Customer_4333@Email.Com,Al-Kharj,Premium,12/1/2021 2:58,TRUE,25104
2070,Customer_2063,Last_2063,Customer_2063@Email.Com,Hail,Standard,12/1/2021 15:49,FALSE,13811
2071,Customer_1518,Last_1518,Customer_1518@Email.Com,Najran,Basic,12/2/2021 4:40,FALSE,16559
2072,Customer_1247,Last_1247,Customer_1247@Email.Com,Najran,Standard,12/2/2021 17:31,TRUE,29943
2073,Customer_1834,Last_1834,Customer_1834@Email.Com,Najran,New,12/2/2021 17:31,TRUE,2160
2074,Customer_2817,Last_2817,Customer_2817@Email.Com,Arar,Basic,12/4/2021 8:04,TRUE,1874
2075,Customer_2589,Last_2589,Customer_2589@Email.Com,Jeddah,Standard,12/4/2021 20:55,TRUE,10227
2076,Customer_364,Last_364,Customer_364@Email.Com,Medina,New,12/5/2021 22:38,TRUE,15216
2077,Customer_36,Last_36,Customer_36@Email.Com,Najran,Basic,12/6/2021 11:29,TRUE,35916
2078,Customer_2790,Last_2790,Customer_2790@Email.Com,Jubail,Premium,12/6/2021 11:29,TRUE,47248
2079,Customer_1039,Last_1039,Customer_1039@Email.Com,Khamis Mushait,Basic,12/9/2021 3:44,TRUE,31589
2080,Customer_1384,Last_1384,Customer_1384@Email.Com,Dammam,Standard,12/9/2021 3:44,TRUE,13913
2081,Customer_425,Last_425,Customer_425@Email.Com,Tabuk,Standard,12/9/2021 3:44,FALSE,29832
2082,Customer_2448,Last_2448,Customer_2448@Email.Com,Taif,Standard,12/10/2021 5:27,FALSE,10722
2083,Customer_3463,Last_3463,Customer_3463@Email.Com,Qatif,New,12/10/2021 18:18,TRUE,44504
2084,Customer_3587,Last_3587,Customer_3587@Email.Com,Tabuk,Premium,12/10/2021 18:18,FALSE,36724
2085,Customer_3309,Last_3309,Customer_3309@Email.Com,Jubail,Vip,12/11/2021 20:00,TRUE,29622
2086,Customer_1460,Last_1460,Customer_1460@Email.Com,Riyadh,New,12/12/2021 8:51,TRUE,12202
2087,Customer_367,Last_367,Customer_367@Email.Com,Riyadh,New,12/12/2021 8:51,TRUE,13806
2088,Customer_3088,Last_3088,Customer_3088@Email.Com,Abha,Standard,12/12/2021 21:42,TRUE,42239
2089,Customer_318,Last_318,Customer_318@Email.Com,Dammam,Basic,12/13/2021 10:34,TRUE,49195
2090,Customer_1167,Last_1167,Customer_1167@Email.Com,Jeddah,Vip,12/15/2021 1:07,TRUE,8638
2091,Customer_481,Last_481,Customer_481@Email.Com,Arar,Basic,12/15/2021 13:58,FALSE,5424
2092,Customer_239,Last_239,Customer_239@Email.Com,Dhahran,Standard,12/17/2021 4:31,TRUE,37269
2093,Customer_3653,Last_3653,Customer_3653@Email.Com,Arar,Premium,12/18/2021 6:14,TRUE,19806
2094,Customer_563,Last_563,Customer_563@Email.Com,Khamis Mushait,Standard,12/18/2021 19:05,TRUE,27328
2095,Customer_3346,Last_3346,Customer_3346@Email.Com,Taif,Basic,12/19/2021 7:56,TRUE,8747
2096,Customer_942,Last_942,Customer_942@Email.Com,Al-Ahsa,Standard,12/19/2021 20:47,TRUE,33162
2097,Customer_1774,Last_1774,Customer_1774@Email.Com,Tabuk,Basic,12/19/2021 20:47,TRUE,35175
2098,Customer_3114,Last_3114,Customer_3114@Email.Com,Dammam,Standard,12/20/2021 9:38,TRUE,8894
2099,Customer_3986,Last_3986,Customer_3986@Email.Com,Mecca,Basic,12/20/2021 9:38,TRUE,45176
2100,Customer_2714,Last_2714,Customer_2714@Email.Com,Al-Ahsa,New,12/20/2021 9:38,TRUE,30604
2101,Customer_769,Last_769,Customer_769@Email.Com,Mecca,Standard,12/22/2021 13:03,TRUE,42605
2102,Customer_922,Last_922,Customer_922@Email.Com,Jeddah,New,12/23/2021 1:54,FALSE,25223
2103,Customer_2782,Last_2782,Customer_2782@Email.Com,Tabuk,Standard,12/23/2021 1:54,TRUE,32812
2104,Customer_1352,Last_1352,Customer_1352@Email.Com,Jeddah,Basic,12/23/2021 14:45,TRUE,40797
2105,Customer_4026,Last_4026,Customer_4026@Email.Com,Dammam,Basic,12/23/2021 14:45,TRUE,33481
2106,Customer_1365,Last_1365,Customer_1365@Email.Com,Buraidah,Premium,12/25/2021 18:10,TRUE,3774
2107,Customer_3334,Last_3334,Customer_3334@Email.Com,Al-Kharj,Vip,12/25/2021 18:10,TRUE,13974
2108,Customer_1488,Last_1488,Customer_1488@Email.Com,Medina,Vip,12/26/2021 19:52,TRUE,31146
2109,Customer_1719,Last_1719,Customer_1719@Email.Com,Jubail,Vip,12/27/2021 8:43,FALSE,49824
2110,Customer_4321,Last_4321,Customer_4321@Email.Com,Najran,New,12/27/2021 21:34,TRUE,46180
2111,Customer_1168,Last_1168,Customer_1168@Email.Com,Al-Kharj,Standard,12/28/2021 10:25,TRUE,37141
2112,Customer_3175,Last_3175,Customer_3175@Email.Com,Taif,Standard,12/29/2021 12:07,FALSE,5091
2113,Customer_1169,Last_1169,Customer_1169@Email.Com,Medina,Basic,12/30/2021 13:50,TRUE,11233
2114,Customer_4775,Last_4775,Customer_4775@Email.Com,Jeddah,Standard,12/31/2021 2:41,TRUE,3103
2115,Customer_4736,Last_4736,Customer_4736@Email.Com,Dammam,Standard,12/31/2021 2:41,TRUE,39757
2116,Customer_4290,Last_4290,Customer_4290@Email.Com,Tabuk,Basic,12/31/2021 15:32,FALSE,35281
2117,Customer_4795,Last_4795,Customer_4795@Email.Com,Hail,Basic,1/1/2022 4:23,TRUE,13078
2118,Customer_546,Last_546,Customer_546@Email.Com,Dammam,New,1/2/2022 6:05,TRUE,36656
2119,Customer_1406,Last_1406,Customer_1406@Email.Com,Buraidah,Standard,1/2/2022 6:05,TRUE,3963
2120,Customer_797,Last_797,Customer_797@Email.Com,Medina,Standard,1/2/2022 18:56,TRUE,48624
2121,Customer_3537,Last_3537,Customer_3537@Email.Com,Buraidah,Standard,1/3/2022 7:48,TRUE,15777
2122,Customer_3535,Last_3535,Customer_3535@Email.Com,Mecca,Standard,1/4/2022 22:21,TRUE,22027
2123,Customer_3786,Last_3786,Customer_3786@Email.Com,Dammam,Standard,1/4/2022 22:21,TRUE,3346
2124,Customer_1156,Last_1156,Customer_1156@Email.Com,Al-Ahsa,Basic,1/5/2022 11:12,TRUE,3686
2125,Customer_2346,Last_2346,Customer_2346@Email.Com,Dhahran,Basic,1/5/2022 11:12,FALSE,3062
2126,Customer_3172,Last_3172,Customer_3172@Email.Com,Dammam,Premium,1/6/2022 0:03,TRUE,30185
2127,Customer_1512,Last_1512,Customer_1512@Email.Com,Arar,Premium,1/6/2022 0:03,TRUE,33571
2128,Customer_835,Last_835,Customer_835@Email.Com,Riyadh,Basic,1/6/2022 0:03,TRUE,41633
2129,Customer_1753,Last_1753,Customer_1753@Email.Com,Arar,Basic,1/6/2022 0:03,FALSE,10060
2130,Customer_4264,Last_4264,Customer_4264@Email.Com,Khamis Mushait,Basic,1/6/2022 0:03,FALSE,11389
2131,Customer_766,Last_766,Customer_766@Email.Com,Yanbu,Standard,1/6/2022 12:54,TRUE,7662
2132,Customer_2286,Last_2286,Customer_2286@Email.Com,Jubail,Basic,1/7/2022 1:46,TRUE,19584
2133,Customer_189,Last_189,Customer_189@Email.Com,Khobar,Standard,1/7/2022 1:46,TRUE,9533
2134,Customer_2756,Last_2756,Customer_2756@Email.Com,Medina,Standard,1/7/2022 14:37,FALSE,23075
2135,Customer_204,Last_204,Customer_204@Email.Com,Taif,Standard,1/8/2022 3:28,TRUE,9515
2136,Customer_2027,Last_2027,Customer_2027@Email.Com,Arar,Standard,1/8/2022 3:28,TRUE,15337
2137,Customer_446,Last_446,Customer_446@Email.Com,Buraidah,Premium,1/8/2022 3:28,TRUE,39738
2138,Customer_2373,Last_2373,Customer_2373@Email.Com,Dhahran,Vip,1/8/2022 3:28,TRUE,25544
2139,Customer_1221,Last_1221,Customer_1221@Email.Com,Jubail,New,1/8/2022 16:19,TRUE,48296
2140,Customer_4956,Last_4956,Customer_4956@Email.Com,Dammam,Standard,1/9/2022 5:10,TRUE,21450
2141,Customer_3246,Last_3246,Customer_3246@Email.Com,Medina,Vip,1/9/2022 5:10,FALSE,47637
2142,Customer_1098,Last_1098,Customer_1098@Email.Com,Dammam,Basic,1/9/2022 5:10,TRUE,4739
2143,Customer_500,Last_500,Customer_500@Email.Com,Khamis Mushait,New,1/9/2022 18:01,TRUE,48071
2144,Customer_2721,Last_2721,Customer_2721@Email.Com,Taif,Basic,1/9/2022 18:01,TRUE,31621
2145,Customer_457,Last_457,Customer_457@Email.Com,Khamis Mushait,Standard,1/9/2022 18:01,TRUE,18059
2146,Customer_3803,Last_3803,Customer_3803@Email.Com,Qatif,Basic,1/10/2022 6:52,TRUE,3183
2147,Customer_4949,Last_4949,Customer_4949@Email.Com,Hail,Basic,1/10/2022 6:52,TRUE,26885
2148,Customer_1933,Last_1933,Customer_1933@Email.Com,Dhahran,Basic,1/10/2022 6:52,TRUE,6967
2149,Customer_4190,Last_4190,Customer_4190@Email.Com,Hail,Premium,1/11/2022 21:26,TRUE,44803
2150,Customer_2524,Last_2524,Customer_2524@Email.Com,Jeddah,Standard,1/12/2022 23:08,TRUE,897
2151,Customer_1783,Last_1783,Customer_1783@Email.Com,Riyadh,Standard,1/13/2022 11:59,FALSE,7694
2152,Customer_1633,Last_1633,Customer_1633@Email.Com,Dhahran,New,1/13/2022 11:59,TRUE,33588
2153,Customer_1342,Last_1342,Customer_1342@Email.Com,Dhahran,Standard,1/14/2022 13:41,TRUE,38726
2154,Customer_4198,Last_4198,Customer_4198@Email.Com,Dammam,Standard,1/15/2022 2:32,TRUE,11507
2155,Customer_1476,Last_1476,Customer_1476@Email.Com,Buraidah,Standard,1/15/2022 2:32,FALSE,44905
2156,Customer_1796,Last_1796,Customer_1796@Email.Com,Qatif,Basic,1/15/2022 15:24,FALSE,47440
2157,Customer_699,Last_699,Customer_699@Email.Com,Tabuk,Standard,1/16/2022 17:06,TRUE,23810
2158,Customer_3758,Last_3758,Customer_3758@Email.Com,Arar,Standard,1/16/2022 17:06,TRUE,4762
2159,Customer_4597,Last_4597,Customer_4597@Email.Com,Jubail,Vip,1/17/2022 18:48,TRUE,4628
2160,Customer_2883,Last_2883,Customer_2883@Email.Com,Dhahran,Basic,1/18/2022 7:39,TRUE,9408
2161,Customer_4028,Last_4028,Customer_4028@Email.Com,Dhahran,Vip,1/19/2022 9:22,TRUE,1890
2162,Customer_4887,Last_4887,Customer_4887@Email.Com,Mecca,Standard,1/19/2022 22:13,TRUE,41510
2163,Customer_205,Last_205,Customer_205@Email.Com,Arar,Standard,1/19/2022 22:13,TRUE,20193
2164,Customer_3682,Last_3682,Customer_3682@Email.Com,Dhahran,Basic,1/22/2022 1:37,TRUE,36329
2165,Customer_4016,Last_4016,Customer_4016@Email.Com,Al-Kharj,New,1/22/2022 1:37,FALSE,19301
2166,Customer_3598,Last_3598,Customer_3598@Email.Com,Al-Ahsa,Basic,1/22/2022 1:37,TRUE,13489
2167,Customer_3169,Last_3169,Customer_3169@Email.Com,Al-Kharj,Standard,1/22/2022 14:28,TRUE,7452
2168,Customer_3100,Last_3100,Customer_3100@Email.Com,Medina,Basic,1/22/2022 14:28,TRUE,12869
2169,Customer_4225,Last_4225,Customer_4225@Email.Com,Qatif,Premium,1/23/2022 3:19,TRUE,4612
2170,Customer_1807,Last_1807,Customer_1807@Email.Com,Khobar,Standard,1/23/2022 3:19,TRUE,19862
2171,Customer_361,Last_361,Customer_361@Email.Com,Al-Ahsa,Premium,1/23/2022 16:11,TRUE,39754
2172,Customer_4263,Last_4263,Customer_4263@Email.Com,Najran,Vip,1/23/2022 16:11,TRUE,33563
2173,Customer_2041,Last_2041,Customer_2041@Email.Com,Khamis Mushait,Standard,1/23/2022 16:11,TRUE,34484
2174,Customer_1625,Last_1625,Customer_1625@Email.Com,Dammam,Vip,1/24/2022 17:53,TRUE,32390
2175,Customer_4984,Last_4984,Customer_4984@Email.Com,Hail,Standard,1/24/2022 17:53,TRUE,49304
2176,Customer_2647,Last_2647,Customer_2647@Email.Com,Dammam,New,1/25/2022 19:35,TRUE,20242
2177,Customer_2085,Last_2085,Customer_2085@Email.Com,Khamis Mushait,Standard,1/25/2022 19:35,TRUE,529
2178,Customer_1357,Last_1357,Customer_1357@Email.Com,Dammam,Basic,1/26/2022 8:26,TRUE,11043
2179,Customer_3563,Last_3563,Customer_3563@Email.Com,Najran,Standard,1/26/2022 21:17,TRUE,17522
2180,Customer_4527,Last_4527,Customer_4527@Email.Com,Abha,Standard,1/27/2022 10:08,TRUE,34747
2181,Customer_784,Last_784,Customer_784@Email.Com,Yanbu,Vip,1/27/2022 23:00,TRUE,16318
2182,Customer_945,Last_945,Customer_945@Email.Com,Buraidah,Basic,1/28/2022 11:51,TRUE,41941
2183,Customer_3049,Last_3049,Customer_3049@Email.Com,Al-Kharj,Basic,1/29/2022 0:42,FALSE,24396
2184,Customer_3483,Last_3483,Customer_3483@Email.Com,Medina,Standard,1/29/2022 0:42,TRUE,34373
2185,Customer_1318,Last_1318,Customer_1318@Email.Com,Tabuk,Basic,1/29/2022 13:33,TRUE,18847
2186,Customer_4514,Last_4514,Customer_4514@Email.Com,Buraidah,New,1/30/2022 2:24,TRUE,13493
2187,Customer_2268,Last_2268,Customer_2268@Email.Com,Hail,Basic,1/30/2022 15:15,TRUE,22791
2188,Customer_2921,Last_2921,Customer_2921@Email.Com,Dhahran,Vip,1/31/2022 4:06,TRUE,44790
2189,Customer_1291,Last_1291,Customer_1291@Email.Com,Yanbu,Basic,1/31/2022 4:06,TRUE,11423
2190,Customer_2193,Last_2193,Customer_2193@Email.Com,Abha,Vip,2/1/2022 5:49,FALSE,37063
2191,Customer_1964,Last_1964,Customer_1964@Email.Com,Hail,New,2/3/2022 9:13,TRUE,8072
2192,Customer_3391,Last_3391,Customer_3391@Email.Com,Tabuk,Standard,2/6/2022 1:29,TRUE,483
2193,Customer_3592,Last_3592,Customer_3592@Email.Com,Dammam,Standard,2/6/2022 1:29,TRUE,3745
2194,Customer_67,Last_67,Customer_67@Email.Com,Tabuk,Standard,2/6/2022 14:20,TRUE,34563
2195,Customer_1832,Last_1832,Customer_1832@Email.Com,Dammam,Basic,2/8/2022 4:53,TRUE,42161
2196,Customer_4470,Last_4470,Customer_4470@Email.Com,Khamis Mushait,Basic,2/8/2022 4:53,TRUE,12904
2197,Customer_3859,Last_3859,Customer_3859@Email.Com,Dammam,Basic,2/8/2022 4:53,TRUE,3532
2198,Customer_3905,Last_3905,Customer_3905@Email.Com,Taif,Basic,2/9/2022 19:27,TRUE,1391
2199,Customer_3131,Last_3131,Customer_3131@Email.Com,Yanbu,Vip,2/9/2022 19:27,TRUE,42689
2200,Customer_4382,Last_4382,Customer_4382@Email.Com,Al-Kharj,Standard,2/10/2022 8:18,TRUE,48302
2201,Customer_1094,Last_1094,Customer_1094@Email.Com,Arar,Standard,2/10/2022 8:18,TRUE,31001
2202,Customer_703,Last_703,Customer_703@Email.Com,Dammam,Premium,2/10/2022 21:09,TRUE,45588
2203,Customer_4314,Last_4314,Customer_4314@Email.Com,Arar,Standard,2/11/2022 10:00,TRUE,22847
2204,Customer_1013,Last_1013,Customer_1013@Email.Com,Buraidah,New,2/11/2022 10:00,TRUE,20362
2205,Customer_2840,Last_2840,Customer_2840@Email.Com,Abha,Standard,2/11/2022 22:51,TRUE,29495
2206,Customer_1882,Last_1882,Customer_1882@Email.Com,Qatif,Basic,2/11/2022 22:51,TRUE,202
2207,Customer_4150,Last_4150,Customer_4150@Email.Com,Mecca,New,2/11/2022 22:51,TRUE,7534
2208,Customer_1812,Last_1812,Customer_1812@Email.Com,Yanbu,Basic,2/12/2022 11:42,TRUE,8323
2209,Customer_2230,Last_2230,Customer_2230@Email.Com,Arar,New,2/12/2022 11:42,TRUE,6177
2210,Customer_4937,Last_4937,Customer_4937@Email.Com,Abha,Standard,2/12/2022 11:42,TRUE,15902
2211,Customer_399,Last_399,Customer_399@Email.Com,Mecca,Standard,2/13/2022 13:25,TRUE,7444
2212,Customer_3173,Last_3173,Customer_3173@Email.Com,Tabuk,Basic,2/15/2022 3:58,FALSE,10564
2213,Customer_3038,Last_3038,Customer_3038@Email.Com,Medina,Vip,2/15/2022 16:49,TRUE,23681
2214,Customer_4798,Last_4798,Customer_4798@Email.Com,Dhahran,Standard,2/16/2022 18:31,TRUE,44895
2215,Customer_3455,Last_3455,Customer_3455@Email.Com,Khobar,Basic,2/16/2022 18:31,TRUE,14787
2216,Customer_4043,Last_4043,Customer_4043@Email.Com,Jubail,Basic,2/17/2022 7:23,TRUE,25204
2217,Customer_3345,Last_3345,Customer_3345@Email.Com,Riyadh,Premium,2/18/2022 9:05,FALSE,2209
2218,Customer_2767,Last_2767,Customer_2767@Email.Com,Dhahran,Vip,2/18/2022 21:56,FALSE,36624
2219,Customer_1646,Last_1646,Customer_1646@Email.Com,Jeddah,Standard,2/18/2022 21:56,TRUE,48544
2220,Customer_3649,Last_3649,Customer_3649@Email.Com,Yanbu,Premium,2/19/2022 10:47,TRUE,36259
2221,Customer_2086,Last_2086,Customer_2086@Email.Com,Hail,New,2/21/2022 1:20,TRUE,40779
2222,Customer_2900,Last_2900,Customer_2900@Email.Com,Al-Ahsa,Standard,2/21/2022 1:20,FALSE,49504
2223,Customer_3594,Last_3594,Customer_3594@Email.Com,Al-Kharj,Basic,2/21/2022 14:12,TRUE,44837
2224,Customer_1671,Last_1671,Customer_1671@Email.Com,Medina,Standard,2/21/2022 14:12,TRUE,22007
2225,Customer_3952,Last_3952,Customer_3952@Email.Com,Dammam,Standard,2/22/2022 3:03,FALSE,29825
2226,Customer_3921,Last_3921,Customer_3921@Email.Com,Khamis Mushait,Standard,2/22/2022 3:03,TRUE,49640
2227,Customer_3696,Last_3696,Customer_3696@Email.Com,Buraidah,Basic,2/23/2022 4:45,FALSE,36559
2228,Customer_1178,Last_1178,Customer_1178@Email.Com,Dhahran,Vip,2/27/2022 11:34,FALSE,8250
2229,Customer_4575,Last_4575,Customer_4575@Email.Com,Al-Kharj,Basic,2/27/2022 11:34,FALSE,41999
2230,Customer_1183,Last_1183,Customer_1183@Email.Com,Jeddah,Premium,2/28/2022 0:25,TRUE,27982
2231,Customer_4689,Last_4689,Customer_4689@Email.Com,Dammam,Basic,2/28/2022 0:25,TRUE,35192
2232,Customer_2844,Last_2844,Customer_2844@Email.Com,Najran,Vip,2/28/2022 13:16,TRUE,11093
2233,Customer_4035,Last_4035,Customer_4035@Email.Com,Al-Kharj,Basic,2/28/2022 13:16,FALSE,9109
2234,Customer_4347,Last_4347,Customer_4347@Email.Com,Taif,Basic,3/1/2022 2:07,TRUE,16056
2235,Customer_4365,Last_4365,Customer_4365@Email.Com,Jubail,Basic,3/1/2022 2:07,TRUE,23224
2236,Customer_2966,Last_2966,Customer_2966@Email.Com,Arar,Basic,3/2/2022 16:41,TRUE,8722
2237,Customer_4975,Last_4975,Customer_4975@Email.Com,Jubail,Vip,3/3/2022 18:23,FALSE,31172
2238,Customer_3637,Last_3637,Customer_3637@Email.Com,Jeddah,Premium,3/4/2022 7:14,TRUE,1466
2239,Customer_1255,Last_1255,Customer_1255@Email.Com,Tabuk,Standard,3/4/2022 7:14,TRUE,29730
2240,Customer_2131,Last_2131,Customer_2131@Email.Com,Najran,Premium,3/4/2022 20:05,TRUE,10856
2241,Customer_3651,Last_3651,Customer_3651@Email.Com,Khobar,Vip,3/4/2022 20:05,TRUE,33941
2242,Customer_3129,Last_3129,Customer_3129@Email.Com,Al-Kharj,Basic,3/5/2022 8:56,TRUE,6982
2243,Customer_4639,Last_4639,Customer_4639@Email.Com,Medina,Basic,3/6/2022 10:39,TRUE,2
2244,Customer_1654,Last_1654,Customer_1654@Email.Com,Al-Ahsa,Premium,3/8/2022 1:12,FALSE,25158
2245,Customer_21,Last_21,Customer_21@Email.Com,Hail,Standard,3/8/2022 14:03,TRUE,38236
2246,Customer_4859,Last_4859,Customer_4859@Email.Com,Qatif,Standard,3/9/2022 2:54,TRUE,2425
2247,Customer_4812,Last_4812,Customer_4812@Email.Com,Hail,Basic,3/10/2022 17:28,FALSE,16401
2248,Customer_2517,Last_2517,Customer_2517@Email.Com,Khobar,Basic,3/10/2022 17:28,TRUE,32600
2249,Customer_4717,Last_4717,Customer_4717@Email.Com,Al-Ahsa,New,3/12/2022 8:01,TRUE,7421
2250,Customer_238,Last_238,Customer_238@Email.Com,Buraidah,Vip,3/12/2022 20:52,TRUE,44651
2251,Customer_848,Last_848,Customer_848@Email.Com,Medina,Basic,3/13/2022 22:35,TRUE,2500
2252,Customer_1355,Last_1355,Customer_1355@Email.Com,Dammam,Basic,3/14/2022 11:26,TRUE,16763
2253,Customer_1821,Last_1821,Customer_1821@Email.Com,Jubail,Basic,3/15/2022 0:17,TRUE,25837
2254,Customer_4593,Last_4593,Customer_4593@Email.Com,Al-Kharj,Basic,3/15/2022 0:17,TRUE,22234
2255,Customer_4745,Last_4745,Customer_4745@Email.Com,Mecca,Basic,3/15/2022 13:08,TRUE,12718
2256,Customer_4899,Last_4899,Customer_4899@Email.Com,Al-Kharj,Standard,3/16/2022 1:59,FALSE,34029
2257,Customer_3612,Last_3612,Customer_3612@Email.Com,Taif,New,3/16/2022 1:59,TRUE,42503
2258,Customer_1382,Last_1382,Customer_1382@Email.Com,Yanbu,Standard,3/16/2022 14:50,TRUE,22129
2259,Customer_995,Last_995,Customer_995@Email.Com,Abha,Vip,3/17/2022 16:32,TRUE,5164
2260,Customer_2214,Last_2214,Customer_2214@Email.Com,Medina,Standard,3/17/2022 16:32,TRUE,48554
2261,Customer_4760,Last_4760,Customer_4760@Email.Com,Jeddah,Basic,3/18/2022 18:15,TRUE,25551
2262,Customer_3311,Last_3311,Customer_3311@Email.Com,Hail,Basic,3/19/2022 19:57,TRUE,16867
2263,Customer_3163,Last_3163,Customer_3163@Email.Com,Hail,Basic,3/19/2022 19:57,TRUE,15365
2264,Customer_4794,Last_4794,Customer_4794@Email.Com,Dammam,Basic,3/20/2022 8:48,TRUE,31955
2265,Customer_2383,Last_2383,Customer_2383@Email.Com,Khamis Mushait,Basic,3/20/2022 21:39,FALSE,36208
2266,Customer_1218,Last_1218,Customer_1218@Email.Com,Khobar,Standard,3/20/2022 21:39,TRUE,22948
2267,Customer_1716,Last_1716,Customer_1716@Email.Com,Medina,Standard,3/20/2022 21:39,TRUE,8992
2268,Customer_4855,Last_4855,Customer_4855@Email.Com,Dhahran,Standard,3/20/2022 21:39,TRUE,23848
2269,Customer_966,Last_966,Customer_966@Email.Com,Jubail,Vip,3/21/2022 23:21,TRUE,17855
2270,Customer_3066,Last_3066,Customer_3066@Email.Com,Arar,Standard,3/22/2022 12:13,TRUE,35386
2271,Customer_4,Last_4,Customer_4@Email.Com,Buraidah,Standard,3/23/2022 1:04,TRUE,19309
2272,Customer_2367,Last_2367,Customer_2367@Email.Com,Hail,Standard,3/24/2022 2:46,TRUE,46935
2273,Customer_450,Last_450,Customer_450@Email.Com,Medina,Basic,3/24/2022 15:37,TRUE,36097
2274,Customer_2695,Last_2695,Customer_2695@Email.Com,Riyadh,New,3/24/2022 15:37,TRUE,9139
2275,Customer_1710,Last_1710,Customer_1710@Email.Com,Arar,Standard,3/25/2022 17:19,TRUE,15756
2276,Customer_2617,Last_2617,Customer_2617@Email.Com,Yanbu,New,3/25/2022 17:19,TRUE,1634
2277,Customer_2098,Last_2098,Customer_2098@Email.Com,Abha,Basic,3/26/2022 6:11,TRUE,5605
2278,Customer_593,Last_593,Customer_593@Email.Com,Najran,Standard,3/27/2022 7:53,TRUE,5723
2279,Customer_1395,Last_1395,Customer_1395@Email.Com,Riyadh,New,3/28/2022 9:35,TRUE,34608
2280,Customer_94,Last_94,Customer_94@Email.Com,Abha,Premium,3/28/2022 22:26,TRUE,48917
2281,Customer_3209,Last_3209,Customer_3209@Email.Com,Al-Kharj,Standard,3/28/2022 22:26,TRUE,36726
2282,Customer_671,Last_671,Customer_671@Email.Com,Arar,Standard,3/29/2022 11:17,TRUE,26038
2283,Customer_3734,Last_3734,Customer_3734@Email.Com,Jeddah,New,3/30/2022 0:08,TRUE,30956
2284,Customer_517,Last_517,Customer_517@Email.Com,Medina,Basic,3/30/2022 13:00,TRUE,40404
2285,Customer_3768,Last_3768,Customer_3768@Email.Com,Qatif,Standard,3/30/2022 13:00,TRUE,41510
2286,Customer_883,Last_883,Customer_883@Email.Com,Tabuk,Standard,3/31/2022 1:51,TRUE,20704
2287,Customer_1696,Last_1696,Customer_1696@Email.Com,Dammam,Vip,4/1/2022 3:33,TRUE,31002
2288,Customer_179,Last_179,Customer_179@Email.Com,Jeddah,Standard,4/1/2022 3:33,TRUE,46129
2289,Customer_3403,Last_3403,Customer_3403@Email.Com,Abha,Basic,4/1/2022 16:24,TRUE,41357
2290,Customer_4250,Last_4250,Customer_4250@Email.Com,Hail,Standard,4/2/2022 5:15,TRUE,6445
2291,Customer_325,Last_325,Customer_325@Email.Com,Riyadh,Standard,4/2/2022 18:06,FALSE,16531
2292,Customer_3178,Last_3178,Customer_3178@Email.Com,Dhahran,Vip,4/3/2022 6:57,TRUE,3710
2293,Customer_1415,Last_1415,Customer_1415@Email.Com,Jeddah,Basic,4/4/2022 21:31,TRUE,7242
2294,Customer_4707,Last_4707,Customer_4707@Email.Com,Khamis Mushait,Standard,4/5/2022 23:13,FALSE,49273
2295,Customer_3718,Last_3718,Customer_3718@Email.Com,Jubail,Standard,4/5/2022 23:13,TRUE,47680
2296,Customer_4669,Last_4669,Customer_4669@Email.Com,Hail,Standard,4/6/2022 12:04,TRUE,13409
2297,Customer_4017,Last_4017,Customer_4017@Email.Com,Yanbu,New,4/7/2022 13:47,TRUE,18181
2298,Customer_1411,Last_1411,Customer_1411@Email.Com,Buraidah,Basic,4/7/2022 13:47,TRUE,45835
2299,Customer_3228,Last_3228,Customer_3228@Email.Com,Mecca,Standard,4/8/2022 2:38,TRUE,7700
2300,Customer_4761,Last_4761,Customer_4761@Email.Com,Tabuk,Vip,4/8/2022 2:38,TRUE,43543
2301,Customer_378,Last_378,Customer_378@Email.Com,Dammam,Basic,4/8/2022 2:38,TRUE,6488
2302,Customer_1369,Last_1369,Customer_1369@Email.Com,Tabuk,Standard,4/8/2022 2:38,TRUE,22586
2303,Customer_1746,Last_1746,Customer_1746@Email.Com,Khamis Mushait,Basic,4/9/2022 17:11,TRUE,44759
2304,Customer_4510,Last_4510,Customer_4510@Email.Com,Buraidah,Standard,4/10/2022 18:53,TRUE,46917
2305,Customer_2340,Last_2340,Customer_2340@Email.Com,Yanbu,Standard,4/10/2022 18:53,TRUE,39441
2306,Customer_614,Last_614,Customer_614@Email.Com,Jeddah,Premium,4/10/2022 18:53,FALSE,4814
2307,Customer_3505,Last_3505,Customer_3505@Email.Com,Arar,Vip,4/11/2022 7:44,TRUE,18703
2308,Customer_3167,Last_3167,Customer_3167@Email.Com,Jeddah,New,4/11/2022 7:44,TRUE,43639
2309,Customer_1181,Last_1181,Customer_1181@Email.Com,Jeddah,New,4/12/2022 9:27,TRUE,21310
2310,Customer_2890,Last_2890,Customer_2890@Email.Com,Jeddah,Basic,4/14/2022 0:00,TRUE,8693
2311,Customer_4773,Last_4773,Customer_4773@Email.Com,Medina,Vip,4/14/2022 0:00,TRUE,45024
2312,Customer_2842,Last_2842,Customer_2842@Email.Com,Yanbu,Standard,4/14/2022 12:51,FALSE,9644
2313,Customer_3596,Last_3596,Customer_3596@Email.Com,Jubail,Standard,4/15/2022 1:42,TRUE,24544
2314,Customer_2121,Last_2121,Customer_2121@Email.Com,Hail,Basic,4/15/2022 1:42,TRUE,35377
2315,Customer_3659,Last_3659,Customer_3659@Email.Com,Al-Kharj,Premium,4/16/2022 16:16,TRUE,290
2316,Customer_1345,Last_1345,Customer_1345@Email.Com,Khobar,Basic,4/17/2022 5:07,TRUE,8629
2317,Customer_1947,Last_1947,Customer_1947@Email.Com,Najran,Standard,4/17/2022 17:58,FALSE,288
2318,Customer_4935,Last_4935,Customer_4935@Email.Com,Al-Kharj,Basic,4/17/2022 17:58,TRUE,23548
2319,Customer_4889,Last_4889,Customer_4889@Email.Com,Jubail,Basic,4/17/2022 17:58,TRUE,213
2320,Customer_1328,Last_1328,Customer_1328@Email.Com,Dammam,Vip,4/18/2022 19:40,TRUE,3606
2321,Customer_80,Last_80,Customer_80@Email.Com,Jubail,Standard,4/19/2022 8:31,FALSE,24721
2322,Customer_4396,Last_4396,Customer_4396@Email.Com,Khobar,Premium,4/19/2022 8:31,FALSE,48662
2323,Customer_2535,Last_2535,Customer_2535@Email.Com,Tabuk,Vip,4/22/2022 0:47,TRUE,20414
2324,Customer_4058,Last_4058,Customer_4058@Email.Com,Khamis Mushait,Basic,4/23/2022 2:29,TRUE,18516
2325,Customer_2874,Last_2874,Customer_2874@Email.Com,Mecca,Standard,4/23/2022 2:29,TRUE,1198
2326,Customer_4009,Last_4009,Customer_4009@Email.Com,Khamis Mushait,Standard,4/23/2022 2:29,TRUE,30545
2327,Customer_526,Last_526,Customer_526@Email.Com,Taif,Standard,4/23/2022 2:29,FALSE,25390
2328,Customer_2569,Last_2569,Customer_2569@Email.Com,Al-Ahsa,Basic,4/24/2022 4:12,TRUE,42621
2329,Customer_2162,Last_2162,Customer_2162@Email.Com,Taif,New,4/25/2022 18:45,TRUE,40586
2330,Customer_4723,Last_4723,Customer_4723@Email.Com,Dammam,Standard,4/26/2022 7:36,TRUE,48028
2331,Customer_2014,Last_2014,Customer_2014@Email.Com,Jubail,Standard,4/26/2022 20:27,TRUE,45411
2332,Customer_3380,Last_3380,Customer_3380@Email.Com,Al-Kharj,Basic,4/27/2022 9:18,FALSE,13127
2333,Customer_103,Last_103,Customer_103@Email.Com,Tabuk,Basic,4/27/2022 9:18,TRUE,35223
2334,Customer_4398,Last_4398,Customer_4398@Email.Com,Taif,Standard,4/29/2022 12:43,FALSE,24039
2335,Customer_1907,Last_1907,Customer_1907@Email.Com,Hail,Basic,4/29/2022 12:43,TRUE,5699
2336,Customer_3457,Last_3457,Customer_3457@Email.Com,Jubail,Premium,4/30/2022 1:34,TRUE,45953
2337,Customer_891,Last_891,Customer_891@Email.Com,Al-Kharj,Basic,4/30/2022 1:34,FALSE,9212
2338,Customer_3914,Last_3914,Customer_3914@Email.Com,Riyadh,Basic,5/1/2022 3:16,TRUE,17021
2339,Customer_4530,Last_4530,Customer_4530@Email.Com,Al-Ahsa,Standard,5/1/2022 3:16,TRUE,22049
2340,Customer_2265,Last_2265,Customer_2265@Email.Com,Qatif,Basic,5/2/2022 17:50,TRUE,30373
2341,Customer_4287,Last_4287,Customer_4287@Email.Com,Tabuk,New,5/2/2022 17:50,TRUE,46000
2342,Customer_2968,Last_2968,Customer_2968@Email.Com,Khobar,Standard,5/3/2022 6:41,TRUE,30089
2343,Customer_122,Last_122,Customer_122@Email.Com,Dhahran,Standard,5/3/2022 19:32,TRUE,11845
2344,Customer_4805,Last_4805,Customer_4805@Email.Com,Khobar,Standard,5/5/2022 10:05,TRUE,33436
2345,Customer_249,Last_249,Customer_249@Email.Com,Najran,Basic,5/5/2022 22:56,TRUE,27419
2346,Customer_2651,Last_2651,Customer_2651@Email.Com,Al-Ahsa,Basic,5/5/2022 22:56,TRUE,46335
2347,Customer_3655,Last_3655,Customer_3655@Email.Com,Dhahran,Vip,5/6/2022 11:48,TRUE,8823
2348,Customer_4428,Last_4428,Customer_4428@Email.Com,Tabuk,Standard,5/7/2022 0:39,TRUE,48837
2349,Customer_4989,Last_4989,Customer_4989@Email.Com,Tabuk,New,5/8/2022 2:21,FALSE,39719
2350,Customer_3140,Last_3140,Customer_3140@Email.Com,Tabuk,Basic,5/8/2022 15:12,TRUE,39828
2351,Customer_4079,Last_4079,Customer_4079@Email.Com,Dammam,Standard,5/8/2022 15:12,TRUE,5507
2352,Customer_3348,Last_3348,Customer_3348@Email.Com,Jubail,Basic,5/8/2022 15:12,TRUE,20250
2353,Customer_3280,Last_3280,Customer_3280@Email.Com,Jeddah,Basic,5/9/2022 4:03,TRUE,21716
2354,Customer_2072,Last_2072,Customer_2072@Email.Com,Qatif,Standard,5/9/2022 16:54,FALSE,40765
2355,Customer_3872,Last_3872,Customer_3872@Email.Com,Dammam,Standard,5/10/2022 5:45,FALSE,13767
2356,Customer_744,Last_744,Customer_744@Email.Com,Najran,New,5/10/2022 5:45,TRUE,16319
2357,Customer_1641,Last_1641,Customer_1641@Email.Com,Al-Ahsa,Basic,5/11/2022 20:19,TRUE,19513
2358,Customer_2557,Last_2557,Customer_2557@Email.Com,Jubail,Standard,5/11/2022 20:19,TRUE,22765
2359,Customer_1899,Last_1899,Customer_1899@Email.Com,Hail,New,5/11/2022 20:19,TRUE,23987
2360,Customer_1436,Last_1436,Customer_1436@Email.Com,Jeddah,Basic,5/12/2022 9:10,TRUE,48978
2361,Customer_1934,Last_1934,Customer_1934@Email.Com,Dammam,Premium,5/12/2022 9:10,TRUE,29870
2362,Customer_1015,Last_1015,Customer_1015@Email.Com,Dhahran,Basic,5/12/2022 9:10,TRUE,36
2363,Customer_4735,Last_4735,Customer_4735@Email.Com,Riyadh,Premium,5/12/2022 22:01,TRUE,16548
2364,Customer_4954,Last_4954,Customer_4954@Email.Com,Al-Ahsa,Standard,5/13/2022 23:43,TRUE,20558
2365,Customer_4148,Last_4148,Customer_4148@Email.Com,Najran,Standard,5/14/2022 12:35,TRUE,14928
2366,Customer_1921,Last_1921,Customer_1921@Email.Com,Al-Ahsa,Premium,5/14/2022 12:35,TRUE,37252
2367,Customer_4752,Last_4752,Customer_4752@Email.Com,Jeddah,Standard,5/15/2022 1:26,TRUE,1650
2368,Customer_2333,Last_2333,Customer_2333@Email.Com,Buraidah,Standard,5/15/2022 1:26,TRUE,30070
2369,Customer_4854,Last_4854,Customer_4854@Email.Com,Qatif,Standard,5/15/2022 1:26,TRUE,915
2370,Customer_4570,Last_4570,Customer_4570@Email.Com,Khamis Mushait,Standard,5/15/2022 14:17,TRUE,28612
2371,Customer_2378,Last_2378,Customer_2378@Email.Com,Medina,Vip,5/16/2022 3:08,TRUE,28560
2372,Customer_806,Last_806,Customer_806@Email.Com,Dhahran,New,5/17/2022 17:41,TRUE,44508
2373,Customer_1968,Last_1968,Customer_1968@Email.Com,Mecca,Standard,5/18/2022 6:32,TRUE,48833
2374,Customer_1733,Last_1733,Customer_1733@Email.Com,Khobar,Standard,5/18/2022 6:32,TRUE,39258
2375,Customer_3667,Last_3667,Customer_3667@Email.Com,Khamis Mushait,Basic,5/18/2022 19:24,TRUE,49626
2376,Customer_832,Last_832,Customer_832@Email.Com,Yanbu,Standard,5/18/2022 19:24,TRUE,2422
2377,Customer_2850,Last_2850,Customer_2850@Email.Com,Riyadh,Basic,5/19/2022 21:06,TRUE,17958
2378,Customer_223,Last_223,Customer_223@Email.Com,Riyadh,Standard,5/19/2022 21:06,TRUE,1473
2379,Customer_2233,Last_2233,Customer_2233@Email.Com,Taif,Standard,5/20/2022 9:57,TRUE,48146
2380,Customer_1844,Last_1844,Customer_1844@Email.Com,Khobar,Basic,5/21/2022 11:39,TRUE,21928
2381,Customer_278,Last_278,Customer_278@Email.Com,Al-Kharj,Basic,5/22/2022 0:30,TRUE,27786
2382,Customer_3683,Last_3683,Customer_3683@Email.Com,Tabuk,Standard,5/22/2022 0:30,FALSE,10607
2383,Customer_2403,Last_2403,Customer_2403@Email.Com,Buraidah,Basic,5/22/2022 13:21,TRUE,11631
2384,Customer_3705,Last_3705,Customer_3705@Email.Com,Taif,New,5/22/2022 13:21,TRUE,15605
2385,Customer_4042,Last_4042,Customer_4042@Email.Com,Al-Ahsa,Standard,5/24/2022 3:55,TRUE,41519
2386,Customer_1063,Last_1063,Customer_1063@Email.Com,Medina,Basic,5/25/2022 5:37,TRUE,13133
2387,Customer_3375,Last_3375,Customer_3375@Email.Com,Abha,Basic,5/25/2022 18:28,FALSE,4188
2388,Customer_1496,Last_1496,Customer_1496@Email.Com,Al-Kharj,Vip,5/26/2022 7:19,TRUE,13607
2389,Customer_241,Last_241,Customer_241@Email.Com,Mecca,Vip,5/27/2022 9:02,TRUE,24736
2390,Customer_801,Last_801,Customer_801@Email.Com,Arar,Standard,5/28/2022 10:44,TRUE,10068
2391,Customer_1278,Last_1278,Customer_1278@Email.Com,Arar,Vip,5/29/2022 12:26,TRUE,2583
2392,Customer_444,Last_444,Customer_444@Email.Com,Khamis Mushait,New,5/30/2022 14:08,TRUE,14698
2393,Customer_4185,Last_4185,Customer_4185@Email.Com,Khobar,Basic,6/1/2022 4:42,TRUE,40275
2394,Customer_2761,Last_2761,Customer_2761@Email.Com,Jubail,Vip,6/1/2022 17:33,TRUE,35236
2395,Customer_1003,Last_1003,Customer_1003@Email.Com,Jeddah,Basic,6/2/2022 6:24,TRUE,23124
2396,Customer_782,Last_782,Customer_782@Email.Com,Arar,Standard,6/2/2022 19:15,TRUE,17305
2397,Customer_1541,Last_1541,Customer_1541@Email.Com,Yanbu,Standard,6/3/2022 8:06,TRUE,33424
2398,Customer_3478,Last_3478,Customer_3478@Email.Com,Jubail,Standard,6/4/2022 9:49,TRUE,27696
2399,Customer_174,Last_174,Customer_174@Email.Com,Jeddah,Standard,6/4/2022 9:49,TRUE,19332
2400,Customer_464,Last_464,Customer_464@Email.Com,Dammam,Basic,6/4/2022 22:40,TRUE,11829
2401,Customer_855,Last_855,Customer_855@Email.Com,Dammam,Basic,6/5/2022 11:31,TRUE,35253
2402,Customer_2015,Last_2015,Customer_2015@Email.Com,Tabuk,Basic,6/5/2022 11:31,FALSE,34826
2403,Customer_2,Last_2,Customer_2@Email.Com,Arar,Basic,6/5/2022 11:31,TRUE,9319
2404,Customer_3062,Last_3062,Customer_3062@Email.Com,Al-Ahsa,Basic,6/6/2022 13:13,TRUE,47351
2405,Customer_4525,Last_4525,Customer_4525@Email.Com,Al-Ahsa,Basic,6/6/2022 13:13,TRUE,178
2406,Customer_4110,Last_4110,Customer_4110@Email.Com,Khobar,Vip,6/6/2022 13:13,TRUE,21168
2407,Customer_1836,Last_1836,Customer_1836@Email.Com,Hail,Standard,6/7/2022 2:04,TRUE,6221
2408,Customer_282,Last_282,Customer_282@Email.Com,Al-Ahsa,Basic,6/7/2022 14:55,TRUE,1267
2409,Customer_709,Last_709,Customer_709@Email.Com,Khamis Mushait,Basic,6/8/2022 3:46,TRUE,21644
2410,Customer_1316,Last_1316,Customer_1316@Email.Com,Arar,New,6/8/2022 3:46,TRUE,15762
2411,Customer_981,Last_981,Customer_981@Email.Com,Riyadh,Standard,6/8/2022 16:38,TRUE,49884
2412,Customer_1955,Last_1955,Customer_1955@Email.Com,Taif,Basic,6/8/2022 16:38,TRUE,32807
2413,Customer_1081,Last_1081,Customer_1081@Email.Com,Taif,Basic,6/9/2022 5:29,TRUE,7202
2414,Customer_2235,Last_2235,Customer_2235@Email.Com,Al-Ahsa,Basic,6/9/2022 5:29,TRUE,10154
2415,Customer_877,Last_877,Customer_877@Email.Com,Al-Ahsa,Standard,6/11/2022 8:53,TRUE,22844
2416,Customer_2629,Last_2629,Customer_2629@Email.Com,Abha,Standard,6/11/2022 8:53,TRUE,11828
2417,Customer_3326,Last_3326,Customer_3326@Email.Com,Jubail,Standard,6/11/2022 21:44,TRUE,27853
2418,Customer_304,Last_304,Customer_304@Email.Com,Najran,New,6/12/2022 10:36,TRUE,22043
2419,Customer_2521,Last_2521,Customer_2521@Email.Com,Riyadh,Basic,6/13/2022 12:18,TRUE,43315
2420,Customer_2325,Last_2325,Customer_2325@Email.Com,Medina,Standard,6/15/2022 2:51,TRUE,46939
2421,Customer_3339,Last_3339,Customer_3339@Email.Com,Al-Kharj,Standard,6/15/2022 2:51,TRUE,15395
2422,Customer_72,Last_72,Customer_72@Email.Com,Yanbu,Basic,6/15/2022 2:51,TRUE,41308
2423,Customer_2122,Last_2122,Customer_2122@Email.Com,Jeddah,Standard,6/15/2022 2:51,TRUE,47443
2424,Customer_1023,Last_1023,Customer_1023@Email.Com,Dhahran,New,6/16/2022 4:33,TRUE,15037
2425,Customer_3462,Last_3462,Customer_3462@Email.Com,Buraidah,Basic,6/16/2022 17:25,TRUE,6068
2426,Customer_2182,Last_2182,Customer_2182@Email.Com,Tabuk,Basic,6/17/2022 6:16,TRUE,5429
2427,Customer_4320,Last_4320,Customer_4320@Email.Com,Al-Ahsa,Basic,6/17/2022 19:07,TRUE,45580
2428,Customer_951,Last_951,Customer_951@Email.Com,Khobar,Vip,6/19/2022 9:40,TRUE,49094
2429,Customer_4155,Last_4155,Customer_4155@Email.Com,Al-Kharj,Basic,6/19/2022 22:31,TRUE,876
2430,Customer_4008,Last_4008,Customer_4008@Email.Com,Riyadh,Standard,6/19/2022 22:31,FALSE,37562
2431,Customer_3287,Last_3287,Customer_3287@Email.Com,Mecca,Basic,6/20/2022 11:22,TRUE,42807
2432,Customer_3367,Last_3367,Customer_3367@Email.Com,Abha,Basic,6/21/2022 0:14,TRUE,16653
2433,Customer_47,Last_47,Customer_47@Email.Com,Najran,Standard,6/22/2022 1:56,TRUE,30420
2434,Customer_275,Last_275,Customer_275@Email.Com,Tabuk,New,6/22/2022 14:47,TRUE,35673
2435,Customer_2860,Last_2860,Customer_2860@Email.Com,Riyadh,Standard,6/23/2022 16:29,TRUE,15290
2436,Customer_4137,Last_4137,Customer_4137@Email.Com,Jubail,Standard,6/24/2022 5:20,TRUE,14920
2437,Customer_993,Last_993,Customer_993@Email.Com,Hail,Basic,6/24/2022 5:20,TRUE,6538
2438,Customer_4447,Last_4447,Customer_4447@Email.Com,Arar,Basic,6/24/2022 5:20,FALSE,42519
2439,Customer_1158,Last_1158,Customer_1158@Email.Com,Al-Ahsa,Standard,6/25/2022 19:54,TRUE,1642
2440,Customer_2836,Last_2836,Customer_2836@Email.Com,Abha,Basic,6/26/2022 8:45,TRUE,31247
2441,Customer_2845,Last_2845,Customer_2845@Email.Com,Al-Ahsa,Basic,6/26/2022 8:45,FALSE,46509
2442,Customer_2226,Last_2226,Customer_2226@Email.Com,Tabuk,Standard,6/26/2022 21:36,TRUE,31607
2443,Customer_2937,Last_2937,Customer_2937@Email.Com,Tabuk,Standard,6/27/2022 23:18,TRUE,797
2444,Customer_3184,Last_3184,Customer_3184@Email.Com,Hail,Premium,6/27/2022 23:18,TRUE,23074
2445,Customer_2707,Last_2707,Customer_2707@Email.Com,Dhahran,Standard,6/29/2022 1:01,TRUE,15120
2446,Customer_2401,Last_2401,Customer_2401@Email.Com,Dhahran,Basic,6/29/2022 13:52,TRUE,39302
2447,Customer_2029,Last_2029,Customer_2029@Email.Com,Khamis Mushait,Standard,7/2/2022 6:07,TRUE,13761
2448,Customer_437,Last_437,Customer_437@Email.Com,Tabuk,Standard,7/3/2022 7:50,FALSE,34527
2449,Customer_2616,Last_2616,Customer_2616@Email.Com,Yanbu,Premium,7/3/2022 20:41,TRUE,44241
2450,Customer_690,Last_690,Customer_690@Email.Com,Buraidah,Standard,7/4/2022 9:32,TRUE,14247
2451,Customer_4591,Last_4591,Customer_4591@Email.Com,Qatif,Basic,7/4/2022 9:32,FALSE,14859
2452,Customer_3501,Last_3501,Customer_3501@Email.Com,Riyadh,Premium,7/6/2022 0:05,TRUE,18043
2453,Customer_871,Last_871,Customer_871@Email.Com,Abha,New,7/6/2022 12:56,TRUE,6880
2454,Customer_2292,Last_2292,Customer_2292@Email.Com,Najran,Basic,7/6/2022 12:56,TRUE,2063
2455,Customer_404,Last_404,Customer_404@Email.Com,Riyadh,Standard,7/7/2022 14:39,TRUE,500
2456,Customer_1124,Last_1124,Customer_1124@Email.Com,Buraidah,Premium,7/7/2022 14:39,TRUE,23434
2457,Customer_2416,Last_2416,Customer_2416@Email.Com,Buraidah,Basic,7/8/2022 3:30,TRUE,33469
2458,Customer_3055,Last_3055,Customer_3055@Email.Com,Arar,Standard,7/8/2022 3:30,TRUE,30683
2459,Customer_157,Last_157,Customer_157@Email.Com,Jubail,Basic,7/8/2022 3:30,TRUE,33268
2460,Customer_3019,Last_3019,Customer_3019@Email.Com,Jubail,Basic,7/8/2022 16:21,TRUE,27002
2461,Customer_1046,Last_1046,Customer_1046@Email.Com,Riyadh,Standard,7/9/2022 18:03,TRUE,45000
2462,Customer_4790,Last_4790,Customer_4790@Email.Com,Hail,Basic,7/10/2022 6:54,TRUE,41012
2463,Customer_1846,Last_1846,Customer_1846@Email.Com,Medina,Basic,7/11/2022 8:37,TRUE,372
2464,Customer_1730,Last_1730,Customer_1730@Email.Com,Arar,New,7/11/2022 8:37,TRUE,8048
2465,Customer_385,Last_385,Customer_385@Email.Com,Al-Kharj,Standard,7/12/2022 10:19,TRUE,17430
2466,Customer_4454,Last_4454,Customer_4454@Email.Com,Al-Kharj,New,7/12/2022 23:10,TRUE,4930
2467,Customer_2238,Last_2238,Customer_2238@Email.Com,Medina,Basic,7/12/2022 23:10,TRUE,34161
2468,Customer_25,Last_25,Customer_25@Email.Com,Al-Ahsa,Standard,7/12/2022 23:10,TRUE,1250
2469,Customer_3275,Last_3275,Customer_3275@Email.Com,Yanbu,Basic,7/14/2022 13:43,TRUE,20353
2470,Customer_4616,Last_4616,Customer_4616@Email.Com,Najran,Standard,7/16/2022 4:17,TRUE,31116
2471,Customer_3838,Last_3838,Customer_3838@Email.Com,Buraidah,Standard,7/16/2022 4:17,TRUE,41159
2472,Customer_2281,Last_2281,Customer_2281@Email.Com,Najran,Vip,7/16/2022 4:17,TRUE,41767
2473,Customer_1607,Last_1607,Customer_1607@Email.Com,Jubail,Standard,7/17/2022 5:59,FALSE,10736
2474,Customer_4875,Last_4875,Customer_4875@Email.Com,Al-Kharj,Standard,7/17/2022 5:59,TRUE,10696
2475,Customer_2679,Last_2679,Customer_2679@Email.Com,Khobar,Standard,7/17/2022 5:59,FALSE,5585
2476,Customer_3804,Last_3804,Customer_3804@Email.Com,Mecca,Standard,7/17/2022 5:59,TRUE,31354
2477,Customer_436,Last_436,Customer_436@Email.Com,Dhahran,Vip,7/17/2022 5:59,TRUE,45258
2478,Customer_4403,Last_4403,Customer_4403@Email.Com,Taif,Premium,7/17/2022 18:50,TRUE,1475
2479,Customer_85,Last_85,Customer_85@Email.Com,Tabuk,Vip,7/18/2022 7:41,TRUE,27677
2480,Customer_1998,Last_1998,Customer_1998@Email.Com,Dhahran,Standard,7/18/2022 7:41,TRUE,33873
2481,Customer_4328,Last_4328,Customer_4328@Email.Com,Arar,Vip,7/18/2022 20:32,TRUE,13837
2482,Customer_220,Last_220,Customer_220@Email.Com,Arar,Vip,7/19/2022 9:24,TRUE,13350
2483,Customer_3321,Last_3321,Customer_3321@Email.Com,Dammam,Standard,7/19/2022 9:24,TRUE,3475
2484,Customer_2073,Last_2073,Customer_2073@Email.Com,Taif,Basic,7/20/2022 11:06,TRUE,24870
2485,Customer_2684,Last_2684,Customer_2684@Email.Com,Najran,Basic,7/20/2022 23:57,TRUE,47161
2486,Customer_639,Last_639,Customer_639@Email.Com,Riyadh,Standard,7/21/2022 12:48,TRUE,45806
2487,Customer_453,Last_453,Customer_453@Email.Com,Dhahran,Basic,7/22/2022 1:39,TRUE,14372
2488,Customer_3080,Last_3080,Customer_3080@Email.Com,Al-Ahsa,New,7/23/2022 3:21,TRUE,34815
2489,Customer_676,Last_676,Customer_676@Email.Com,Al-Ahsa,New,7/23/2022 3:21,FALSE,19564
2490,Customer_3156,Last_3156,Customer_3156@Email.Com,Al-Ahsa,Standard,7/23/2022 16:13,TRUE,23371
2491,Customer_1841,Last_1841,Customer_1841@Email.Com,Tabuk,Basic,7/23/2022 16:13,TRUE,8255
2492,Customer_445,Last_445,Customer_445@Email.Com,Yanbu,Standard,7/24/2022 17:55,TRUE,12332
2493,Customer_231,Last_231,Customer_231@Email.Com,Al-Ahsa,New,7/25/2022 6:46,TRUE,1946
2494,Customer_1780,Last_1780,Customer_1780@Email.Com,Najran,New,7/26/2022 8:28,TRUE,32894
2495,Customer_3826,Last_3826,Customer_3826@Email.Com,Dhahran,New,7/26/2022 8:28,TRUE,6238
2496,Customer_1097,Last_1097,Customer_1097@Email.Com,Jeddah,Standard,7/26/2022 21:19,TRUE,4286
2497,Customer_1440,Last_1440,Customer_1440@Email.Com,Arar,Basic,7/26/2022 21:19,TRUE,3569
2498,Customer_3254,Last_3254,Customer_3254@Email.Com,Arar,Basic,7/27/2022 23:02,TRUE,9096
2499,Customer_3496,Last_3496,Customer_3496@Email.Com,Hail,Premium,7/28/2022 11:53,TRUE,36074
2500,Customer_3087,Last_3087,Customer_3087@Email.Com,Qatif,Basic,7/29/2022 0:44,TRUE,683
2501,Customer_2526,Last_2526,Customer_2526@Email.Com,Jeddah,Basic,7/29/2022 13:35,TRUE,605
2502,Customer_4331,Last_4331,Customer_4331@Email.Com,Hail,Basic,7/30/2022 2:26,TRUE,9787
2503,Customer_2885,Last_2885,Customer_2885@Email.Com,Jubail,Basic,7/30/2022 15:17,TRUE,17674
2504,Customer_4636,Last_4636,Customer_4636@Email.Com,Dhahran,Basic,7/31/2022 4:08,FALSE,44029
2505,Customer_2804,Last_2804,Customer_2804@Email.Com,Khobar,Standard,7/31/2022 4:08,TRUE,14184
2506,Customer_3660,Last_3660,Customer_3660@Email.Com,Yanbu,New,7/31/2022 17:00,TRUE,42417
2507,Customer_3570,Last_3570,Customer_3570@Email.Com,Dammam,Standard,8/2/2022 7:33,TRUE,45102
2508,Customer_4104,Last_4104,Customer_4104@Email.Com,Dammam,Basic,8/2/2022 20:24,TRUE,26366
2509,Customer_842,Last_842,Customer_842@Email.Com,Jeddah,Vip,8/2/2022 20:24,TRUE,43739
2510,Customer_3987,Last_3987,Customer_3987@Email.Com,Jeddah,Basic,8/2/2022 20:24,TRUE,19954
2511,Customer_4356,Last_4356,Customer_4356@Email.Com,Jeddah,Standard,8/2/2022 20:24,TRUE,49556
2512,Customer_2486,Last_2486,Customer_2486@Email.Com,Arar,Vip,8/3/2022 9:15,TRUE,19088
2513,Customer_106,Last_106,Customer_106@Email.Com,Dammam,Standard,8/4/2022 10:57,TRUE,47324
2514,Customer_3352,Last_3352,Customer_3352@Email.Com,Mecca,Standard,8/4/2022 10:57,FALSE,12201
2515,Customer_2438,Last_2438,Customer_2438@Email.Com,Medina,New,8/5/2022 12:40,TRUE,35228
2516,Customer_4306,Last_4306,Customer_4306@Email.Com,Arar,Standard,8/6/2022 1:31,TRUE,18134
2517,Customer_4194,Last_4194,Customer_4194@Email.Com,Al-Kharj,Standard,8/6/2022 1:31,TRUE,23651
2518,Customer_207,Last_207,Customer_207@Email.Com,Riyadh,Standard,8/6/2022 1:31,TRUE,2131
2519,Customer_4484,Last_4484,Customer_4484@Email.Com,Al-Kharj,Basic,8/6/2022 1:31,TRUE,39907
2520,Customer_1166,Last_1166,Customer_1166@Email.Com,Dammam,Standard,8/6/2022 14:22,TRUE,10844
2521,Customer_1540,Last_1540,Customer_1540@Email.Com,Buraidah,Standard,8/7/2022 16:04,FALSE,29572
2522,Customer_1232,Last_1232,Customer_1232@Email.Com,Al-Kharj,Basic,8/8/2022 4:55,TRUE,14638
2523,Customer_73,Last_73,Customer_73@Email.Com,Abha,Standard,8/9/2022 19:29,TRUE,16328
2524,Customer_251,Last_251,Customer_251@Email.Com,Jeddah,New,8/10/2022 8:20,TRUE,12812
2525,Customer_728,Last_728,Customer_728@Email.Com,Riyadh,Premium,8/10/2022 21:11,TRUE,7965
2526,Customer_3672,Last_3672,Customer_3672@Email.Com,Dammam,Basic,8/13/2022 0:36,TRUE,1760
2527,Customer_3620,Last_3620,Customer_3620@Email.Com,Abha,Basic,8/13/2022 13:27,TRUE,41990
2528,Customer_1123,Last_1123,Customer_1123@Email.Com,Abha,Basic,8/13/2022 13:27,TRUE,38662
2529,Customer_1777,Last_1777,Customer_1777@Email.Com,Dhahran,Standard,8/14/2022 15:09,TRUE,39276
2530,Customer_658,Last_658,Customer_658@Email.Com,Jeddah,Premium,8/15/2022 4:00,FALSE,28602
2531,Customer_1663,Last_1663,Customer_1663@Email.Com,Tabuk,Basic,8/15/2022 16:51,TRUE,43375
2532,Customer_2270,Last_2270,Customer_2270@Email.Com,Dhahran,New,8/16/2022 5:42,TRUE,17341
2533,Customer_3332,Last_3332,Customer_3332@Email.Com,Arar,Standard,8/16/2022 5:42,TRUE,26228
2534,Customer_717,Last_717,Customer_717@Email.Com,Jeddah,Standard,8/17/2022 7:25,TRUE,17977
2535,Customer_2084,Last_2084,Customer_2084@Email.Com,Arar,Basic,8/17/2022 7:25,TRUE,33673
2536,Customer_4580,Last_4580,Customer_4580@Email.Com,Jeddah,Basic,8/17/2022 20:16,TRUE,15491
2537,Customer_3490,Last_3490,Customer_3490@Email.Com,Qatif,Basic,8/17/2022 20:16,FALSE,46189
2538,Customer_316,Last_316,Customer_316@Email.Com,Taif,Premium,8/17/2022 20:16,TRUE,29698
2539,Customer_1418,Last_1418,Customer_1418@Email.Com,Jubail,New,8/18/2022 9:07,TRUE,2700
2540,Customer_1806,Last_1806,Customer_1806@Email.Com,Mecca,Basic,8/18/2022 21:58,TRUE,25308
2541,Customer_1893,Last_1893,Customer_1893@Email.Com,Hail,Vip,8/19/2022 23:40,TRUE,33803
2542,Customer_4047,Last_4047,Customer_4047@Email.Com,Najran,Standard,8/19/2022 23:40,TRUE,44511
2543,Customer_1713,Last_1713,Customer_1713@Email.Com,Al-Kharj,Standard,8/20/2022 12:31,TRUE,2634
2544,Customer_2880,Last_2880,Customer_2880@Email.Com,Al-Kharj,Premium,8/21/2022 14:14,TRUE,38639
2545,Customer_4144,Last_4144,Customer_4144@Email.Com,Khobar,Standard,8/22/2022 3:05,TRUE,17949
2546,Customer_2242,Last_2242,Customer_2242@Email.Com,Al-Kharj,Vip,8/24/2022 6:29,FALSE,6639
2547,Customer_1225,Last_1225,Customer_1225@Email.Com,Al-Kharj,Standard,8/24/2022 6:29,TRUE,34828
2548,Customer_4064,Last_4064,Customer_4064@Email.Com,Jubail,Vip,8/24/2022 19:20,TRUE,29105
2549,Customer_4341,Last_4341,Customer_4341@Email.Com,Jubail,Standard,8/25/2022 8:12,TRUE,14959
2550,Customer_339,Last_339,Customer_339@Email.Com,Khobar,Basic,8/25/2022 21:03,TRUE,38173
2551,Customer_1851,Last_1851,Customer_1851@Email.Com,Jubail,Standard,8/26/2022 9:54,TRUE,9607
2552,Customer_319,Last_319,Customer_319@Email.Com,Khamis Mushait,Basic,8/26/2022 9:54,FALSE,21426
2553,Customer_1417,Last_1417,Customer_1417@Email.Com,Yanbu,Standard,8/26/2022 22:45,TRUE,20001
2554,Customer_1078,Last_1078,Customer_1078@Email.Com,Najran,Standard,8/27/2022 11:36,TRUE,21086
2555,Customer_2215,Last_2215,Customer_2215@Email.Com,Tabuk,Vip,8/28/2022 0:27,FALSE,43034
2556,Customer_2574,Last_2574,Customer_2574@Email.Com,Abha,New,8/28/2022 0:27,TRUE,28270
2557,Customer_4808,Last_4808,Customer_4808@Email.Com,Arar,Standard,8/28/2022 13:18,TRUE,160
2558,Customer_5000,Last_5000,Customer_5000@Email.Com,Dhahran,Basic,8/29/2022 2:09,TRUE,35921
2559,Customer_2433,Last_2433,Customer_2433@Email.Com,Al-Ahsa,New,8/31/2022 5:34,TRUE,26649
2560,Customer_3975,Last_3975,Customer_3975@Email.Com,Jubail,New,8/31/2022 5:34,TRUE,17000
2561,Customer_4004,Last_4004,Customer_4004@Email.Com,Hail,Basic,8/31/2022 18:25,TRUE,3962
2562,Customer_4086,Last_4086,Customer_4086@Email.Com,Buraidah,New,9/1/2022 20:07,FALSE,28620
2563,Customer_3526,Last_3526,Customer_3526@Email.Com,Buraidah,Standard,9/2/2022 21:50,TRUE,34524
2564,Customer_1895,Last_1895,Customer_1895@Email.Com,Yanbu,Vip,9/6/2022 2:56,TRUE,18001
2565,Customer_1281,Last_1281,Customer_1281@Email.Com,Qatif,Basic,9/6/2022 15:48,TRUE,3055
2566,Customer_1028,Last_1028,Customer_1028@Email.Com,Al-Ahsa,Basic,9/6/2022 15:48,TRUE,39215
2567,Customer_1636,Last_1636,Customer_1636@Email.Com,Mecca,Vip,9/7/2022 17:30,FALSE,40023
2568,Customer_2796,Last_2796,Customer_2796@Email.Com,Abha,Vip,9/8/2022 19:12,TRUE,2400
2569,Customer_2091,Last_2091,Customer_2091@Email.Com,Riyadh,Standard,9/9/2022 20:54,TRUE,17027
2570,Customer_403,Last_403,Customer_403@Email.Com,Al-Ahsa,Standard,9/9/2022 20:54,TRUE,14610
2571,Customer_1676,Last_1676,Customer_1676@Email.Com,Al-Kharj,Basic,9/11/2022 11:28,TRUE,48100
2572,Customer_1817,Last_1817,Customer_1817@Email.Com,Riyadh,Basic,9/12/2022 0:19,FALSE,25247
2573,Customer_575,Last_575,Customer_575@Email.Com,Qatif,New,9/12/2022 0:19,TRUE,11151
2574,Customer_4830,Last_4830,Customer_4830@Email.Com,Qatif,New,9/12/2022 0:19,TRUE,15622
2575,Customer_977,Last_977,Customer_977@Email.Com,Najran,Standard,9/12/2022 0:19,TRUE,33859
2576,Customer_4589,Last_4589,Customer_4589@Email.Com,Medina,Premium,9/12/2022 13:10,TRUE,48650
2577,Customer_4604,Last_4604,Customer_4604@Email.Com,Qatif,Basic,9/13/2022 2:01,TRUE,48397
2578,Customer_2310,Last_2310,Customer_2310@Email.Com,Medina,Standard,9/14/2022 3:43,TRUE,9156
2579,Customer_1574,Last_1574,Customer_1574@Email.Com,Al-Kharj,Basic,9/14/2022 3:43,TRUE,14301
2580,Customer_1536,Last_1536,Customer_1536@Email.Com,Khamis Mushait,Basic,9/14/2022 3:43,TRUE,37575
2581,Customer_3368,Last_3368,Customer_3368@Email.Com,Jeddah,Premium,9/14/2022 16:34,TRUE,39387
2582,Customer_212,Last_212,Customer_212@Email.Com,Riyadh,Basic,9/14/2022 16:34,TRUE,23031
2583,Customer_847,Last_847,Customer_847@Email.Com,Riyadh,Vip,9/15/2022 5:26,TRUE,4509
2584,Customer_1717,Last_1717,Customer_1717@Email.Com,Dhahran,Standard,9/15/2022 18:17,TRUE,34253
2585,Customer_2637,Last_2637,Customer_2637@Email.Com,Jeddah,Premium,9/16/2022 19:59,TRUE,2353
2586,Customer_888,Last_888,Customer_888@Email.Com,Al-Ahsa,Standard,9/16/2022 19:59,TRUE,24643
2587,Customer_4947,Last_4947,Customer_4947@Email.Com,Jeddah,Standard,9/16/2022 19:59,FALSE,11737
2588,Customer_1822,Last_1822,Customer_1822@Email.Com,Taif,Standard,9/17/2022 8:50,TRUE,8484
2589,Customer_246,Last_246,Customer_246@Email.Com,Qatif,Basic,9/17/2022 8:50,TRUE,5804
2590,Customer_3083,Last_3083,Customer_3083@Email.Com,Mecca,Basic,9/17/2022 8:50,TRUE,36820
2591,Customer_3320,Last_3320,Customer_3320@Email.Com,Hail,Basic,9/17/2022 8:50,TRUE,33546
2592,Customer_1292,Last_1292,Customer_1292@Email.Com,Najran,Vip,9/20/2022 1:06,TRUE,24315
2593,Customer_182,Last_182,Customer_182@Email.Com,Mecca,Basic,9/20/2022 13:57,FALSE,7988
2594,Customer_120,Last_120,Customer_120@Email.Com,Al-Ahsa,Basic,9/21/2022 2:48,TRUE,23060
2595,Customer_3190,Last_3190,Customer_3190@Email.Com,Khamis Mushait,Premium,9/21/2022 2:48,TRUE,16560
2596,Customer_3034,Last_3034,Customer_3034@Email.Com,Dammam,Standard,9/21/2022 15:39,FALSE,28231
2597,Customer_4319,Last_4319,Customer_4319@Email.Com,Hail,Vip,9/21/2022 15:39,FALSE,37159
2598,Customer_3969,Last_3969,Customer_3969@Email.Com,Yanbu,Premium,9/22/2022 4:30,TRUE,18356
2599,Customer_4431,Last_4431,Customer_4431@Email.Com,Dammam,Standard,9/22/2022 17:21,FALSE,9962
2600,Customer_3001,Last_3001,Customer_3001@Email.Com,Yanbu,Basic,9/23/2022 6:13,FALSE,42706
2601,Customer_2116,Last_2116,Customer_2116@Email.Com,Al-Ahsa,Standard,9/23/2022 6:13,TRUE,14660
2602,Customer_2972,Last_2972,Customer_2972@Email.Com,Yanbu,Standard,9/23/2022 19:04,TRUE,18904
2603,Customer_165,Last_165,Customer_165@Email.Com,Taif,Basic,9/26/2022 11:19,TRUE,15272
2604,Customer_4657,Last_4657,Customer_4657@Email.Com,Abha,Standard,9/27/2022 0:10,FALSE,6258
2605,Customer_2983,Last_2983,Customer_2983@Email.Com,Khamis Mushait,New,9/28/2022 1:53,TRUE,11216
2606,Customer_4229,Last_4229,Customer_4229@Email.Com,Jeddah,Basic,9/28/2022 1:53,TRUE,44659
2607,Customer_3941,Last_3941,Customer_3941@Email.Com,Hail,Basic,9/28/2022 1:53,TRUE,9984
2608,Customer_3569,Last_3569,Customer_3569@Email.Com,Riyadh,Standard,9/29/2022 3:35,TRUE,30413
2609,Customer_2124,Last_2124,Customer_2124@Email.Com,Khamis Mushait,New,9/29/2022 3:35,TRUE,49555
2610,Customer_3580,Last_3580,Customer_3580@Email.Com,Arar,New,9/30/2022 5:17,TRUE,34968
2611,Customer_3963,Last_3963,Customer_3963@Email.Com,Medina,Standard,9/30/2022 5:17,TRUE,39279
2612,Customer_3648,Last_3648,Customer_3648@Email.Com,Abha,Vip,9/30/2022 18:08,TRUE,33320
2613,Customer_503,Last_503,Customer_503@Email.Com,Abha,Standard,10/1/2022 19:51,TRUE,38493
2614,Customer_1161,Last_1161,Customer_1161@Email.Com,Buraidah,Basic,10/1/2022 19:51,TRUE,8769
2615,Customer_3794,Last_3794,Customer_3794@Email.Com,Abha,Standard,10/2/2022 21:33,TRUE,17944
2616,Customer_1280,Last_1280,Customer_1280@Email.Com,Jubail,Basic,10/3/2022 10:24,TRUE,26250
2617,Customer_3493,Last_3493,Customer_3493@Email.Com,Jubail,Vip,10/3/2022 23:15,TRUE,6794
2618,Customer_2148,Last_2148,Customer_2148@Email.Com,Taif,Basic,10/3/2022 23:15,TRUE,37364
2619,Customer_2135,Last_2135,Customer_2135@Email.Com,Qatif,Standard,10/4/2022 12:06,TRUE,38260
2620,Customer_1652,Last_1652,Customer_1652@Email.Com,Hail,Basic,10/5/2022 0:57,TRUE,12142
2621,Customer_3029,Last_3029,Customer_3029@Email.Com,Jeddah,Vip,10/5/2022 13:49,TRUE,33485
2622,Customer_2273,Last_2273,Customer_2273@Email.Com,Abha,Standard,10/6/2022 2:40,TRUE,24269
2623,Customer_1833,Last_1833,Customer_1833@Email.Com,Tabuk,Standard,10/6/2022 15:31,TRUE,6900
2624,Customer_363,Last_363,Customer_363@Email.Com,Al-Ahsa,Standard,10/6/2022 15:31,TRUE,43411
2625,Customer_2664,Last_2664,Customer_2664@Email.Com,Qatif,Premium,10/6/2022 15:31,TRUE,35097
2626,Customer_3408,Last_3408,Customer_3408@Email.Com,Medina,Standard,10/7/2022 4:22,TRUE,7913
2627,Customer_4372,Last_4372,Customer_4372@Email.Com,Abha,Basic,10/7/2022 4:22,TRUE,33447
2628,Customer_2196,Last_2196,Customer_2196@Email.Com,Jeddah,Basic,10/7/2022 17:13,TRUE,23863
2629,Customer_226,Last_226,Customer_226@Email.Com,Medina,Basic,10/8/2022 6:04,TRUE,42028
2630,Customer_1508,Last_1508,Customer_1508@Email.Com,Tabuk,Standard,10/9/2022 7:46,TRUE,30000
2631,Customer_2422,Last_2422,Customer_2422@Email.Com,Hail,Standard,10/10/2022 9:29,FALSE,24596
2632,Customer_3112,Last_3112,Customer_3112@Email.Com,Jeddah,Vip,10/10/2022 22:20,TRUE,16884
2633,Customer_983,Last_983,Customer_983@Email.Com,Medina,Standard,10/12/2022 0:02,TRUE,32309
2634,Customer_1033,Last_1033,Customer_1033@Email.Com,Al-Ahsa,Standard,10/14/2022 3:27,FALSE,46275
2635,Customer_3765,Last_3765,Customer_3765@Email.Com,Hail,Standard,10/14/2022 3:27,TRUE,35730
2636,Customer_1256,Last_1256,Customer_1256@Email.Com,Jubail,Basic,10/14/2022 16:18,FALSE,2665
2637,Customer_2263,Last_2263,Customer_2263@Email.Com,Jeddah,Standard,10/14/2022 16:18,FALSE,45023
2638,Customer_1679,Last_1679,Customer_1679@Email.Com,Arar,Standard,10/15/2022 18:00,TRUE,368
2639,Customer_3103,Last_3103,Customer_3103@Email.Com,Najran,Vip,10/15/2022 18:00,FALSE,44055
2640,Customer_1311,Last_1311,Customer_1311@Email.Com,Najran,Basic,10/16/2022 19:42,TRUE,19324
2641,Customer_3593,Last_3593,Customer_3593@Email.Com,Al-Ahsa,Basic,10/18/2022 10:16,TRUE,45076
2642,Customer_3188,Last_3188,Customer_3188@Email.Com,Arar,Standard,10/18/2022 23:07,TRUE,48068
2643,Customer_1815,Last_1815,Customer_1815@Email.Com,Yanbu,New,10/19/2022 11:58,TRUE,30587
2644,Customer_777,Last_777,Customer_777@Email.Com,Al-Ahsa,Vip,10/21/2022 15:22,TRUE,14864
2645,Customer_3182,Last_3182,Customer_3182@Email.Com,Al-Ahsa,Basic,10/22/2022 4:14,TRUE,35754
2646,Customer_209,Last_209,Customer_209@Email.Com,Taif,Standard,10/22/2022 4:14,TRUE,44344
2647,Customer_662,Last_662,Customer_662@Email.Com,Khobar,Standard,10/23/2022 5:56,TRUE,13899
2648,Customer_4590,Last_4590,Customer_4590@Email.Com,Dammam,Basic,10/23/2022 18:47,TRUE,26503
2649,Customer_4766,Last_4766,Customer_4766@Email.Com,Hail,Premium,10/24/2022 7:38,TRUE,49162
2650,Customer_4536,Last_4536,Customer_4536@Email.Com,Al-Ahsa,New,10/24/2022 7:38,TRUE,8542
2651,Customer_2301,Last_2301,Customer_2301@Email.Com,Jeddah,Standard,10/24/2022 20:29,TRUE,18018
2652,Customer_4548,Last_4548,Customer_4548@Email.Com,Dhahran,Standard,10/25/2022 22:11,TRUE,32577
2653,Customer_2279,Last_2279,Customer_2279@Email.Com,Jubail,Premium,10/26/2022 11:03,TRUE,27812
2654,Customer_1594,Last_1594,Customer_1594@Email.Com,Al-Kharj,New,10/27/2022 12:45,FALSE,17673
2655,Customer_4353,Last_4353,Customer_4353@Email.Com,Mecca,Standard,10/28/2022 1:36,TRUE,7631
2656,Customer_3791,Last_3791,Customer_3791@Email.Com,Riyadh,Standard,10/29/2022 3:18,TRUE,8527
2657,Customer_3996,Last_3996,Customer_3996@Email.Com,Tabuk,Basic,10/29/2022 16:09,TRUE,31855
2658,Customer_357,Last_357,Customer_357@Email.Com,Qatif,Basic,10/30/2022 17:52,FALSE,45491
2659,Customer_2701,Last_2701,Customer_2701@Email.Com,Mecca,Standard,10/30/2022 17:52,TRUE,43073
2660,Customer_2807,Last_2807,Customer_2807@Email.Com,Hail,New,10/30/2022 17:52,TRUE,650
2661,Customer_3652,Last_3652,Customer_3652@Email.Com,Arar,Standard,10/30/2022 17:52,TRUE,552
2662,Customer_1523,Last_1523,Customer_1523@Email.Com,Jubail,Standard,10/31/2022 6:43,FALSE,3532
2663,Customer_3745,Last_3745,Customer_3745@Email.Com,Arar,Vip,10/31/2022 19:34,TRUE,17828
2664,Customer_3744,Last_3744,Customer_3744@Email.Com,Al-Ahsa,Vip,10/31/2022 19:34,TRUE,45612
2665,Customer_317,Last_317,Customer_317@Email.Com,Hail,Standard,11/1/2022 8:25,TRUE,29150
2666,Customer_2501,Last_2501,Customer_2501@Email.Com,Jubail,Premium,11/1/2022 8:25,TRUE,20700
2667,Customer_2001,Last_2001,Customer_2001@Email.Com,Arar,Standard,11/1/2022 8:25,TRUE,10112
2668,Customer_4391,Last_4391,Customer_4391@Email.Com,Yanbu,Vip,11/2/2022 22:58,FALSE,24362
2669,Customer_1770,Last_1770,Customer_1770@Email.Com,Hail,Premium,11/3/2022 11:50,TRUE,23184
2670,Customer_1891,Last_1891,Customer_1891@Email.Com,Taif,Basic,11/5/2022 15:14,TRUE,49683
2671,Customer_4632,Last_4632,Customer_4632@Email.Com,Tabuk,Basic,11/6/2022 4:05,TRUE,36419
2672,Customer_4907,Last_4907,Customer_4907@Email.Com,Medina,New,11/6/2022 16:56,TRUE,37964
2673,Customer_1215,Last_1215,Customer_1215@Email.Com,Dhahran,Premium,11/6/2022 16:56,TRUE,33014
2674,Customer_4762,Last_4762,Customer_4762@Email.Com,Taif,Premium,11/7/2022 5:47,TRUE,19504
2675,Customer_4816,Last_4816,Customer_4816@Email.Com,Najran,Premium,11/7/2022 5:47,TRUE,45927
2676,Customer_4878,Last_4878,Customer_4878@Email.Com,Jubail,New,11/7/2022 18:39,FALSE,14679
2677,Customer_2197,Last_2197,Customer_2197@Email.Com,Qatif,Standard,11/8/2022 7:30,TRUE,4661
2678,Customer_40,Last_40,Customer_40@Email.Com,Arar,Premium,11/8/2022 7:30,TRUE,18939
2679,Customer_2988,Last_2988,Customer_2988@Email.Com,Medina,Basic,11/8/2022 20:21,TRUE,43938
2680,Customer_2020,Last_2020,Customer_2020@Email.Com,Al-Ahsa,Basic,11/9/2022 9:12,TRUE,36759
2681,Customer_2417,Last_2417,Customer_2417@Email.Com,Taif,Basic,11/9/2022 9:12,TRUE,36116
2682,Customer_4355,Last_4355,Customer_4355@Email.Com,Khobar,Standard,11/9/2022 9:12,TRUE,24974
2683,Customer_851,Last_851,Customer_851@Email.Com,Abha,Premium,11/9/2022 22:03,TRUE,16683
2684,Customer_1381,Last_1381,Customer_1381@Email.Com,Tabuk,Basic,11/9/2022 22:03,TRUE,34930
2685,Customer_271,Last_271,Customer_271@Email.Com,Khobar,Basic,11/9/2022 22:03,TRUE,7595
2686,Customer_1616,Last_1616,Customer_1616@Email.Com,Tabuk,Basic,11/10/2022 23:45,TRUE,12077
2687,Customer_3861,Last_3861,Customer_3861@Email.Com,Buraidah,Standard,11/11/2022 12:37,TRUE,4834
2688,Customer_3743,Last_3743,Customer_3743@Email.Com,Najran,Standard,11/12/2022 14:19,TRUE,31240
2689,Customer_2498,Last_2498,Customer_2498@Email.Com,Dhahran,Premium,11/13/2022 3:10,TRUE,13430
2690,Customer_2164,Last_2164,Customer_2164@Email.Com,Riyadh,Basic,11/14/2022 4:52,TRUE,21278
2691,Customer_3148,Last_3148,Customer_3148@Email.Com,Dammam,Standard,11/14/2022 17:43,TRUE,20707
2692,Customer_1547,Last_1547,Customer_1547@Email.Com,Al-Ahsa,Standard,11/16/2022 8:17,TRUE,15646
2693,Customer_1483,Last_1483,Customer_1483@Email.Com,Dammam,Standard,11/17/2022 22:50,FALSE,30511
2694,Customer_2284,Last_2284,Customer_2284@Email.Com,Taif,Basic,11/17/2022 22:50,FALSE,44623
2695,Customer_2877,Last_2877,Customer_2877@Email.Com,Khamis Mushait,New,11/19/2022 0:32,TRUE,12113
2696,Customer_2625,Last_2625,Customer_2625@Email.Com,Arar,New,11/20/2022 2:15,TRUE,25976
2697,Customer_3990,Last_3990,Customer_3990@Email.Com,Buraidah,Standard,11/20/2022 15:06,TRUE,705
2698,Customer_4861,Last_4861,Customer_4861@Email.Com,Jubail,Basic,11/21/2022 3:57,TRUE,33193
2699,Customer_3144,Last_3144,Customer_3144@Email.Com,Najran,Basic,11/21/2022 3:57,TRUE,9307
2700,Customer_1458,Last_1458,Customer_1458@Email.Com,Taif,Standard,11/21/2022 16:48,TRUE,28401
2701,Customer_665,Last_665,Customer_665@Email.Com,Khamis Mushait,Standard,11/21/2022 16:48,TRUE,25960
2702,Customer_3514,Last_3514,Customer_3514@Email.Com,Yanbu,Basic,11/22/2022 5:39,TRUE,21871
2703,Customer_3557,Last_3557,Customer_3557@Email.Com,Tabuk,Basic,11/22/2022 5:39,FALSE,2431
2704,Customer_88,Last_88,Customer_88@Email.Com,Riyadh,Premium,11/22/2022 5:39,TRUE,33755
2705,Customer_7,Last_7,Customer_7@Email.Com,Al-Ahsa,Basic,11/22/2022 18:30,TRUE,3468
2706,Customer_3205,Last_3205,Customer_3205@Email.Com,Buraidah,New,11/23/2022 7:21,TRUE,48759
2707,Customer_3200,Last_3200,Customer_3200@Email.Com,Jubail,Premium,11/23/2022 20:13,TRUE,11379
2708,Customer_4509,Last_4509,Customer_4509@Email.Com,Riyadh,New,11/25/2022 10:46,TRUE,19774
2709,Customer_2914,Last_2914,Customer_2914@Email.Com,Jubail,Basic,11/25/2022 23:37,TRUE,29955
2710,Customer_3694,Last_3694,Customer_3694@Email.Com,Jubail,Standard,11/26/2022 12:28,TRUE,5584
2711,Customer_772,Last_772,Customer_772@Email.Com,Al-Kharj,Standard,11/27/2022 1:19,TRUE,27774
2712,Customer_3740,Last_3740,Customer_3740@Email.Com,Arar,Standard,11/27/2022 14:10,TRUE,17314
2713,Customer_2134,Last_2134,Customer_2134@Email.Com,Qatif,Standard,11/28/2022 3:02,TRUE,31063
2714,Customer_935,Last_935,Customer_935@Email.Com,Medina,Standard,11/28/2022 3:02,TRUE,21901
2715,Customer_3351,Last_3351,Customer_3351@Email.Com,Buraidah,Basic,11/28/2022 3:02,TRUE,33331
2716,Customer_511,Last_511,Customer_511@Email.Com,Tabuk,Basic,11/28/2022 15:53,TRUE,46880
2717,Customer_4650,Last_4650,Customer_4650@Email.Com,Al-Ahsa,Standard,11/28/2022 15:53,TRUE,37804
2718,Customer_4543,Last_4543,Customer_4543@Email.Com,Khobar,Vip,11/29/2022 17:35,TRUE,31955
2719,Customer_4931,Last_4931,Customer_4931@Email.Com,Khobar,Basic,11/29/2022 17:35,TRUE,17261
2720,Customer_4779,Last_4779,Customer_4779@Email.Com,Khobar,Premium,11/30/2022 6:26,TRUE,2497
2721,Customer_3020,Last_3020,Customer_3020@Email.Com,Jubail,Standard,11/30/2022 19:17,TRUE,16833
2722,Customer_2623,Last_2623,Customer_2623@Email.Com,Riyadh,Basic,11/30/2022 19:17,TRUE,3864
2723,Customer_4630,Last_4630,Customer_4630@Email.Com,Tabuk,Standard,12/1/2022 8:08,TRUE,37615
2724,Customer_4313,Last_4313,Customer_4313@Email.Com,Najran,Vip,12/1/2022 20:59,TRUE,44522
2725,Customer_853,Last_853,Customer_853@Email.Com,Al-Kharj,Basic,12/1/2022 20:59,TRUE,14833
2726,Customer_1093,Last_1093,Customer_1093@Email.Com,Medina,Standard,12/2/2022 9:51,TRUE,16088
2727,Customer_1372,Last_1372,Customer_1372@Email.Com,Khamis Mushait,Standard,12/2/2022 22:42,TRUE,42863
2728,Customer_3752,Last_3752,Customer_3752@Email.Com,Jeddah,New,12/2/2022 22:42,TRUE,27020
2729,Customer_2663,Last_2663,Customer_2663@Email.Com,Arar,Vip,12/2/2022 22:42,TRUE,25176
2730,Customer_532,Last_532,Customer_532@Email.Com,Jubail,New,12/3/2022 11:33,TRUE,46517
2731,Customer_4592,Last_4592,Customer_4592@Email.Com,Dhahran,Basic,12/3/2022 11:33,TRUE,47905
2732,Customer_4545,Last_4545,Customer_4545@Email.Com,Al-Ahsa,Premium,12/4/2022 13:15,TRUE,23659
2733,Customer_4972,Last_4972,Customer_4972@Email.Com,Taif,Premium,12/5/2022 2:06,TRUE,15704
2734,Customer_857,Last_857,Customer_857@Email.Com,Medina,Standard,12/5/2022 14:57,TRUE,40227
2735,Customer_3934,Last_3934,Customer_3934@Email.Com,Hail,Standard,12/6/2022 3:49,TRUE,24488
2736,Customer_4767,Last_4767,Customer_4767@Email.Com,Qatif,Basic,12/6/2022 3:49,TRUE,15547
2737,Customer_2159,Last_2159,Customer_2159@Email.Com,Khobar,Basic,12/6/2022 16:40,TRUE,37997
2738,Customer_1142,Last_1142,Customer_1142@Email.Com,Hail,Basic,12/7/2022 5:31,FALSE,35059
2739,Customer_862,Last_862,Customer_862@Email.Com,Abha,Standard,12/7/2022 18:22,TRUE,28334
2740,Customer_1608,Last_1608,Customer_1608@Email.Com,Jubail,Basic,12/8/2022 20:04,TRUE,41401
2741,Customer_2358,Last_2358,Customer_2358@Email.Com,Al-Kharj,Vip,12/9/2022 8:55,TRUE,38389
2742,Customer_2760,Last_2760,Customer_2760@Email.Com,Dammam,Vip,12/10/2022 10:38,TRUE,44023
2743,Customer_2781,Last_2781,Customer_2781@Email.Com,Arar,Premium,12/12/2022 1:11,TRUE,11651
2744,Customer_1196,Last_1196,Customer_1196@Email.Com,Medina,Standard,12/12/2022 14:02,TRUE,41387
2745,Customer_2905,Last_2905,Customer_2905@Email.Com,Khobar,New,12/13/2022 2:53,TRUE,13390
2746,Customer_1486,Last_1486,Customer_1486@Email.Com,Al-Kharj,Basic,12/13/2022 2:53,TRUE,25072
2747,Customer_899,Last_899,Customer_899@Email.Com,Tabuk,Basic,12/13/2022 15:44,TRUE,5678
2748,Customer_770,Last_770,Customer_770@Email.Com,Al-Kharj,Premium,12/14/2022 17:27,TRUE,9542
2749,Customer_4645,Last_4645,Customer_4645@Email.Com,Abha,New,12/14/2022 17:27,TRUE,42855
2750,Customer_2139,Last_2139,Customer_2139@Email.Com,Taif,Standard,12/14/2022 17:27,TRUE,26328
2751,Customer_1691,Last_1691,Customer_1691@Email.Com,Mecca,New,12/14/2022 17:27,TRUE,544
2752,Customer_3281,Last_3281,Customer_3281@Email.Com,Qatif,Standard,12/15/2022 6:18,TRUE,23740
2753,Customer_4995,Last_4995,Customer_4995@Email.Com,Jubail,Premium,12/17/2022 9:42,TRUE,43725
2754,Customer_3303,Last_3303,Customer_3303@Email.Com,Mecca,Basic,12/19/2022 0:16,FALSE,14316
2755,Customer_22,Last_22,Customer_22@Email.Com,Qatif,Basic,12/19/2022 13:07,TRUE,29288
2756,Customer_4832,Last_4832,Customer_4832@Email.Com,Hail,Basic,12/19/2022 13:07,FALSE,39433
2757,Customer_595,Last_595,Customer_595@Email.Com,Khobar,Basic,12/21/2022 3:40,TRUE,42536
2758,Customer_1,Last_1,Customer_1@Email.Com,Taif,Basic,12/22/2022 18:14,TRUE,1262
2759,Customer_37,Last_37,Customer_37@Email.Com,Khamis Mushait,Basic,12/22/2022 18:14,TRUE,47838
2760,Customer_24,Last_24,Customer_24@Email.Com,Al-Kharj,Premium,12/22/2022 18:14,TRUE,14923
2761,Customer_1726,Last_1726,Customer_1726@Email.Com,Najran,Standard,12/23/2022 19:56,TRUE,14481
2762,Customer_960,Last_960,Customer_960@Email.Com,Khamis Mushait,Basic,12/23/2022 19:56,TRUE,47611
2763,Customer_2745,Last_2745,Customer_2745@Email.Com,Abha,New,12/24/2022 21:38,TRUE,18201
2764,Customer_2473,Last_2473,Customer_2473@Email.Com,Mecca,Basic,12/25/2022 10:29,FALSE,10322
2765,Customer_2257,Last_2257,Customer_2257@Email.Com,Abha,Premium,12/25/2022 23:20,TRUE,31708
2766,Customer_2220,Last_2220,Customer_2220@Email.Com,Yanbu,Standard,12/25/2022 23:20,TRUE,46814
2767,Customer_3151,Last_3151,Customer_3151@Email.Com,Najran,New,12/26/2022 12:11,TRUE,1399
2768,Customer_2394,Last_2394,Customer_2394@Email.Com,Qatif,Premium,12/28/2022 2:45,TRUE,10057
2769,Customer_2413,Last_2413,Customer_2413@Email.Com,Khobar,Vip,12/29/2022 4:27,TRUE,48523
2770,Customer_2540,Last_2540,Customer_2540@Email.Com,Dhahran,Premium,12/29/2022 4:27,TRUE,27898
2771,Customer_3631,Last_3631,Customer_3631@Email.Com,Dhahran,Premium,12/30/2022 19:01,TRUE,30729
2772,Customer_3054,Last_3054,Customer_3054@Email.Com,Dhahran,Standard,12/30/2022 19:01,TRUE,16784
2773,Customer_4503,Last_4503,Customer_4503@Email.Com,Riyadh,Basic,1/1/2023 22:25,TRUE,47500
2774,Customer_2987,Last_2987,Customer_2987@Email.Com,Medina,Vip,1/2/2023 11:16,TRUE,13195
2775,Customer_2678,Last_2678,Customer_2678@Email.Com,Al-Kharj,Basic,1/2/2023 11:16,FALSE,22210
2776,Customer_4170,Last_4170,Customer_4170@Email.Com,Najran,Standard,1/3/2023 0:07,TRUE,15314
2777,Customer_1757,Last_1757,Customer_1757@Email.Com,Khamis Mushait,Vip,1/3/2023 0:07,TRUE,34120
2778,Customer_2445,Last_2445,Customer_2445@Email.Com,Khobar,Vip,1/3/2023 12:58,TRUE,40522
2779,Customer_1118,Last_1118,Customer_1118@Email.Com,Abha,Basic,1/4/2023 1:50,TRUE,40694
2780,Customer_324,Last_324,Customer_324@Email.Com,Arar,Premium,1/4/2023 14:41,TRUE,28842
2781,Customer_4694,Last_4694,Customer_4694@Email.Com,Al-Kharj,Standard,1/5/2023 3:32,TRUE,44086
2782,Customer_1800,Last_1800,Customer_1800@Email.Com,Abha,New,1/5/2023 16:23,TRUE,43953
2783,Customer_3685,Last_3685,Customer_3685@Email.Com,Riyadh,New,1/5/2023 16:23,TRUE,13018
2784,Customer_1310,Last_1310,Customer_1310@Email.Com,Taif,Premium,1/5/2023 16:23,TRUE,31712
2785,Customer_752,Last_752,Customer_752@Email.Com,Al-Kharj,Standard,1/6/2023 5:14,TRUE,37874
2786,Customer_1475,Last_1475,Customer_1475@Email.Com,Al-Kharj,Standard,1/8/2023 8:39,TRUE,15475
2787,Customer_2313,Last_2313,Customer_2313@Email.Com,Al-Ahsa,Basic,1/8/2023 8:39,TRUE,31053
2788,Customer_4153,Last_4153,Customer_4153@Email.Com,Taif,Standard,1/8/2023 8:39,TRUE,33381
2789,Customer_4959,Last_4959,Customer_4959@Email.Com,Arar,Standard,1/8/2023 21:30,TRUE,9586
2790,Customer_773,Last_773,Customer_773@Email.Com,Tabuk,Vip,1/9/2023 23:12,TRUE,8556
2791,Customer_1031,Last_1031,Customer_1031@Email.Com,Qatif,Standard,1/9/2023 23:12,FALSE,47025
2792,Customer_4215,Last_4215,Customer_4215@Email.Com,Medina,Premium,1/9/2023 23:12,TRUE,9198
2793,Customer_3485,Last_3485,Customer_3485@Email.Com,Buraidah,Basic,1/10/2023 12:03,FALSE,23323
2794,Customer_3797,Last_3797,Customer_3797@Email.Com,Mecca,New,1/12/2023 2:36,TRUE,4164
2795,Customer_1811,Last_1811,Customer_1811@Email.Com,Khamis Mushait,Basic,1/12/2023 15:28,FALSE,29681
2796,Customer_3102,Last_3102,Customer_3102@Email.Com,Al-Kharj,Basic,1/12/2023 15:28,TRUE,21863
2797,Customer_4167,Last_4167,Customer_4167@Email.Com,Dammam,Basic,1/15/2023 7:43,TRUE,16450
2798,Customer_901,Last_901,Customer_901@Email.Com,Taif,Standard,1/15/2023 7:43,TRUE,21780
2799,Customer_4427,Last_4427,Customer_4427@Email.Com,Tabuk,Standard,1/15/2023 20:34,TRUE,6476
2800,Customer_3118,Last_3118,Customer_3118@Email.Com,Khamis Mushait,Basic,1/16/2023 9:26,TRUE,42969
2801,Customer_4000,Last_4000,Customer_4000@Email.Com,Riyadh,Basic,1/16/2023 22:17,TRUE,209
2802,Customer_4619,Last_4619,Customer_4619@Email.Com,Najran,Standard,1/17/2023 23:59,FALSE,3634
2803,Customer_2126,Last_2126,Customer_2126@Email.Com,Abha,Premium,1/19/2023 1:41,TRUE,794
2804,Customer_3331,Last_3331,Customer_3331@Email.Com,Riyadh,Standard,1/20/2023 3:23,TRUE,18617
2805,Customer_184,Last_184,Customer_184@Email.Com,Dhahran,Basic,1/20/2023 3:23,TRUE,19579
2806,Customer_1935,Last_1935,Customer_1935@Email.Com,Jubail,Basic,1/20/2023 16:15,FALSE,44967
2807,Customer_3806,Last_3806,Customer_3806@Email.Com,Yanbu,Premium,1/22/2023 6:48,TRUE,14275
2808,Customer_65,Last_65,Customer_65@Email.Com,Tabuk,Basic,1/22/2023 6:48,TRUE,45311
2809,Customer_433,Last_433,Customer_433@Email.Com,Al-Ahsa,Basic,1/22/2023 19:39,TRUE,5025
2810,Customer_4534,Last_4534,Customer_4534@Email.Com,Jeddah,Standard,1/23/2023 21:21,TRUE,35751
2811,Customer_750,Last_750,Customer_750@Email.Com,Dammam,Standard,1/24/2023 10:12,FALSE,40285
2812,Customer_2951,Last_2951,Customer_2951@Email.Com,Arar,Basic,1/24/2023 23:04,TRUE,5289
2813,Customer_3433,Last_3433,Customer_3433@Email.Com,Jubail,Standard,1/24/2023 23:04,TRUE,18604
2814,Customer_3451,Last_3451,Customer_3451@Email.Com,Khamis Mushait,Standard,1/25/2023 11:55,TRUE,23823
2815,Customer_3862,Last_3862,Customer_3862@Email.Com,Qatif,Standard,1/25/2023 11:55,TRUE,20197
2816,Customer_635,Last_635,Customer_635@Email.Com,Al-Ahsa,New,1/25/2023 11:55,TRUE,27543
2817,Customer_1742,Last_1742,Customer_1742@Email.Com,Arar,Premium,1/26/2023 0:46,FALSE,34986
2818,Customer_1321,Last_1321,Customer_1321@Email.Com,Yanbu,Basic,1/26/2023 0:46,TRUE,10116
2819,Customer_2870,Last_2870,Customer_2870@Email.Com,Arar,Premium,1/27/2023 15:19,TRUE,49662
2820,Customer_4390,Last_4390,Customer_4390@Email.Com,Khamis Mushait,New,1/27/2023 15:19,TRUE,37675
2821,Customer_2794,Last_2794,Customer_2794@Email.Com,Jeddah,Standard,1/28/2023 4:10,TRUE,15055
2822,Customer_4867,Last_4867,Customer_4867@Email.Com,Jubail,Basic,1/28/2023 4:10,TRUE,36203
2823,Customer_1980,Last_1980,Customer_1980@Email.Com,Mecca,Standard,1/28/2023 4:10,TRUE,1375
2824,Customer_4631,Last_4631,Customer_4631@Email.Com,Dammam,Standard,1/28/2023 4:10,TRUE,348
2825,Customer_2033,Last_2033,Customer_2033@Email.Com,Qatif,Basic,1/28/2023 17:02,FALSE,5939
2826,Customer_4304,Last_4304,Customer_4304@Email.Com,Dammam,Standard,1/28/2023 17:02,TRUE,45149
2827,Customer_4667,Last_4667,Customer_4667@Email.Com,Riyadh,Basic,1/29/2023 18:44,TRUE,13635
2828,Customer_4325,Last_4325,Customer_4325@Email.Com,Taif,New,1/29/2023 18:44,TRUE,37992
2829,Customer_4711,Last_4711,Customer_4711@Email.Com,Najran,Basic,1/30/2023 7:35,FALSE,36490
2830,Customer_4469,Last_4469,Customer_4469@Email.Com,Jeddah,New,1/31/2023 9:17,FALSE,5307
2831,Customer_613,Last_613,Customer_613@Email.Com,Riyadh,Standard,1/31/2023 22:08,TRUE,14059
2832,Customer_4117,Last_4117,Customer_4117@Email.Com,Hail,New,1/31/2023 22:08,FALSE,41684
2833,Customer_4687,Last_4687,Customer_4687@Email.Com,Yanbu,Premium,2/1/2023 10:59,TRUE,43285
2834,Customer_252,Last_252,Customer_252@Email.Com,Dammam,Vip,2/1/2023 10:59,TRUE,26686
2835,Customer_3426,Last_3426,Customer_3426@Email.Com,Yanbu,Basic,2/1/2023 23:51,TRUE,18277
2836,Customer_1393,Last_1393,Customer_1393@Email.Com,Qatif,New,2/1/2023 23:51,FALSE,1228
2837,Customer_2172,Last_2172,Customer_2172@Email.Com,Dhahran,Basic,2/3/2023 14:24,FALSE,9676
2838,Customer_4389,Last_4389,Customer_4389@Email.Com,Arar,Standard,2/3/2023 14:24,TRUE,30087
2839,Customer_2980,Last_2980,Customer_2980@Email.Com,Buraidah,Basic,2/3/2023 14:24,TRUE,35012
2840,Customer_1604,Last_1604,Customer_1604@Email.Com,Najran,Standard,2/4/2023 3:15,TRUE,18206
2841,Customer_4757,Last_4757,Customer_4757@Email.Com,Abha,Standard,2/4/2023 16:06,TRUE,41302
2842,Customer_3395,Last_3395,Customer_3395@Email.Com,Buraidah,Basic,2/5/2023 17:48,TRUE,7207
2843,Customer_2224,Last_2224,Customer_2224@Email.Com,Medina,Premium,2/5/2023 17:48,TRUE,37466
2844,Customer_4683,Last_4683,Customer_4683@Email.Com,Khobar,Standard,2/5/2023 17:48,TRUE,21775
2845,Customer_1285,Last_1285,Customer_1285@Email.Com,Taif,New,2/7/2023 8:22,TRUE,40067
2846,Customer_2276,Last_2276,Customer_2276@Email.Com,Khamis Mushait,Basic,2/7/2023 21:13,TRUE,23877
2847,Customer_1961,Last_1961,Customer_1961@Email.Com,Al-Ahsa,Basic,2/8/2023 10:04,TRUE,45760
2848,Customer_1170,Last_1170,Customer_1170@Email.Com,Riyadh,Vip,2/8/2023 10:04,TRUE,30496
2849,Customer_4012,Last_4012,Customer_4012@Email.Com,Yanbu,Basic,2/9/2023 11:46,TRUE,43543
2850,Customer_1224,Last_1224,Customer_1224@Email.Com,Yanbu,Basic,2/9/2023 11:46,TRUE,22102
2851,Customer_3789,Last_3789,Customer_3789@Email.Com,Hail,Premium,2/9/2023 11:46,TRUE,4200
2852,Customer_1380,Last_1380,Customer_1380@Email.Com,Khamis Mushait,Standard,2/10/2023 0:38,FALSE,7839
2853,Customer_2823,Last_2823,Customer_2823@Email.Com,Dhahran,New,2/10/2023 0:38,TRUE,15802
2854,Customer_3255,Last_3255,Customer_3255@Email.Com,Al-Ahsa,Standard,2/10/2023 13:29,TRUE,5555
2855,Customer_2581,Last_2581,Customer_2581@Email.Com,Qatif,Standard,2/10/2023 13:29,TRUE,45574
2856,Customer_4477,Last_4477,Customer_4477@Email.Com,Yanbu,Vip,2/11/2023 2:20,TRUE,42419
2857,Customer_1441,Last_1441,Customer_1441@Email.Com,Mecca,Standard,2/11/2023 15:11,TRUE,26012
2858,Customer_2912,Last_2912,Customer_2912@Email.Com,Dhahran,Standard,2/12/2023 4:02,TRUE,20014
2859,Customer_2653,Last_2653,Customer_2653@Email.Com,Khamis Mushait,Standard,2/12/2023 4:02,TRUE,23425
2860,Customer_1619,Last_1619,Customer_1619@Email.Com,Khamis Mushait,Basic,2/12/2023 16:53,TRUE,2962
2861,Customer_4715,Last_4715,Customer_4715@Email.Com,Jubail,Premium,2/12/2023 16:53,FALSE,3642
2862,Customer_836,Last_836,Customer_836@Email.Com,Khobar,Basic,2/12/2023 16:53,TRUE,5985
2863,Customer_2038,Last_2038,Customer_2038@Email.Com,Najran,Standard,2/12/2023 16:53,TRUE,26328
2864,Customer_1021,Last_1021,Customer_1021@Email.Com,Arar,Premium,2/13/2023 5:44,FALSE,45267
2865,Customer_81,Last_81,Customer_81@Email.Com,Tabuk,Standard,2/13/2023 5:44,TRUE,18610
2866,Customer_2009,Last_2009,Customer_2009@Email.Com,Hail,Standard,2/13/2023 5:44,TRUE,24569
2867,Customer_3153,Last_3153,Customer_3153@Email.Com,Yanbu,New,2/13/2023 18:35,FALSE,24188
2868,Customer_4860,Last_4860,Customer_4860@Email.Com,Khobar,Basic,2/13/2023 18:35,TRUE,32440
2869,Customer_708,Last_708,Customer_708@Email.Com,Medina,Standard,2/14/2023 7:27,TRUE,30956
2870,Customer_1923,Last_1923,Customer_1923@Email.Com,Taif,Basic,2/14/2023 7:27,FALSE,21884
2871,Customer_1035,Last_1035,Customer_1035@Email.Com,Riyadh,New,2/14/2023 7:27,TRUE,38416
2872,Customer_3237,Last_3237,Customer_3237@Email.Com,Jubail,Vip,2/15/2023 9:09,TRUE,145
2873,Customer_4339,Last_4339,Customer_4339@Email.Com,Tabuk,Standard,2/15/2023 22:00,TRUE,43781
2874,Customer_756,Last_756,Customer_756@Email.Com,Dhahran,Basic,2/16/2023 23:42,TRUE,45411
2875,Customer_1936,Last_1936,Customer_1936@Email.Com,Jeddah,Standard,2/17/2023 12:33,TRUE,15674
2876,Customer_2736,Last_2736,Customer_2736@Email.Com,Buraidah,Standard,2/18/2023 1:24,TRUE,32194
2877,Customer_2175,Last_2175,Customer_2175@Email.Com,Buraidah,Basic,2/19/2023 3:07,TRUE,46915
2878,Customer_1479,Last_1479,Customer_1479@Email.Com,Al-Kharj,Vip,2/19/2023 15:58,FALSE,47882
2879,Customer_3654,Last_3654,Customer_3654@Email.Com,Dammam,Standard,2/19/2023 15:58,TRUE,36979
2880,Customer_1950,Last_1950,Customer_1950@Email.Com,Dammam,Premium,2/20/2023 4:49,TRUE,48332
2881,Customer_1403,Last_1403,Customer_1403@Email.Com,Khobar,Standard,2/20/2023 17:40,TRUE,3527
2882,Customer_455,Last_455,Customer_455@Email.Com,Qatif,Basic,2/20/2023 17:40,TRUE,19351
2883,Customer_343,Last_343,Customer_343@Email.Com,Riyadh,Standard,2/20/2023 17:40,TRUE,41119
2884,Customer_3633,Last_3633,Customer_3633@Email.Com,Al-Ahsa,Basic,2/21/2023 6:31,TRUE,15958
2885,Customer_2441,Last_2441,Customer_2441@Email.Com,Dhahran,Basic,2/21/2023 6:31,TRUE,27841
2886,Customer_4062,Last_4062,Customer_4062@Email.Com,Tabuk,Premium,2/22/2023 21:05,TRUE,16712
2887,Customer_188,Last_188,Customer_188@Email.Com,Jeddah,New,2/22/2023 21:05,TRUE,8947
2888,Customer_1978,Last_1978,Customer_1978@Email.Com,Abha,Vip,2/22/2023 21:05,TRUE,36769
2889,Customer_4005,Last_4005,Customer_4005@Email.Com,Tabuk,Standard,2/23/2023 22:47,TRUE,13028
2890,Customer_3208,Last_3208,Customer_3208@Email.Com,Dhahran,Premium,2/23/2023 22:47,TRUE,31255
2891,Customer_1007,Last_1007,Customer_1007@Email.Com,Al-Ahsa,Premium,2/25/2023 0:29,TRUE,20247
2892,Customer_1251,Last_1251,Customer_1251@Email.Com,Jeddah,Premium,2/25/2023 13:20,TRUE,13218
2893,Customer_1001,Last_1001,Customer_1001@Email.Com,Taif,Vip,2/26/2023 2:11,TRUE,12530
2894,Customer_4553,Last_4553,Customer_4553@Email.Com,Dhahran,Standard,2/26/2023 2:11,FALSE,38656
2895,Customer_4381,Last_4381,Customer_4381@Email.Com,Hail,Vip,2/26/2023 15:03,TRUE,28776
2896,Customer_1711,Last_1711,Customer_1711@Email.Com,Buraidah,Premium,2/26/2023 15:03,TRUE,4022
2897,Customer_3756,Last_3756,Customer_3756@Email.Com,Medina,Premium,2/26/2023 15:03,TRUE,46323
2898,Customer_2133,Last_2133,Customer_2133@Email.Com,Taif,Standard,2/27/2023 3:54,FALSE,29385
2899,Customer_2329,Last_2329,Customer_2329@Email.Com,Tabuk,Standard,2/27/2023 16:45,TRUE,31377
2900,Customer_628,Last_628,Customer_628@Email.Com,Hail,Premium,2/28/2023 5:36,TRUE,14262
2901,Customer_2003,Last_2003,Customer_2003@Email.Com,Jubail,Standard,3/1/2023 20:09,TRUE,4731
2902,Customer_1176,Last_1176,Customer_1176@Email.Com,Arar,Basic,3/2/2023 9:00,TRUE,39502
2903,Customer_1469,Last_1469,Customer_1469@Email.Com,Mecca,New,3/2/2023 9:00,TRUE,32826
2904,Customer_3157,Last_3157,Customer_3157@Email.Com,Khobar,Premium,3/2/2023 9:00,TRUE,47204
2905,Customer_1571,Last_1571,Customer_1571@Email.Com,Taif,Basic,3/2/2023 9:00,TRUE,12134
2906,Customer_4763,Last_4763,Customer_4763@Email.Com,Jubail,Basic,3/4/2023 12:25,TRUE,16371
2907,Customer_1105,Last_1105,Customer_1105@Email.Com,Jeddah,Basic,3/5/2023 1:16,TRUE,33984
2908,Customer_2339,Last_2339,Customer_2339@Email.Com,Qatif,New,3/5/2023 1:16,FALSE,46155
2909,Customer_4719,Last_4719,Customer_4719@Email.Com,Al-Kharj,Standard,3/5/2023 1:16,FALSE,13554
2910,Customer_4160,Last_4160,Customer_4160@Email.Com,Arar,Basic,3/5/2023 1:16,TRUE,1630
2911,Customer_3253,Last_3253,Customer_3253@Email.Com,Abha,Standard,3/5/2023 14:07,TRUE,40197
2912,Customer_3452,Last_3452,Customer_3452@Email.Com,Al-Ahsa,Basic,3/6/2023 15:50,TRUE,16400
2913,Customer_4208,Last_4208,Customer_4208@Email.Com,Dhahran,Vip,3/6/2023 15:50,TRUE,7050
2914,Customer_548,Last_548,Customer_548@Email.Com,Dhahran,New,3/6/2023 15:50,TRUE,13499
2915,Customer_2740,Last_2740,Customer_2740@Email.Com,Abha,New,3/7/2023 4:41,TRUE,48244
2916,Customer_159,Last_159,Customer_159@Email.Com,Abha,Standard,3/7/2023 17:32,TRUE,43293
2917,Customer_2149,Last_2149,Customer_2149@Email.Com,Khamis Mushait,Standard,3/8/2023 6:23,TRUE,20897
2918,Customer_349,Last_349,Customer_349@Email.Com,Mecca,Basic,3/8/2023 19:14,TRUE,7391
2919,Customer_1180,Last_1180,Customer_1180@Email.Com,Buraidah,Premium,3/8/2023 19:14,TRUE,49255
2920,Customer_643,Last_643,Customer_643@Email.Com,Tabuk,Basic,3/9/2023 8:05,TRUE,40558
2921,Customer_1760,Last_1760,Customer_1760@Email.Com,Khamis Mushait,Standard,3/9/2023 20:56,TRUE,18764
2922,Customer_2092,Last_2092,Customer_2092@Email.Com,Najran,Basic,3/10/2023 22:39,TRUE,47676
2923,Customer_3675,Last_3675,Customer_3675@Email.Com,Riyadh,Standard,3/10/2023 22:39,TRUE,23304
2924,Customer_1593,Last_1593,Customer_1593@Email.Com,Arar,Basic,3/11/2023 11:30,TRUE,24732
2925,Customer_4376,Last_4376,Customer_4376@Email.Com,Al-Ahsa,New,3/12/2023 13:12,TRUE,48710
2926,Customer_1823,Last_1823,Customer_1823@Email.Com,Al-Kharj,Vip,3/13/2023 2:03,TRUE,30682
2927,Customer_1366,Last_1366,Customer_1366@Email.Com,Jeddah,New,3/14/2023 3:45,TRUE,29018
2928,Customer_2691,Last_2691,Customer_2691@Email.Com,Yanbu,New,3/15/2023 18:19,TRUE,46754
2929,Customer_4888,Last_4888,Customer_4888@Email.Com,Al-Kharj,Basic,3/15/2023 18:19,TRUE,25395
2930,Customer_4665,Last_4665,Customer_4665@Email.Com,Medina,Premium,3/16/2023 7:10,TRUE,24092
2931,Customer_4564,Last_4564,Customer_4564@Email.Com,Qatif,Basic,3/16/2023 20:01,TRUE,18568
2932,Customer_1788,Last_1788,Customer_1788@Email.Com,Medina,Basic,3/17/2023 21:43,TRUE,4378
2933,Customer_1282,Last_1282,Customer_1282@Email.Com,Jubail,Standard,3/18/2023 10:34,TRUE,6801
2934,Customer_1131,Last_1131,Customer_1131@Email.Com,Khobar,Vip,3/18/2023 23:26,TRUE,22711
2935,Customer_3753,Last_3753,Customer_3753@Email.Com,Khobar,Vip,3/19/2023 12:17,TRUE,18952
2936,Customer_3306,Last_3306,Customer_3306@Email.Com,Yanbu,Premium,3/20/2023 1:08,TRUE,18665
2937,Customer_638,Last_638,Customer_638@Email.Com,Mecca,Basic,3/21/2023 15:41,TRUE,4758
2938,Customer_2962,Last_2962,Customer_2962@Email.Com,Medina,New,3/24/2023 7:57,TRUE,45530
2939,Customer_619,Last_619,Customer_619@Email.Com,Khobar,Standard,3/24/2023 7:57,FALSE,32007
2940,Customer_2838,Last_2838,Customer_2838@Email.Com,Al-Ahsa,Vip,3/24/2023 20:48,TRUE,3213
2941,Customer_4948,Last_4948,Customer_4948@Email.Com,Yanbu,New,3/24/2023 20:48,TRUE,13372
2942,Customer_1568,Last_1568,Customer_1568@Email.Com,Taif,New,3/25/2023 9:39,TRUE,43162
2943,Customer_2654,Last_2654,Customer_2654@Email.Com,Buraidah,Premium,3/26/2023 11:21,TRUE,34723
2944,Customer_1447,Last_1447,Customer_1447@Email.Com,Hail,New,3/26/2023 11:21,TRUE,16832
2945,Customer_3355,Last_3355,Customer_3355@Email.Com,Mecca,Basic,3/26/2023 11:21,TRUE,17574
2946,Customer_1858,Last_1858,Customer_1858@Email.Com,Khamis Mushait,Standard,3/27/2023 0:12,TRUE,13950
2947,Customer_3912,Last_3912,Customer_3912@Email.Com,Khobar,New,3/27/2023 0:12,TRUE,38193
2948,Customer_712,Last_712,Customer_712@Email.Com,Riyadh,Standard,3/28/2023 1:55,TRUE,16303
2949,Customer_3117,Last_3117,Customer_3117@Email.Com,Al-Ahsa,Basic,3/28/2023 14:46,TRUE,23321
2950,Customer_2305,Last_2305,Customer_2305@Email.Com,Al-Kharj,Vip,3/29/2023 16:28,TRUE,15740
2951,Customer_4172,Last_4172,Customer_4172@Email.Com,Qatif,Basic,3/29/2023 16:28,TRUE,26852
2952,Customer_1522,Last_1522,Customer_1522@Email.Com,Dhahran,Basic,3/29/2023 16:28,TRUE,5691
2953,Customer_2669,Last_2669,Customer_2669@Email.Com,Al-Kharj,Basic,3/30/2023 18:10,TRUE,23427
2954,Customer_4908,Last_4908,Customer_4908@Email.Com,Arar,Basic,3/30/2023 18:10,TRUE,37352
2955,Customer_3259,Last_3259,Customer_3259@Email.Com,Hail,Vip,3/31/2023 7:02,TRUE,27365
2956,Customer_4910,Last_4910,Customer_4910@Email.Com,Khobar,Basic,3/31/2023 19:53,TRUE,22614
2957,Customer_1253,Last_1253,Customer_1253@Email.Com,Medina,Premium,3/31/2023 19:53,TRUE,37424
2958,Customer_3573,Last_3573,Customer_3573@Email.Com,Mecca,Basic,4/1/2023 8:44,TRUE,7046
2959,Customer_3549,Last_3549,Customer_3549@Email.Com,Najran,Standard,4/2/2023 10:26,FALSE,23549
2960,Customer_1109,Last_1109,Customer_1109@Email.Com,Jubail,Standard,4/2/2023 10:26,TRUE,22692
2961,Customer_2275,Last_2275,Customer_2275@Email.Com,Najran,Basic,4/2/2023 23:17,TRUE,27794
2962,Customer_1609,Last_1609,Customer_1609@Email.Com,Yanbu,Vip,4/2/2023 23:17,TRUE,6971
2963,Customer_4702,Last_4702,Customer_4702@Email.Com,Al-Kharj,Standard,4/4/2023 0:59,FALSE,28077
2964,Customer_3780,Last_3780,Customer_3780@Email.Com,Al-Ahsa,Standard,4/4/2023 0:59,TRUE,8353
2965,Customer_2237,Last_2237,Customer_2237@Email.Com,Medina,Standard,4/4/2023 0:59,FALSE,18611
2966,Customer_50,Last_50,Customer_50@Email.Com,Khamis Mushait,Vip,4/4/2023 13:51,TRUE,13850
2967,Customer_2223,Last_2223,Customer_2223@Email.Com,Dhahran,Standard,4/4/2023 13:51,TRUE,32800
2968,Customer_1044,Last_1044,Customer_1044@Email.Com,Al-Ahsa,Basic,4/6/2023 4:24,TRUE,571
2969,Customer_1308,Last_1308,Customer_1308@Email.Com,Buraidah,Basic,4/7/2023 6:06,TRUE,3044
2970,Customer_3031,Last_3031,Customer_3031@Email.Com,Mecca,Standard,4/7/2023 6:06,TRUE,3345
2971,Customer_4207,Last_4207,Customer_4207@Email.Com,Khamis Mushait,Standard,4/7/2023 18:57,TRUE,19509
2972,Customer_1701,Last_1701,Customer_1701@Email.Com,Jubail,Premium,4/8/2023 20:40,TRUE,26088
2973,Customer_2542,Last_2542,Customer_2542@Email.Com,Arar,Basic,4/8/2023 20:40,TRUE,15930
2974,Customer_3967,Last_3967,Customer_3967@Email.Com,Al-Kharj,Vip,4/9/2023 9:31,TRUE,34291
2975,Customer_3092,Last_3092,Customer_3092@Email.Com,Dhahran,Premium,4/10/2023 11:13,TRUE,26469
2976,Customer_1651,Last_1651,Customer_1651@Email.Com,Taif,Standard,4/12/2023 14:38,TRUE,34968
2977,Customer_1959,Last_1959,Customer_1959@Email.Com,Taif,New,4/12/2023 14:38,TRUE,29859
2978,Customer_3133,Last_3133,Customer_3133@Email.Com,Tabuk,Standard,4/12/2023 14:38,TRUE,15316
2979,Customer_4177,Last_4177,Customer_4177@Email.Com,Tabuk,Vip,4/13/2023 3:29,TRUE,32007
2980,Customer_2053,Last_2053,Customer_2053@Email.Com,Khobar,Basic,4/13/2023 3:29,TRUE,13555
2981,Customer_4708,Last_4708,Customer_4708@Email.Com,Khamis Mushait,New,4/13/2023 16:20,TRUE,20002
2982,Customer_90,Last_90,Customer_90@Email.Com,Hail,Standard,4/13/2023 16:20,TRUE,23434
2983,Customer_912,Last_912,Customer_912@Email.Com,Al-Kharj,Standard,4/14/2023 5:11,TRUE,14535
2984,Customer_82,Last_82,Customer_82@Email.Com,Buraidah,Premium,4/14/2023 5:11,TRUE,13622
2985,Customer_2494,Last_2494,Customer_2494@Email.Com,Khamis Mushait,Basic,4/14/2023 18:02,TRUE,45854
2986,Customer_2398,Last_2398,Customer_2398@Email.Com,Riyadh,New,4/15/2023 6:53,TRUE,42272
2987,Customer_970,Last_970,Customer_970@Email.Com,Medina,Basic,4/15/2023 19:44,TRUE,46172
2988,Customer_4435,Last_4435,Customer_4435@Email.Com,Dhahran,Vip,4/16/2023 8:35,FALSE,46697
2989,Customer_1248,Last_1248,Customer_1248@Email.Com,Dammam,Standard,4/16/2023 8:35,TRUE,9456
2990,Customer_3608,Last_3608,Customer_3608@Email.Com,Najran,Basic,4/16/2023 21:27,TRUE,761
2991,Customer_354,Last_354,Customer_354@Email.Com,Dammam,Premium,4/16/2023 21:27,TRUE,34076
2992,Customer_1603,Last_1603,Customer_1603@Email.Com,Hail,Basic,4/17/2023 10:18,TRUE,16587
2993,Customer_3512,Last_3512,Customer_3512@Email.Com,Dhahran,Basic,4/17/2023 23:09,TRUE,33355
2994,Customer_2705,Last_2705,Customer_2705@Email.Com,Najran,Vip,4/17/2023 23:09,TRUE,41736
2995,Customer_3068,Last_3068,Customer_3068@Email.Com,Mecca,Standard,4/17/2023 23:09,TRUE,39407
2996,Customer_3979,Last_3979,Customer_3979@Email.Com,Buraidah,Vip,4/19/2023 13:42,TRUE,48630
2997,Customer_4785,Last_4785,Customer_4785@Email.Com,Khamis Mushait,Basic,4/20/2023 2:33,TRUE,24877
2998,Customer_2479,Last_2479,Customer_2479@Email.Com,Khamis Mushait,Basic,4/23/2023 7:40,TRUE,13338
2999,Customer_4815,Last_4815,Customer_4815@Email.Com,Jubail,Standard,4/23/2023 7:40,TRUE,37214
3000,Customer_4862,Last_4862,Customer_4862@Email.Com,Buraidah,Basic,4/23/2023 20:31,TRUE,34555
3001,Customer_644,Last_644,Customer_644@Email.Com,Taif,Vip,4/24/2023 9:22,TRUE,9585
3002,Customer_1191,Last_1191,Customer_1191@Email.Com,Hail,Vip,4/24/2023 9:22,TRUE,37971
3003,Customer_3310,Last_3310,Customer_3310@Email.Com,Al-Kharj,Basic,4/24/2023 9:22,TRUE,30298
3004,Customer_4938,Last_4938,Customer_4938@Email.Com,Mecca,Standard,4/24/2023 22:14,TRUE,27683
3005,Customer_919,Last_919,Customer_919@Email.Com,Medina,Standard,4/24/2023 22:14,TRUE,2704
3006,Customer_4143,Last_4143,Customer_4143@Email.Com,Dammam,Basic,4/24/2023 22:14,TRUE,46719
3007,Customer_172,Last_172,Customer_172@Email.Com,Dhahran,Vip,4/25/2023 23:56,TRUE,24641
3008,Customer_3397,Last_3397,Customer_3397@Email.Com,Riyadh,New,4/26/2023 12:47,TRUE,38439
3009,Customer_2741,Last_2741,Customer_2741@Email.Com,Mecca,Basic,4/26/2023 12:47,TRUE,13530
3010,Customer_2710,Last_2710,Customer_2710@Email.Com,Khobar,Standard,4/27/2023 1:38,TRUE,19640
3011,Customer_315,Last_315,Customer_315@Email.Com,Qatif,Premium,4/27/2023 1:38,FALSE,15963
3012,Customer_2004,Last_2004,Customer_2004@Email.Com,Mecca,Basic,4/28/2023 3:20,FALSE,11361
3013,Customer_4448,Last_4448,Customer_4448@Email.Com,Arar,Standard,4/28/2023 16:11,TRUE,25380
3014,Customer_4055,Last_4055,Customer_4055@Email.Com,Buraidah,New,4/29/2023 5:03,TRUE,26505
3015,Customer_2661,Last_2661,Customer_2661@Email.Com,Dammam,Standard,4/30/2023 6:45,TRUE,44863
3016,Customer_3805,Last_3805,Customer_3805@Email.Com,Jeddah,Basic,4/30/2023 6:45,FALSE,8032
3017,Customer_3960,Last_3960,Customer_3960@Email.Com,Dammam,Standard,4/30/2023 6:45,TRUE,15289
3018,Customer_1724,Last_1724,Customer_1724@Email.Com,Arar,Vip,4/30/2023 6:45,TRUE,3894
3019,Customer_1808,Last_1808,Customer_1808@Email.Com,Al-Ahsa,Basic,4/30/2023 19:36,TRUE,7670
3020,Customer_3687,Last_3687,Customer_3687@Email.Com,Qatif,Basic,5/1/2023 8:27,TRUE,20494
3021,Customer_3538,Last_3538,Customer_3538@Email.Com,Al-Ahsa,Standard,5/1/2023 21:18,TRUE,19794
3022,Customer_1958,Last_1958,Customer_1958@Email.Com,Buraidah,Standard,5/2/2023 23:00,TRUE,49334
3023,Customer_2888,Last_2888,Customer_2888@Email.Com,Abha,Standard,5/3/2023 11:52,TRUE,7549
3024,Customer_356,Last_356,Customer_356@Email.Com,Arar,New,5/3/2023 11:52,FALSE,25817
3025,Customer_4112,Last_4112,Customer_4112@Email.Com,Qatif,Standard,5/4/2023 13:34,TRUE,39844
3026,Customer_3693,Last_3693,Customer_3693@Email.Com,Al-Ahsa,Standard,5/6/2023 4:07,TRUE,46448
3027,Customer_3296,Last_3296,Customer_3296@Email.Com,Khamis Mushait,Vip,5/6/2023 16:58,TRUE,28530
3028,Customer_870,Last_870,Customer_870@Email.Com,Buraidah,Standard,5/6/2023 16:58,FALSE,32716
3029,Customer_3853,Last_3853,Customer_3853@Email.Com,Buraidah,New,5/7/2023 5:49,TRUE,8000
3030,Customer_4162,Last_4162,Customer_4162@Email.Com,Riyadh,Basic,5/7/2023 5:49,TRUE,14713
3031,Customer_4585,Last_4585,Customer_4585@Email.Com,Tabuk,Standard,5/7/2023 18:41,TRUE,43058
3032,Customer_4151,Last_4151,Customer_4151@Email.Com,Taif,Standard,5/8/2023 7:32,TRUE,1835
3033,Customer_70,Last_70,Customer_70@Email.Com,Khamis Mushait,New,5/8/2023 7:32,TRUE,28090
3034,Customer_4681,Last_4681,Customer_4681@Email.Com,Yanbu,Vip,5/9/2023 9:14,TRUE,37909
3035,Customer_1171,Last_1171,Customer_1171@Email.Com,Mecca,Basic,5/10/2023 10:56,TRUE,17806
3036,Customer_2327,Last_2327,Customer_2327@Email.Com,Riyadh,Basic,5/10/2023 23:47,TRUE,12228
3037,Customer_1756,Last_1756,Customer_1756@Email.Com,Qatif,Basic,5/10/2023 23:47,TRUE,17822
3038,Customer_4838,Last_4838,Customer_4838@Email.Com,Dammam,New,5/11/2023 12:39,TRUE,41430
3039,Customer_1422,Last_1422,Customer_1422@Email.Com,Najran,Standard,5/11/2023 12:39,TRUE,11084
3040,Customer_4114,Last_4114,Customer_4114@Email.Com,Mecca,Vip,5/12/2023 1:30,TRUE,305
3041,Customer_3769,Last_3769,Customer_3769@Email.Com,Jeddah,Premium,5/12/2023 14:21,TRUE,43406
3042,Customer_2658,Last_2658,Customer_2658@Email.Com,Jubail,Standard,5/13/2023 3:12,TRUE,36833
3043,Customer_1277,Last_1277,Customer_1277@Email.Com,Najran,Basic,5/13/2023 3:12,TRUE,32794
3044,Customer_974,Last_974,Customer_974@Email.Com,Dhahran,Basic,5/13/2023 16:03,FALSE,18281
3045,Customer_1629,Last_1629,Customer_1629@Email.Com,Al-Kharj,Basic,5/14/2023 4:54,TRUE,15993
3046,Customer_2302,Last_2302,Customer_2302@Email.Com,Al-Kharj,Premium,5/14/2023 4:54,TRUE,8862
3047,Customer_1648,Last_1648,Customer_1648@Email.Com,Jeddah,Standard,5/14/2023 17:45,FALSE,40157
3048,Customer_3273,Last_3273,Customer_3273@Email.Com,Taif,Basic,5/14/2023 17:45,FALSE,10898
3049,Customer_4147,Last_4147,Customer_4147@Email.Com,Yanbu,New,5/15/2023 19:28,TRUE,14406
3050,Customer_4905,Last_4905,Customer_4905@Email.Com,Yanbu,Basic,5/18/2023 11:43,TRUE,21058
3051,Customer_4706,Last_4706,Customer_4706@Email.Com,Khobar,Standard,5/20/2023 15:08,TRUE,31036
3052,Customer_3434,Last_3434,Customer_3434@Email.Com,Riyadh,Standard,5/21/2023 3:59,TRUE,13859
3053,Customer_4019,Last_4019,Customer_4019@Email.Com,Dhahran,Basic,5/21/2023 3:59,TRUE,2573
3054,Customer_2571,Last_2571,Customer_2571@Email.Com,Jubail,Standard,5/21/2023 16:50,TRUE,45224
3055,Customer_555,Last_555,Customer_555@Email.Com,Al-Kharj,Basic,5/21/2023 16:50,TRUE,18982
3056,Customer_3047,Last_3047,Customer_3047@Email.Com,Buraidah,Vip,5/22/2023 18:32,FALSE,42281
3057,Customer_366,Last_366,Customer_366@Email.Com,Jubail,Standard,5/23/2023 7:23,TRUE,13425
3058,Customer_3402,Last_3402,Customer_3402@Email.Com,Al-Kharj,Basic,5/23/2023 20:15,TRUE,18449
3059,Customer_3845,Last_3845,Customer_3845@Email.Com,Taif,Standard,5/23/2023 20:15,TRUE,38907
3060,Customer_2113,Last_2113,Customer_2113@Email.Com,Khobar,New,5/24/2023 9:06,TRUE,17505
3061,Customer_2603,Last_2603,Customer_2603@Email.Com,Qatif,Basic,5/24/2023 9:06,TRUE,5096
3062,Customer_340,Last_340,Customer_340@Email.Com,Al-Kharj,Basic,5/28/2023 3:04,TRUE,31748
3063,Customer_2240,Last_2240,Customer_2240@Email.Com,Hail,Standard,5/28/2023 15:55,FALSE,13025
3064,Customer_2293,Last_2293,Customer_2293@Email.Com,Tabuk,Standard,5/29/2023 4:46,TRUE,27280
3065,Customer_3097,Last_3097,Customer_3097@Email.Com,Al-Ahsa,Basic,5/29/2023 17:37,TRUE,27492
3066,Customer_3238,Last_3238,Customer_3238@Email.Com,Al-Ahsa,Basic,5/29/2023 17:37,TRUE,44782
3067,Customer_538,Last_538,Customer_538@Email.Com,Yanbu,Premium,5/30/2023 6:28,TRUE,10641
3068,Customer_4100,Last_4100,Customer_4100@Email.Com,Yanbu,Standard,5/30/2023 19:19,TRUE,49347
3069,Customer_929,Last_929,Customer_929@Email.Com,Al-Kharj,New,5/30/2023 19:19,TRUE,12767
3070,Customer_59,Last_59,Customer_59@Email.Com,Jeddah,Basic,5/30/2023 19:19,TRUE,11311
3071,Customer_4424,Last_4424,Customer_4424@Email.Com,Jeddah,Basic,5/31/2023 8:10,TRUE,34604
3072,Customer_2541,Last_2541,Customer_2541@Email.Com,Taif,Standard,5/31/2023 21:01,TRUE,43654
3073,Customer_4877,Last_4877,Customer_4877@Email.Com,Tabuk,Standard,5/31/2023 21:01,TRUE,48910
3074,Customer_45,Last_45,Customer_45@Email.Com,Al-Kharj,Standard,5/31/2023 21:01,TRUE,44280
3075,Customer_2202,Last_2202,Customer_2202@Email.Com,Buraidah,Basic,6/2/2023 11:35,TRUE,44910
3076,Customer_2566,Last_2566,Customer_2566@Email.Com,Buraidah,Standard,6/4/2023 2:08,TRUE,7046
3077,Customer_3534,Last_3534,Customer_3534@Email.Com,Abha,Basic,6/4/2023 2:08,TRUE,40777
3078,Customer_2043,Last_2043,Customer_2043@Email.Com,Jeddah,Basic,6/4/2023 14:59,FALSE,6780
3079,Customer_4500,Last_4500,Customer_4500@Email.Com,Abha,Standard,6/6/2023 5:33,TRUE,16411
3080,Customer_1657,Last_1657,Customer_1657@Email.Com,Yanbu,New,6/6/2023 18:24,TRUE,4115
3081,Customer_1703,Last_1703,Customer_1703@Email.Com,Riyadh,Basic,6/6/2023 18:24,TRUE,8861
3082,Customer_1240,Last_1240,Customer_1240@Email.Com,Arar,Vip,6/6/2023 18:24,TRUE,31102
3083,Customer_4946,Last_4946,Customer_4946@Email.Com,Jubail,Basic,6/7/2023 7:15,FALSE,29570
3084,Customer_1678,Last_1678,Customer_1678@Email.Com,Taif,New,6/7/2023 7:15,TRUE,29236
3085,Customer_4839,Last_4839,Customer_4839@Email.Com,Arar,New,6/8/2023 8:57,TRUE,27807
3086,Customer_738,Last_738,Customer_738@Email.Com,Yanbu,New,6/8/2023 21:48,TRUE,18565
3087,Customer_1030,Last_1030,Customer_1030@Email.Com,Yanbu,Standard,6/9/2023 10:40,TRUE,32919
3088,Customer_687,Last_687,Customer_687@Email.Com,Khobar,Basic,6/9/2023 10:40,TRUE,4963
3089,Customer_1563,Last_1563,Customer_1563@Email.Com,Abha,Basic,6/9/2023 23:31,TRUE,22900
3090,Customer_3477,Last_3477,Customer_3477@Email.Com,Khamis Mushait,Vip,6/11/2023 1:13,TRUE,44388
3091,Customer_674,Last_674,Customer_674@Email.Com,Al-Kharj,Premium,6/11/2023 1:13,TRUE,2205
3092,Customer_1104,Last_1104,Customer_1104@Email.Com,Abha,Premium,6/11/2023 1:13,TRUE,44541
3093,Customer_2040,Last_2040,Customer_2040@Email.Com,Riyadh,Basic,6/11/2023 1:13,TRUE,27619
3094,Customer_4928,Last_4928,Customer_4928@Email.Com,Taif,Basic,6/11/2023 14:04,TRUE,25530
3095,Customer_2232,Last_2232,Customer_2232@Email.Com,Al-Ahsa,Standard,6/11/2023 14:04,TRUE,3926
3096,Customer_549,Last_549,Customer_549@Email.Com,Riyadh,Standard,6/11/2023 14:04,TRUE,10352
3097,Customer_1945,Last_1945,Customer_1945@Email.Com,Hail,Basic,6/12/2023 2:55,TRUE,3492
3098,Customer_1359,Last_1359,Customer_1359@Email.Com,Jubail,Basic,6/12/2023 15:46,FALSE,6886
3099,Customer_4037,Last_4037,Customer_4037@Email.Com,Qatif,Basic,6/12/2023 15:46,FALSE,10716
3100,Customer_374,Last_374,Customer_374@Email.Com,Riyadh,New,6/13/2023 4:37,FALSE,38865
3101,Customer_3171,Last_3171,Customer_3171@Email.Com,Taif,Standard,6/13/2023 4:37,TRUE,39602
3102,Customer_3446,Last_3446,Customer_3446@Email.Com,Dammam,Premium,6/13/2023 17:29,TRUE,31293
3103,Customer_270,Last_270,Customer_270@Email.Com,Najran,New,6/13/2023 17:29,TRUE,937
3104,Customer_2028,Last_2028,Customer_2028@Email.Com,Khobar,Basic,6/13/2023 17:29,TRUE,11112
3105,Customer_3437,Last_3437,Customer_3437@Email.Com,Buraidah,New,6/14/2023 19:11,TRUE,27943
3106,Customer_4920,Last_4920,Customer_4920@Email.Com,Yanbu,Basic,6/15/2023 8:02,TRUE,38612
3107,Customer_2776,Last_2776,Customer_2776@Email.Com,Najran,Premium,6/15/2023 8:02,TRUE,24941
3108,Customer_3795,Last_3795,Customer_3795@Email.Com,Mecca,Standard,6/15/2023 8:02,TRUE,40290
3109,Customer_4577,Last_4577,Customer_4577@Email.Com,Jubail,Standard,6/15/2023 20:53,FALSE,34867
3110,Customer_3910,Last_3910,Customer_3910@Email.Com,Dammam,Standard,6/15/2023 20:53,TRUE,15948
3111,Customer_3677,Last_3677,Customer_3677@Email.Com,Jeddah,Standard,6/16/2023 9:44,TRUE,3398
3112,Customer_1026,Last_1026,Customer_1026@Email.Com,Yanbu,Premium,6/16/2023 9:44,TRUE,17365
3113,Customer_3098,Last_3098,Customer_3098@Email.Com,Khobar,New,6/16/2023 9:44,TRUE,3266
3114,Customer_2452,Last_2452,Customer_2452@Email.Com,Mecca,Vip,6/17/2023 11:27,TRUE,44349
3115,Customer_1216,Last_1216,Customer_1216@Email.Com,Medina,Basic,6/18/2023 0:18,TRUE,11009
3116,Customer_3435,Last_3435,Customer_3435@Email.Com,Dhahran,Basic,6/19/2023 2:00,TRUE,43798
3117,Customer_3090,Last_3090,Customer_3090@Email.Com,Arar,Basic,6/19/2023 2:00,TRUE,46705
3118,Customer_177,Last_177,Customer_177@Email.Com,Riyadh,Standard,6/19/2023 14:51,TRUE,15201
3119,Customer_435,Last_435,Customer_435@Email.Com,Dammam,Basic,6/20/2023 3:42,TRUE,16888
3120,Customer_3247,Last_3247,Customer_3247@Email.Com,Riyadh,Standard,6/20/2023 3:42,TRUE,17013
3121,Customer_4203,Last_4203,Customer_4203@Email.Com,Qatif,Basic,6/21/2023 5:24,TRUE,45005
3122,Customer_412,Last_412,Customer_412@Email.Com,Arar,Basic,6/21/2023 18:16,TRUE,26055
3123,Customer_4133,Last_4133,Customer_4133@Email.Com,Qatif,Standard,6/22/2023 19:58,FALSE,21875
3124,Customer_3576,Last_3576,Customer_3576@Email.Com,Mecca,Basic,6/22/2023 19:58,TRUE,46202
3125,Customer_1690,Last_1690,Customer_1690@Email.Com,Jubail,Standard,6/23/2023 8:49,TRUE,49211
3126,Customer_1744,Last_1744,Customer_1744@Email.Com,Buraidah,Basic,6/23/2023 21:40,FALSE,48377
3127,Customer_2260,Last_2260,Customer_2260@Email.Com,Mecca,Basic,6/24/2023 23:22,TRUE,23382
3128,Customer_1140,Last_1140,Customer_1140@Email.Com,Khobar,New,6/24/2023 23:22,TRUE,15237
3129,Customer_429,Last_429,Customer_429@Email.Com,Yanbu,Standard,6/24/2023 23:22,TRUE,24204
3130,Customer_765,Last_765,Customer_765@Email.Com,Abha,Premium,6/25/2023 12:13,TRUE,39906
3131,Customer_592,Last_592,Customer_592@Email.Com,Yanbu,Basic,6/25/2023 12:13,TRUE,49365
3132,Customer_958,Last_958,Customer_958@Email.Com,Yanbu,Basic,6/26/2023 1:05,FALSE,5589
3133,Customer_2871,Last_2871,Customer_2871@Email.Com,Khamis Mushait,Basic,6/26/2023 13:56,FALSE,9138
3134,Customer_4279,Last_4279,Customer_4279@Email.Com,Medina,New,6/27/2023 2:47,TRUE,20389
3135,Customer_4183,Last_4183,Customer_4183@Email.Com,Buraidah,Standard,6/28/2023 4:29,TRUE,46436
3136,Customer_4284,Last_4284,Customer_4284@Email.Com,Buraidah,Basic,6/28/2023 4:29,TRUE,21629
3137,Customer_1623,Last_1623,Customer_1623@Email.Com,Medina,Standard,6/29/2023 6:11,TRUE,45625
3138,Customer_875,Last_875,Customer_875@Email.Com,Medina,New,6/29/2023 19:03,TRUE,43093
3139,Customer_2967,Last_2967,Customer_2967@Email.Com,Jubail,New,6/30/2023 7:54,TRUE,2120
3140,Customer_4670,Last_4670,Customer_4670@Email.Com,Hail,Premium,6/30/2023 20:45,FALSE,48756
3141,Customer_2820,Last_2820,Customer_2820@Email.Com,Khobar,Standard,7/2/2023 11:18,TRUE,48987
3142,Customer_975,Last_975,Customer_975@Email.Com,Abha,Standard,7/3/2023 13:00,TRUE,2192
3143,Customer_3289,Last_3289,Customer_3289@Email.Com,Yanbu,Basic,7/3/2023 13:00,TRUE,20982
3144,Customer_1602,Last_1602,Customer_1602@Email.Com,Abha,Premium,7/3/2023 13:00,TRUE,19297
3145,Customer_1194,Last_1194,Customer_1194@Email.Com,Dammam,Basic,7/5/2023 16:25,FALSE,22887
3146,Customer_16,Last_16,Customer_16@Email.Com,Jeddah,Premium,7/6/2023 5:16,TRUE,23426
3147,Customer_2234,Last_2234,Customer_2234@Email.Com,Al-Ahsa,Standard,7/6/2023 5:16,TRUE,43056
3148,Customer_2568,Last_2568,Customer_2568@Email.Com,Medina,New,7/7/2023 19:49,TRUE,16722
3149,Customer_2088,Last_2088,Customer_2088@Email.Com,Riyadh,Standard,7/8/2023 8:41,TRUE,47769
3150,Customer_4040,Last_4040,Customer_4040@Email.Com,Qatif,Basic,7/8/2023 21:32,FALSE,36819
3151,Customer_248,Last_248,Customer_248@Email.Com,Khamis Mushait,Vip,7/8/2023 21:32,TRUE,45061
3152,Customer_2555,Last_2555,Customer_2555@Email.Com,Dammam,Basic,7/8/2023 21:32,TRUE,46993
3153,Customer_3591,Last_3591,Customer_3591@Email.Com,Arar,Standard,7/9/2023 23:14,TRUE,8699
3154,Customer_2389,Last_2389,Customer_2389@Email.Com,Yanbu,Vip,7/9/2023 23:14,FALSE,23838
3155,Customer_2676,Last_2676,Customer_2676@Email.Com,Dammam,Standard,7/10/2023 12:05,TRUE,25302
3156,Customer_3487,Last_3487,Customer_3487@Email.Com,Tabuk,Basic,7/11/2023 0:56,TRUE,5379
3157,Customer_222,Last_222,Customer_222@Email.Com,Jeddah,Standard,7/11/2023 13:47,TRUE,14450
3158,Customer_3540,Last_3540,Customer_3540@Email.Com,Jubail,Standard,7/11/2023 13:47,FALSE,18751
3159,Customer_1897,Last_1897,Customer_1897@Email.Com,Dhahran,New,7/12/2023 2:39,TRUE,20100
3160,Customer_928,Last_928,Customer_928@Email.Com,Yanbu,Basic,7/12/2023 2:39,TRUE,30027
3161,Customer_66,Last_66,Customer_66@Email.Com,Najran,Basic,7/12/2023 15:30,FALSE,10300
3162,Customer_4386,Last_4386,Customer_4386@Email.Com,Dhahran,Standard,7/13/2023 4:21,TRUE,26998
3163,Customer_1871,Last_1871,Customer_1871@Email.Com,Yanbu,Vip,7/13/2023 17:12,TRUE,18064
3164,Customer_4722,Last_4722,Customer_4722@Email.Com,Dhahran,Standard,7/14/2023 6:03,TRUE,25824
3165,Customer_3692,Last_3692,Customer_3692@Email.Com,Dammam,Basic,7/14/2023 18:54,TRUE,3447
3166,Customer_461,Last_461,Customer_461@Email.Com,Jubail,Basic,7/14/2023 18:54,TRUE,2316
3167,Customer_3286,Last_3286,Customer_3286@Email.Com,Riyadh,New,7/15/2023 20:36,FALSE,29472
3168,Customer_119,Last_119,Customer_119@Email.Com,Yanbu,Basic,7/16/2023 9:28,TRUE,8769
3169,Customer_1929,Last_1929,Customer_1929@Email.Com,Riyadh,New,7/17/2023 11:10,TRUE,3041
3170,Customer_4118,Last_4118,Customer_4118@Email.Com,Jubail,Standard,7/17/2023 11:10,TRUE,30711
3171,Customer_2999,Last_2999,Customer_2999@Email.Com,Arar,Basic,7/17/2023 11:10,TRUE,10786
3172,Customer_655,Last_655,Customer_655@Email.Com,Al-Kharj,Basic,7/18/2023 0:01,TRUE,21500
3173,Customer_1759,Last_1759,Customer_1759@Email.Com,Tabuk,New,7/18/2023 12:52,TRUE,21294
3174,Customer_1764,Last_1764,Customer_1764@Email.Com,Medina,Standard,7/19/2023 14:34,TRUE,4424
3175,Customer_2471,Last_2471,Customer_2471@Email.Com,Abha,Basic,7/20/2023 3:25,TRUE,10661
3176,Customer_4361,Last_4361,Customer_4361@Email.Com,Hail,Vip,7/20/2023 16:17,TRUE,10274
3177,Customer_4796,Last_4796,Customer_4796@Email.Com,Buraidah,Standard,7/21/2023 5:08,TRUE,4590
3178,Customer_4612,Last_4612,Customer_4612@Email.Com,Riyadh,Basic,7/21/2023 17:59,TRUE,14186
3179,Customer_2449,Last_2449,Customer_2449@Email.Com,Khamis Mushait,New,7/22/2023 19:41,TRUE,36400
3180,Customer_2948,Last_2948,Customer_2948@Email.Com,Riyadh,New,7/22/2023 19:41,FALSE,11554
3181,Customer_1139,Last_1139,Customer_1139@Email.Com,Medina,Standard,7/23/2023 8:32,TRUE,34533
3182,Customer_1768,Last_1768,Customer_1768@Email.Com,Riyadh,Standard,7/23/2023 21:23,TRUE,29469
3183,Customer_4271,Last_4271,Customer_4271@Email.Com,Jubail,Vip,7/26/2023 13:39,TRUE,21604
3184,Customer_365,Last_365,Customer_365@Email.Com,Abha,Vip,7/26/2023 13:39,TRUE,7860
3185,Customer_2682,Last_2682,Customer_2682@Email.Com,Najran,Standard,7/27/2023 15:21,TRUE,17195
3186,Customer_3037,Last_3037,Customer_3037@Email.Com,Al-Ahsa,Basic,7/28/2023 17:04,FALSE,17839
3187,Customer_3448,Last_3448,Customer_3448@Email.Com,Jubail,Basic,7/29/2023 5:55,TRUE,10659
3188,Customer_3754,Last_3754,Customer_3754@Email.Com,Medina,Standard,7/29/2023 18:46,TRUE,10985
3189,Customer_4558,Last_4558,Customer_4558@Email.Com,Dammam,Standard,7/29/2023 18:46,TRUE,20600
3190,Customer_3058,Last_3058,Customer_3058@Email.Com,Jubail,Basic,7/31/2023 9:19,TRUE,31428
3191,Customer_4466,Last_4466,Customer_4466@Email.Com,Medina,New,7/31/2023 9:19,TRUE,22683
3192,Customer_1835,Last_1835,Customer_1835@Email.Com,Najran,Standard,7/31/2023 9:19,TRUE,16236
3193,Customer_539,Last_539,Customer_539@Email.Com,Yanbu,Basic,7/31/2023 22:10,FALSE,36735
3194,Customer_4165,Last_4165,Customer_4165@Email.Com,Medina,Basic,8/1/2023 23:53,TRUE,49949
3195,Customer_606,Last_606,Customer_606@Email.Com,Riyadh,Basic,8/1/2023 23:53,TRUE,10291
3196,Customer_4673,Last_4673,Customer_4673@Email.Com,Khobar,Standard,8/4/2023 3:17,TRUE,36327
3197,Customer_460,Last_460,Customer_460@Email.Com,Medina,Standard,8/4/2023 16:08,FALSE,49937
3198,Customer_4648,Last_4648,Customer_4648@Email.Com,Riyadh,New,8/4/2023 16:08,TRUE,30367
3199,Customer_647,Last_647,Customer_647@Email.Com,Khamis Mushait,Standard,8/5/2023 4:59,TRUE,4323
3200,Customer_4771,Last_4771,Customer_4771@Email.Com,Khamis Mushait,Premium,8/6/2023 6:42,TRUE,900
3201,Customer_580,Last_580,Customer_580@Email.Com,Mecca,New,8/7/2023 8:24,FALSE,15151
3202,Customer_3994,Last_3994,Customer_3994@Email.Com,Al-Ahsa,Standard,8/7/2023 8:24,TRUE,44420
3203,Customer_583,Last_583,Customer_583@Email.Com,Medina,New,8/7/2023 21:15,TRUE,11276
3204,Customer_2702,Last_2702,Customer_2702@Email.Com,Tabuk,Standard,8/7/2023 21:15,TRUE,13199
3205,Customer_1086,Last_1086,Customer_1086@Email.Com,Qatif,Standard,8/7/2023 21:15,TRUE,19885
3206,Customer_3710,Last_3710,Customer_3710@Email.Com,Al-Ahsa,Premium,8/8/2023 10:06,TRUE,43781
3207,Customer_3916,Last_3916,Customer_3916@Email.Com,Khobar,New,8/8/2023 22:57,TRUE,35573
3208,Customer_2466,Last_2466,Customer_2466@Email.Com,Qatif,Basic,8/8/2023 22:57,TRUE,25355
3209,Customer_2343,Last_2343,Customer_2343@Email.Com,Mecca,Standard,8/9/2023 11:48,TRUE,18043
3210,Customer_4293,Last_4293,Customer_4293@Email.Com,Arar,Standard,8/9/2023 11:48,FALSE,48993
3211,Customer_4919,Last_4919,Customer_4919@Email.Com,Jeddah,Standard,8/11/2023 2:22,FALSE,6300
3212,Customer_4291,Last_4291,Customer_4291@Email.Com,Tabuk,Basic,8/11/2023 15:13,TRUE,41760
3213,Customer_3084,Last_3084,Customer_3084@Email.Com,Taif,Basic,8/11/2023 15:13,TRUE,1651
3214,Customer_4557,Last_4557,Customer_4557@Email.Com,Al-Ahsa,Basic,8/12/2023 4:04,TRUE,5390
3215,Customer_3999,Last_3999,Customer_3999@Email.Com,Al-Kharj,Basic,8/12/2023 4:04,TRUE,21605
3216,Customer_2013,Last_2013,Customer_2013@Email.Com,Qatif,New,8/12/2023 4:04,TRUE,38790
3217,Customer_641,Last_641,Customer_641@Email.Com,Tabuk,Basic,8/13/2023 5:46,TRUE,11659
3218,Customer_1477,Last_1477,Customer_1477@Email.Com,Arar,Standard,8/13/2023 18:37,FALSE,14334
3219,Customer_2518,Last_2518,Customer_2518@Email.Com,Najran,Standard,8/14/2023 7:29,FALSE,47156
3220,Customer_2738,Last_2738,Customer_2738@Email.Com,Abha,Premium,8/14/2023 7:29,TRUE,9415
3221,Customer_2192,Last_2192,Customer_2192@Email.Com,Dhahran,Basic,8/15/2023 9:11,TRUE,45224
3222,Customer_2904,Last_2904,Customer_2904@Email.Com,Arar,New,8/15/2023 9:11,TRUE,846
3223,Customer_953,Last_953,Customer_953@Email.Com,Tabuk,Standard,8/15/2023 22:02,TRUE,10933
3224,Customer_4254,Last_4254,Customer_4254@Email.Com,Mecca,Vip,8/16/2023 10:53,TRUE,13302
3225,Customer_4024,Last_4024,Customer_4024@Email.Com,Medina,Standard,8/16/2023 10:53,TRUE,28644
3226,Customer_2258,Last_2258,Customer_2258@Email.Com,Khamis Mushait,Basic,8/16/2023 10:53,TRUE,35709
3227,Customer_984,Last_984,Customer_984@Email.Com,Najran,Standard,8/16/2023 23:44,TRUE,41472
3228,Customer_1146,Last_1146,Customer_1146@Email.Com,Jubail,Premium,8/16/2023 23:44,TRUE,43352
3229,Customer_3524,Last_3524,Customer_3524@Email.Com,Arar,Premium,8/17/2023 12:35,TRUE,41525
3230,Customer_3341,Last_3341,Customer_3341@Email.Com,Jeddah,Basic,8/19/2023 3:09,TRUE,25040
3231,Customer_2884,Last_2884,Customer_2884@Email.Com,Riyadh,Basic,8/19/2023 3:09,TRUE,39612
3232,Customer_4692,Last_4692,Customer_4692@Email.Com,Al-Kharj,New,8/20/2023 17:42,TRUE,14927
3233,Customer_3063,Last_3063,Customer_3063@Email.Com,Qatif,New,8/21/2023 6:33,TRUE,41001
3234,Customer_290,Last_290,Customer_290@Email.Com,Dammam,Basic,8/21/2023 6:33,FALSE,41644
3235,Customer_1589,Last_1589,Customer_1589@Email.Com,Jubail,New,8/21/2023 19:24,FALSE,36881
3236,Customer_585,Last_585,Customer_585@Email.Com,Mecca,Standard,8/22/2023 8:16,TRUE,36705
3237,Customer_2335,Last_2335,Customer_2335@Email.Com,Najran,Basic,8/23/2023 9:58,TRUE,7135
3238,Customer_4569,Last_4569,Customer_4569@Email.Com,Qatif,Standard,8/24/2023 11:40,TRUE,9121
3239,Customer_3009,Last_3009,Customer_3009@Email.Com,Jeddah,Standard,8/27/2023 16:47,FALSE,6377
3240,Customer_3413,Last_3413,Customer_3413@Email.Com,Riyadh,Standard,8/29/2023 7:20,TRUE,1394
3241,Customer_2277,Last_2277,Customer_2277@Email.Com,Arar,Premium,8/29/2023 7:20,FALSE,40273
3242,Customer_113,Last_113,Customer_113@Email.Com,Najran,Standard,8/29/2023 20:11,TRUE,15175
3243,Customer_4626,Last_4626,Customer_4626@Email.Com,Al-Kharj,Basic,8/29/2023 20:11,TRUE,17590
3244,Customer_3567,Last_3567,Customer_3567@Email.Com,Dammam,Basic,8/29/2023 20:11,TRUE,35071
3245,Customer_854,Last_854,Customer_854@Email.Com,Khobar,Standard,8/29/2023 20:11,FALSE,18290
3246,Customer_3444,Last_3444,Customer_3444@Email.Com,Qatif,Standard,8/30/2023 9:02,TRUE,28160
3247,Customer_3295,Last_3295,Customer_3295@Email.Com,Mecca,Standard,8/30/2023 9:02,TRUE,22353
3248,Customer_1519,Last_1519,Customer_1519@Email.Com,Al-Kharj,Premium,8/30/2023 9:02,TRUE,42404
3249,Customer_2961,Last_2961,Customer_2961@Email.Com,Khobar,Standard,8/31/2023 10:45,FALSE,9934
3250,Customer_1925,Last_1925,Customer_1925@Email.Com,Khamis Mushait,Basic,8/31/2023 23:36,FALSE,18038
3251,Customer_3338,Last_3338,Customer_3338@Email.Com,Hail,Standard,9/1/2023 12:27,FALSE,10623
3252,Customer_2690,Last_2690,Customer_2690@Email.Com,Dammam,Standard,9/2/2023 14:09,TRUE,41842
3253,Customer_924,Last_924,Customer_924@Email.Com,Medina,Standard,9/3/2023 15:52,TRUE,27384
3254,Customer_4749,Last_4749,Customer_4749@Email.Com,Mecca,Standard,9/3/2023 15:52,TRUE,25530
3255,Customer_313,Last_313,Customer_313@Email.Com,Abha,Vip,9/4/2023 4:43,TRUE,29415
3256,Customer_841,Last_841,Customer_841@Email.Com,Jubail,Standard,9/5/2023 6:25,TRUE,24019
3257,Customer_2470,Last_2470,Customer_2470@Email.Com,Jubail,Standard,9/5/2023 6:25,TRUE,3864
3258,Customer_3759,Last_3759,Customer_3759@Email.Com,Abha,Standard,9/5/2023 6:25,TRUE,34521
3259,Customer_4586,Last_4586,Customer_4586@Email.Com,Hail,New,9/5/2023 19:16,TRUE,7137
3260,Customer_1149,Last_1149,Customer_1149@Email.Com,Hail,Standard,9/5/2023 19:16,TRUE,34075
3261,Customer_668,Last_668,Customer_668@Email.Com,Al-Kharj,Standard,9/6/2023 8:07,TRUE,25573
3262,Customer_2109,Last_2109,Customer_2109@Email.Com,Yanbu,Standard,9/6/2023 20:58,TRUE,20952
3263,Customer_4101,Last_4101,Customer_4101@Email.Com,Taif,Basic,9/7/2023 9:49,TRUE,31132
3264,Customer_3689,Last_3689,Customer_3689@Email.Com,Tabuk,Standard,9/7/2023 9:49,FALSE,6831
3265,Customer_1245,Last_1245,Customer_1245@Email.Com,Taif,Standard,9/7/2023 22:41,TRUE,42634
3266,Customer_2145,Last_2145,Customer_2145@Email.Com,Arar,Standard,9/9/2023 13:14,TRUE,36389
3267,Customer_3262,Last_3262,Customer_3262@Email.Com,Qatif,Standard,9/9/2023 13:14,TRUE,25964
3268,Customer_4468,Last_4468,Customer_4468@Email.Com,Qatif,Basic,9/9/2023 13:14,TRUE,18884
3269,Customer_1052,Last_1052,Customer_1052@Email.Com,Al-Ahsa,Basic,9/10/2023 2:05,TRUE,45041
3270,Customer_727,Last_727,Customer_727@Email.Com,Mecca,Standard,9/11/2023 3:47,FALSE,24144
3271,Customer_967,Last_967,Customer_967@Email.Com,Mecca,New,9/11/2023 3:47,TRUE,11891
3272,Customer_2923,Last_2923,Customer_2923@Email.Com,Buraidah,Basic,9/12/2023 5:30,TRUE,30894
3273,Customer_4658,Last_4658,Customer_4658@Email.Com,Taif,Basic,9/12/2023 18:21,TRUE,34902
3274,Customer_3365,Last_3365,Customer_3365@Email.Com,Tabuk,Standard,9/13/2023 7:12,TRUE,46861
3275,Customer_3264,Last_3264,Customer_3264@Email.Com,Abha,Standard,9/13/2023 7:12,FALSE,21882
3276,Customer_618,Last_618,Customer_618@Email.Com,Qatif,Standard,9/13/2023 7:12,TRUE,25931
3277,Customer_2195,Last_2195,Customer_2195@Email.Com,Riyadh,Standard,9/13/2023 20:03,TRUE,12869
3278,Customer_2115,Last_2115,Customer_2115@Email.Com,Jeddah,Standard,9/15/2023 10:36,TRUE,16439
3279,Customer_3383,Last_3383,Customer_3383@Email.Com,Jubail,Basic,9/17/2023 1:10,TRUE,15453
3280,Customer_900,Last_900,Customer_900@Email.Com,Al-Ahsa,Basic,9/17/2023 1:10,TRUE,1382
3281,Customer_3074,Last_3074,Customer_3074@Email.Com,Al-Ahsa,Standard,9/18/2023 2:52,TRUE,2018
3282,Customer_4324,Last_4324,Customer_4324@Email.Com,Khamis Mushait,Standard,9/19/2023 17:25,TRUE,26199
3283,Customer_1775,Last_1775,Customer_1775@Email.Com,Al-Kharj,Standard,9/19/2023 17:25,FALSE,3791
3284,Customer_4045,Last_4045,Customer_4045@Email.Com,Abha,Standard,9/20/2023 19:08,TRUE,42871
3285,Customer_695,Last_695,Customer_695@Email.Com,Al-Kharj,Basic,9/21/2023 7:59,TRUE,24158
3286,Customer_3421,Last_3421,Customer_3421@Email.Com,Khobar,New,9/21/2023 7:59,TRUE,10980
3287,Customer_1612,Last_1612,Customer_1612@Email.Com,Al-Ahsa,New,9/21/2023 7:59,TRUE,22166
3288,Customer_1735,Last_1735,Customer_1735@Email.Com,Medina,Basic,9/21/2023 20:50,TRUE,34713
3289,Customer_4292,Last_4292,Customer_4292@Email.Com,Dhahran,New,9/21/2023 20:50,TRUE,9333
3290,Customer_3385,Last_3385,Customer_3385@Email.Com,Hail,Standard,9/22/2023 22:32,TRUE,16911
3291,Customer_3709,Last_3709,Customer_3709@Email.Com,Qatif,New,9/25/2023 1:57,TRUE,35556
3292,Customer_3548,Last_3548,Customer_3548@Email.Com,Medina,Basic,9/25/2023 1:57,TRUE,34101
3293,Customer_337,Last_337,Customer_337@Email.Com,Arar,Premium,9/25/2023 1:57,TRUE,24448
3294,Customer_2402,Last_2402,Customer_2402@Email.Com,Al-Kharj,Vip,9/27/2023 5:21,TRUE,49601
3295,Customer_1830,Last_1830,Customer_1830@Email.Com,Khobar,Standard,9/27/2023 18:12,TRUE,21938
3296,Customer_1581,Last_1581,Customer_1581@Email.Com,Dammam,Standard,9/27/2023 18:12,TRUE,18658
3297,Customer_3056,Last_3056,Customer_3056@Email.Com,Abha,Vip,9/28/2023 19:55,FALSE,44590
3298,Customer_1695,Last_1695,Customer_1695@Email.Com,Hail,Standard,9/30/2023 23:19,FALSE,23926
3299,Customer_1751,Last_1751,Customer_1751@Email.Com,Jubail,Standard,9/30/2023 23:19,FALSE,3868
3300,Customer_3868,Last_3868,Customer_3868@Email.Com,Al-Ahsa,Basic,9/30/2023 23:19,TRUE,20166
3301,Customer_1564,Last_1564,Customer_1564@Email.Com,Yanbu,New,10/1/2023 12:10,TRUE,125
3302,Customer_3374,Last_3374,Customer_3374@Email.Com,Tabuk,Standard,10/1/2023 12:10,TRUE,38212
3303,Customer_2908,Last_2908,Customer_2908@Email.Com,Dammam,Basic,10/2/2023 1:01,TRUE,14876
3304,Customer_1903,Last_1903,Customer_1903@Email.Com,Taif,Premium,10/2/2023 1:01,TRUE,4840
3305,Customer_4537,Last_4537,Customer_4537@Email.Com,Taif,Standard,10/3/2023 15:35,TRUE,37050
3306,Customer_2953,Last_2953,Customer_2953@Email.Com,Hail,Premium,10/4/2023 17:17,TRUE,17945
3307,Customer_4813,Last_4813,Customer_4813@Email.Com,Dammam,Basic,10/4/2023 17:17,TRUE,35301
3308,Customer_195,Last_195,Customer_195@Email.Com,Khobar,New,10/5/2023 18:59,FALSE,7012
3309,Customer_152,Last_152,Customer_152@Email.Com,Abha,Basic,10/5/2023 18:59,FALSE,33028
3310,Customer_3298,Last_3298,Customer_3298@Email.Com,Khobar,Basic,10/5/2023 18:59,TRUE,45811
3311,Customer_1986,Last_1986,Customer_1986@Email.Com,Tabuk,New,10/6/2023 20:42,TRUE,17843
3312,Customer_2933,Last_2933,Customer_2933@Email.Com,Dammam,Basic,10/6/2023 20:42,TRUE,16616
3313,Customer_3219,Last_3219,Customer_3219@Email.Com,Jubail,Standard,10/7/2023 22:24,TRUE,35818
3314,Customer_1136,Last_1136,Customer_1136@Email.Com,Khobar,Standard,10/9/2023 12:57,TRUE,7408
3315,Customer_1288,Last_1288,Customer_1288@Email.Com,Riyadh,Standard,10/10/2023 1:48,FALSE,31979
3316,Customer_1803,Last_1803,Customer_1803@Email.Com,Jeddah,New,10/11/2023 3:31,FALSE,45517
3317,Customer_1043,Last_1043,Customer_1043@Email.Com,Khobar,Basic,10/11/2023 3:31,TRUE,40517
3318,Customer_3422,Last_3422,Customer_3422@Email.Com,Khamis Mushait,Premium,10/12/2023 5:13,TRUE,1844
3319,Customer_4001,Last_4001,Customer_4001@Email.Com,Riyadh,New,10/12/2023 18:04,TRUE,4834
3320,Customer_3217,Last_3217,Customer_3217@Email.Com,Khobar,Basic,10/12/2023 18:04,TRUE,8715
3321,Customer_2012,Last_2012,Customer_2012@Email.Com,Dhahran,Basic,10/12/2023 18:04,TRUE,36098
3322,Customer_2081,Last_2081,Customer_2081@Email.Com,Dammam,Standard,10/12/2023 18:04,FALSE,28268
3323,Customer_4704,Last_4704,Customer_4704@Email.Com,Arar,Standard,10/13/2023 19:46,FALSE,49674
3324,Customer_2269,Last_2269,Customer_2269@Email.Com,Al-Kharj,Basic,10/15/2023 23:11,TRUE,23115
3325,Customer_2762,Last_2762,Customer_2762@Email.Com,Riyadh,Standard,10/15/2023 23:11,TRUE,40059
3326,Customer_1762,Last_1762,Customer_1762@Email.Com,Tabuk,Basic,10/16/2023 12:02,TRUE,16583
3327,Customer_4087,Last_4087,Customer_4087@Email.Com,Buraidah,Vip,10/17/2023 13:44,TRUE,25905
3328,Customer_2620,Last_2620,Customer_2620@Email.Com,Khobar,New,10/18/2023 15:26,TRUE,15117
3329,Customer_890,Last_890,Customer_890@Email.Com,Riyadh,Basic,10/19/2023 4:18,TRUE,15693
3330,Customer_4646,Last_4646,Customer_4646@Email.Com,Qatif,Basic,10/19/2023 4:18,TRUE,19963
3331,Customer_4901,Last_4901,Customer_4901@Email.Com,Al-Kharj,Standard,10/19/2023 4:18,TRUE,13890
3332,Customer_898,Last_898,Customer_898@Email.Com,Tabuk,New,10/19/2023 17:09,TRUE,30387
3333,Customer_3474,Last_3474,Customer_3474@Email.Com,Taif,Standard,10/19/2023 17:09,TRUE,15092
3334,Customer_2077,Last_2077,Customer_2077@Email.Com,Al-Kharj,Basic,10/20/2023 18:51,TRUE,2739
3335,Customer_543,Last_543,Customer_543@Email.Com,Abha,New,10/20/2023 18:51,TRUE,12129
3336,Customer_828,Last_828,Customer_828@Email.Com,Khobar,Basic,10/20/2023 18:51,TRUE,40698
3337,Customer_3486,Last_3486,Customer_3486@Email.Com,Hail,New,10/21/2023 7:42,TRUE,26455
3338,Customer_516,Last_516,Customer_516@Email.Com,Medina,Basic,10/23/2023 11:07,FALSE,29870
3339,Customer_611,Last_611,Customer_611@Email.Com,Dhahran,New,10/23/2023 11:07,TRUE,6500
3340,Customer_2407,Last_2407,Customer_2407@Email.Com,Khobar,Basic,10/23/2023 23:58,TRUE,13823
3341,Customer_4179,Last_4179,Customer_4179@Email.Com,Khobar,Premium,10/25/2023 1:40,TRUE,14141
3342,Customer_216,Last_216,Customer_216@Email.Com,Dammam,New,10/25/2023 1:40,FALSE,37438
3343,Customer_456,Last_456,Customer_456@Email.Com,Mecca,Standard,10/26/2023 3:22,TRUE,30327
3344,Customer_1660,Last_1660,Customer_1660@Email.Com,Al-Kharj,Basic,10/26/2023 3:22,TRUE,28690
3345,Customer_572,Last_572,Customer_572@Email.Com,Buraidah,Basic,10/26/2023 16:13,TRUE,39883
3346,Customer_4305,Last_4305,Customer_4305@Email.Com,Al-Ahsa,Basic,10/27/2023 5:05,TRUE,13833
3347,Customer_3091,Last_3091,Customer_3091@Email.Com,Yanbu,Basic,10/27/2023 17:56,TRUE,18966
3348,Customer_2435,Last_2435,Customer_2435@Email.Com,Dammam,New,10/28/2023 6:47,TRUE,2214
3349,Customer_3995,Last_3995,Customer_3995@Email.Com,Al-Kharj,Standard,10/28/2023 6:47,TRUE,20152
3350,Customer_1791,Last_1791,Customer_1791@Email.Com,Khamis Mushait,Basic,10/28/2023 19:38,TRUE,39258
3351,Customer_1459,Last_1459,Customer_1459@Email.Com,Buraidah,Basic,10/29/2023 8:29,FALSE,32228
3352,Customer_568,Last_568,Customer_568@Email.Com,Al-Kharj,Standard,10/29/2023 8:29,TRUE,42040
3353,Customer_3945,Last_3945,Customer_3945@Email.Com,Qatif,Basic,10/29/2023 8:29,TRUE,11704
3354,Customer_505,Last_505,Customer_505@Email.Com,Jubail,Vip,10/29/2023 8:29,TRUE,29408
3355,Customer_1615,Last_1615,Customer_1615@Email.Com,Yanbu,Standard,11/1/2023 13:36,TRUE,11108
3356,Customer_3843,Last_3843,Customer_3843@Email.Com,Yanbu,Basic,11/2/2023 2:27,TRUE,27899
3357,Customer_1363,Last_1363,Customer_1363@Email.Com,Tabuk,Standard,11/2/2023 15:18,TRUE,2183
3358,Customer_4449,Last_4449,Customer_4449@Email.Com,Yanbu,Standard,11/2/2023 15:18,TRUE,28923
3359,Customer_2861,Last_2861,Customer_2861@Email.Com,Yanbu,Vip,11/3/2023 4:09,FALSE,3667
3360,Customer_3293,Last_3293,Customer_3293@Email.Com,Tabuk,Basic,11/3/2023 4:09,TRUE,16110
3361,Customer_2290,Last_2290,Customer_2290@Email.Com,Yanbu,Basic,11/6/2023 9:16,TRUE,49152
3362,Customer_1450,Last_1450,Customer_1450@Email.Com,Khamis Mushait,Basic,11/6/2023 22:07,TRUE,18186
3363,Customer_202,Last_202,Customer_202@Email.Com,Al-Ahsa,Basic,11/6/2023 22:07,FALSE,30266
3364,Customer_3181,Last_3181,Customer_3181@Email.Com,Al-Ahsa,Standard,11/6/2023 22:07,FALSE,7988
3365,Customer_2250,Last_2250,Customer_2250@Email.Com,Khamis Mushait,Standard,11/6/2023 22:07,TRUE,8418
3366,Customer_4765,Last_4765,Customer_4765@Email.Com,Taif,Vip,11/6/2023 22:07,FALSE,29036
3367,Customer_3509,Last_3509,Customer_3509@Email.Com,Dhahran,Premium,11/9/2023 1:32,TRUE,26991
3368,Customer_1274,Last_1274,Customer_1274@Email.Com,Khamis Mushait,Standard,11/9/2023 14:23,FALSE,42861
3369,Customer_4123,Last_4123,Customer_4123@Email.Com,Tabuk,Basic,11/10/2023 16:05,TRUE,47609
3370,Customer_812,Last_812,Customer_812@Email.Com,Tabuk,New,11/11/2023 17:47,TRUE,10002
3371,Customer_4289,Last_4289,Customer_4289@Email.Com,Arar,Standard,11/12/2023 6:38,TRUE,14605
3372,Customer_4277,Last_4277,Customer_4277@Email.Com,Yanbu,New,11/12/2023 6:38,FALSE,29550
3373,Customer_4098,Last_4098,Customer_4098@Email.Com,Medina,New,11/12/2023 6:38,TRUE,46803
3374,Customer_3495,Last_3495,Customer_3495@Email.Com,Yanbu,New,11/12/2023 6:38,TRUE,31113
3375,Customer_2778,Last_2778,Customer_2778@Email.Com,Al-Kharj,Vip,11/12/2023 19:30,TRUE,35813
3376,Customer_240,Last_240,Customer_240@Email.Com,Tabuk,New,11/13/2023 8:21,FALSE,11618
3377,Customer_1900,Last_1900,Customer_1900@Email.Com,Mecca,New,11/13/2023 21:12,TRUE,4015
3378,Customer_4511,Last_4511,Customer_4511@Email.Com,Tabuk,Basic,11/14/2023 22:54,TRUE,33378
3379,Customer_28,Last_28,Customer_28@Email.Com,Dammam,Standard,11/14/2023 22:54,TRUE,7928
3380,Customer_1819,Last_1819,Customer_1819@Email.Com,Al-Kharj,Basic,11/14/2023 22:54,TRUE,40235
3381,Customer_1041,Last_1041,Customer_1041@Email.Com,Dhahran,Standard,11/16/2023 0:36,TRUE,20846
3382,Customer_2458,Last_2458,Customer_2458@Email.Com,Mecca,Vip,11/16/2023 0:36,TRUE,41040
3383,Customer_4917,Last_4917,Customer_4917@Email.Com,Yanbu,Standard,11/16/2023 13:28,TRUE,47674
3384,Customer_1731,Last_1731,Customer_1731@Email.Com,Riyadh,Standard,11/16/2023 13:28,TRUE,27386
3385,Customer_551,Last_551,Customer_551@Email.Com,Khobar,Vip,11/16/2023 13:28,TRUE,10117
3386,Customer_569,Last_569,Customer_569@Email.Com,Riyadh,New,11/16/2023 13:28,TRUE,44894
3387,Customer_1520,Last_1520,Customer_1520@Email.Com,Najran,Vip,11/17/2023 2:19,TRUE,48074
3388,Customer_190,Last_190,Customer_190@Email.Com,Buraidah,Standard,11/17/2023 15:10,TRUE,47576
3389,Customer_336,Last_336,Customer_336@Email.Com,Dhahran,Basic,11/18/2023 4:01,TRUE,44688
3390,Customer_4138,Last_4138,Customer_4138@Email.Com,Al-Ahsa,New,11/18/2023 16:52,TRUE,247
3391,Customer_2451,Last_2451,Customer_2451@Email.Com,Riyadh,Premium,11/19/2023 5:43,TRUE,14
3392,Customer_4237,Last_4237,Customer_4237@Email.Com,Hail,Basic,11/19/2023 5:43,TRUE,17276
3393,Customer_685,Last_685,Customer_685@Email.Com,Medina,Basic,11/19/2023 5:43,FALSE,2535
3394,Customer_4716,Last_4716,Customer_4716@Email.Com,Al-Kharj,Basic,11/19/2023 18:34,FALSE,19201
3395,Customer_3405,Last_3405,Customer_3405@Email.Com,Khamis Mushait,New,11/19/2023 18:34,FALSE,14929
3396,Customer_2173,Last_2173,Customer_2173@Email.Com,Dammam,Standard,11/20/2023 7:25,TRUE,4234
3397,Customer_2638,Last_2638,Customer_2638@Email.Com,Al-Kharj,Standard,11/20/2023 20:17,TRUE,13878
3398,Customer_1426,Last_1426,Customer_1426@Email.Com,Tabuk,Basic,11/20/2023 20:17,TRUE,31902
3399,Customer_2347,Last_2347,Customer_2347@Email.Com,Najran,Vip,11/22/2023 10:50,FALSE,24700
3400,Customer_880,Last_880,Customer_880@Email.Com,Yanbu,Basic,11/22/2023 10:50,FALSE,17246
3401,Customer_1684,Last_1684,Customer_1684@Email.Com,Jeddah,Standard,11/22/2023 23:41,TRUE,7139
3402,Customer_61,Last_61,Customer_61@Email.Com,Mecca,Basic,11/23/2023 12:32,TRUE,39579
3403,Customer_844,Last_844,Customer_844@Email.Com,Tabuk,Standard,11/23/2023 12:32,TRUE,10744
3404,Customer_594,Last_594,Customer_594@Email.Com,Dammam,New,11/24/2023 1:23,TRUE,46772
3405,Customer_44,Last_44,Customer_44@Email.Com,Tabuk,Standard,11/24/2023 1:23,TRUE,35867
3406,Customer_2421,Last_2421,Customer_2421@Email.Com,Arar,Vip,11/25/2023 15:57,TRUE,46072
3407,Customer_4728,Last_4728,Customer_4728@Email.Com,Qatif,Standard,11/25/2023 15:57,TRUE,28234
3408,Customer_603,Last_603,Customer_603@Email.Com,Yanbu,Premium,11/25/2023 15:57,TRUE,17206
3409,Customer_2529,Last_2529,Customer_2529@Email.Com,Qatif,Standard,11/26/2023 4:48,TRUE,8652
3410,Customer_834,Last_834,Customer_834@Email.Com,Dammam,Standard,11/26/2023 4:48,TRUE,46728
3411,Customer_3645,Last_3645,Customer_3645@Email.Com,Dhahran,Standard,11/26/2023 17:39,TRUE,21643
3412,Customer_110,Last_110,Customer_110@Email.Com,Dammam,Standard,11/26/2023 17:39,TRUE,28554
3413,Customer_3464,Last_3464,Customer_3464@Email.Com,Jeddah,Standard,11/27/2023 6:30,TRUE,31227
3414,Customer_3288,Last_3288,Customer_3288@Email.Com,Yanbu,Basic,11/28/2023 8:12,FALSE,34789
3415,Customer_3834,Last_3834,Customer_3834@Email.Com,Mecca,New,11/28/2023 21:04,TRUE,576
3416,Customer_258,Last_258,Customer_258@Email.Com,Riyadh,Standard,11/28/2023 21:04,TRUE,30460
3417,Customer_1314,Last_1314,Customer_1314@Email.Com,Jeddah,Vip,11/28/2023 21:04,FALSE,18204
3418,Customer_147,Last_147,Customer_147@Email.Com,Abha,Standard,12/2/2023 15:01,TRUE,2082
3419,Customer_2800,Last_2800,Customer_2800@Email.Com,Khobar,Standard,12/3/2023 3:53,TRUE,23935
3420,Customer_4402,Last_4402,Customer_4402@Email.Com,Qatif,Basic,12/3/2023 3:53,TRUE,47244
3421,Customer_3300,Last_3300,Customer_3300@Email.Com,Jubail,Basic,12/3/2023 16:44,FALSE,26885
3422,Customer_637,Last_637,Customer_637@Email.Com,Yanbu,Standard,12/3/2023 16:44,FALSE,2870
3423,Customer_2168,Last_2168,Customer_2168@Email.Com,Khamis Mushait,Premium,12/4/2023 5:35,TRUE,14903
3424,Customer_2525,Last_2525,Customer_2525@Email.Com,Qatif,Vip,12/4/2023 5:35,TRUE,41012
3425,Customer_2813,Last_2813,Customer_2813@Email.Com,Najran,Standard,12/4/2023 5:35,TRUE,7644
3426,Customer_3959,Last_3959,Customer_3959@Email.Com,Qatif,Standard,12/4/2023 18:26,TRUE,1547
3427,Customer_556,Last_556,Customer_556@Email.Com,Qatif,Basic,12/5/2023 7:17,FALSE,34434
3428,Customer_4433,Last_4433,Customer_4433@Email.Com,Dammam,Premium,12/5/2023 7:17,TRUE,3400
3429,Customer_1199,Last_1199,Customer_1199@Email.Com,Al-Ahsa,Standard,12/5/2023 20:08,TRUE,39258
3430,Customer_1579,Last_1579,Customer_1579@Email.Com,Tabuk,Standard,12/6/2023 8:59,TRUE,43525
3431,Customer_4774,Last_4774,Customer_4774@Email.Com,Taif,Basic,12/7/2023 10:42,TRUE,23245
3432,Customer_281,Last_281,Customer_281@Email.Com,Qatif,Basic,12/7/2023 10:42,TRUE,3595
3433,Customer_4301,Last_4301,Customer_4301@Email.Com,Al-Kharj,Basic,12/7/2023 10:42,TRUE,31076
3434,Customer_4340,Last_4340,Customer_4340@Email.Com,Tabuk,Basic,12/7/2023 23:33,TRUE,36795
3435,Customer_4060,Last_4060,Customer_4060@Email.Com,Qatif,Standard,12/9/2023 14:06,TRUE,17909
3436,Customer_2170,Last_2170,Customer_2170@Email.Com,Yanbu,Basic,12/9/2023 14:06,TRUE,28143
3437,Customer_1431,Last_1431,Customer_1431@Email.Com,Khobar,Standard,12/9/2023 14:06,TRUE,5948
3438,Customer_1727,Last_1727,Customer_1727@Email.Com,Jeddah,Standard,12/10/2023 2:57,TRUE,42154
3439,Customer_4605,Last_4605,Customer_4605@Email.Com,Qatif,Basic,12/10/2023 15:48,TRUE,36424
3440,Customer_4299,Last_4299,Customer_4299@Email.Com,Qatif,Standard,12/10/2023 15:48,TRUE,5322
3441,Customer_2083,Last_2083,Customer_2083@Email.Com,Najran,Basic,12/11/2023 4:40,TRUE,8086
3442,Customer_488,Last_488,Customer_488@Email.Com,Arar,Standard,12/11/2023 17:31,TRUE,27572
3443,Customer_2539,Last_2539,Customer_2539@Email.Com,Al-Ahsa,Standard,12/11/2023 17:31,TRUE,38541
3444,Customer_1148,Last_1148,Customer_1148@Email.Com,Taif,Basic,12/12/2023 6:22,FALSE,22837
3445,Customer_3814,Last_3814,Customer_3814@Email.Com,Mecca,Standard,12/12/2023 6:22,TRUE,43808
3446,Customer_300,Last_300,Customer_300@Email.Com,Khamis Mushait,Standard,12/14/2023 9:46,TRUE,2843
3447,Customer_749,Last_749,Customer_749@Email.Com,Khobar,Standard,12/14/2023 9:46,TRUE,38720
3448,Customer_1210,Last_1210,Customer_1210@Email.Com,Al-Kharj,New,12/14/2023 9:46,FALSE,12891
3449,Customer_4696,Last_4696,Customer_4696@Email.Com,Dhahran,Standard,12/15/2023 11:29,TRUE,47544
3450,Customer_3432,Last_3432,Customer_3432@Email.Com,Buraidah,Vip,12/15/2023 11:29,TRUE,1259
3451,Customer_4327,Last_4327,Customer_4327@Email.Com,Jeddah,Basic,12/15/2023 11:29,TRUE,7951
3452,Customer_406,Last_406,Customer_406@Email.Com,Yanbu,Basic,12/16/2023 0:20,TRUE,49201
3453,Customer_1203,Last_1203,Customer_1203@Email.Com,Al-Ahsa,Standard,12/16/2023 13:11,TRUE,5973
3454,Customer_420,Last_420,Customer_420@Email.Com,Medina,New,12/17/2023 14:53,TRUE,26627
3455,Customer_1442,Last_1442,Customer_1442@Email.Com,Khamis Mushait,New,12/17/2023 14:53,TRUE,12977
3456,Customer_1260,Last_1260,Customer_1260@Email.Com,Mecca,Standard,12/18/2023 3:44,TRUE,33475
3457,Customer_3154,Last_3154,Customer_3154@Email.Com,Jeddah,Standard,12/18/2023 16:35,TRUE,14245
3458,Customer_2777,Last_2777,Customer_2777@Email.Com,Al-Kharj,Standard,12/18/2023 16:35,TRUE,27531
3459,Customer_1778,Last_1778,Customer_1778@Email.Com,Jubail,Vip,12/19/2023 18:18,TRUE,47175
3460,Customer_4623,Last_4623,Customer_4623@Email.Com,Buraidah,Vip,12/20/2023 20:00,TRUE,2459
3461,Customer_3094,Last_3094,Customer_3094@Email.Com,Dhahran,Basic,12/21/2023 21:42,TRUE,40211
3462,Customer_2943,Last_2943,Customer_2943@Email.Com,Jeddah,Standard,12/21/2023 21:42,TRUE,18973
3463,Customer_1905,Last_1905,Customer_1905@Email.Com,Jubail,Basic,12/22/2023 10:33,FALSE,20454
3464,Customer_889,Last_889,Customer_889@Email.Com,Khobar,Standard,12/22/2023 10:33,TRUE,18026
3465,Customer_4957,Last_4957,Customer_4957@Email.Com,Al-Ahsa,Standard,12/24/2023 1:07,TRUE,36929
3466,Customer_810,Last_810,Customer_810@Email.Com,Al-Kharj,Standard,12/24/2023 1:07,TRUE,43340
3467,Customer_473,Last_473,Customer_473@Email.Com,Mecca,Premium,12/24/2023 13:58,TRUE,46875
3468,Customer_4777,Last_4777,Customer_4777@Email.Com,Yanbu,Vip,12/27/2023 6:13,TRUE,73
3469,Customer_3197,Last_3197,Customer_3197@Email.Com,Yanbu,Standard,12/27/2023 6:13,TRUE,48344
3470,Customer_2243,Last_2243,Customer_2243@Email.Com,Qatif,Basic,12/27/2023 19:05,TRUE,2478
3471,Customer_4092,Last_4092,Customer_4092@Email.Com,Jeddah,Standard,12/28/2023 7:56,TRUE,39480
3472,Customer_979,Last_979,Customer_979@Email.Com,Abha,Standard,12/28/2023 20:47,TRUE,42861
3473,Customer_1231,Last_1231,Customer_1231@Email.Com,Najran,Standard,12/30/2023 11:20,TRUE,25838
3474,Customer_3604,Last_3604,Customer_3604@Email.Com,Khamis Mushait,Vip,12/31/2023 0:11,TRUE,11175
3475,Customer_4018,Last_4018,Customer_4018@Email.Com,Qatif,Standard,1/1/2024 1:54,TRUE,9168
3476,Customer_2929,Last_2929,Customer_2929@Email.Com,Khobar,New,1/1/2024 14:45,TRUE,17058
3477,Customer_2849,Last_2849,Customer_2849@Email.Com,Yanbu,Standard,1/2/2024 3:36,TRUE,32021
3478,Customer_3974,Last_3974,Customer_3974@Email.Com,Khobar,Premium,1/2/2024 3:36,TRUE,12795
3479,Customer_2500,Last_2500,Customer_2500@Email.Com,Al-Ahsa,New,1/2/2024 16:27,TRUE,23319
3480,Customer_1263,Last_1263,Customer_1263@Email.Com,Riyadh,Standard,1/2/2024 16:27,TRUE,7494
3481,Customer_1548,Last_1548,Customer_1548@Email.Com,Abha,Vip,1/3/2024 5:18,TRUE,28812
3482,Customer_3919,Last_3919,Customer_3919@Email.Com,Dhahran,Standard,1/3/2024 5:18,TRUE,36110
3483,Customer_497,Last_497,Customer_497@Email.Com,Dammam,Basic,1/3/2024 5:18,TRUE,38889
3484,Customer_3807,Last_3807,Customer_3807@Email.Com,Riyadh,Premium,1/4/2024 7:00,TRUE,18793
3485,Customer_1971,Last_1971,Customer_1971@Email.Com,Riyadh,Basic,1/5/2024 8:43,TRUE,26011
3486,Customer_245,Last_245,Customer_245@Email.Com,Dammam,Standard,1/6/2024 10:25,TRUE,41132
3487,Customer_2559,Last_2559,Customer_2559@Email.Com,Hail,Basic,1/7/2024 12:07,TRUE,23196
3488,Customer_96,Last_96,Customer_96@Email.Com,Jubail,Premium,1/8/2024 13:49,TRUE,46745
3489,Customer_702,Last_702,Customer_702@Email.Com,Mecca,New,1/8/2024 13:49,FALSE,25358
3490,Customer_778,Last_778,Customer_778@Email.Com,Hail,Standard,1/10/2024 4:23,TRUE,30016
3491,Customer_1400,Last_1400,Customer_1400@Email.Com,Yanbu,Basic,1/10/2024 17:14,FALSE,42124
3492,Customer_537,Last_537,Customer_537@Email.Com,Dammam,Standard,1/11/2024 18:56,TRUE,26765
3493,Customer_4965,Last_4965,Customer_4965@Email.Com,Qatif,Basic,1/15/2024 0:03,TRUE,16387
3494,Customer_4496,Last_4496,Customer_4496@Email.Com,Dammam,Standard,1/15/2024 0:03,TRUE,3505
3495,Customer_636,Last_636,Customer_636@Email.Com,Yanbu,Basic,1/15/2024 12:54,TRUE,31280
3496,Customer_4966,Last_4966,Customer_4966@Email.Com,Najran,Standard,1/16/2024 1:45,FALSE,48829
3497,Customer_1126,Last_1126,Customer_1126@Email.Com,Mecca,Standard,1/16/2024 1:45,TRUE,16102
3498,Customer_164,Last_164,Customer_164@Email.Com,Jubail,New,1/17/2024 3:27,TRUE,35474
3499,Customer_3976,Last_3976,Customer_3976@Email.Com,Khamis Mushait,Standard,1/17/2024 3:27,TRUE,20899
3500,Customer_2023,Last_2023,Customer_2023@Email.Com,Arar,Premium,1/17/2024 16:19,TRUE,11565
3501,Customer_759,Last_759,Customer_759@Email.Com,Dhahran,Basic,1/19/2024 6:52,TRUE,19776
3502,Customer_3028,Last_3028,Customer_3028@Email.Com,Al-Kharj,Standard,1/19/2024 19:43,TRUE,15902
3503,Customer_1709,Last_1709,Customer_1709@Email.Com,Riyadh,Basic,1/19/2024 19:43,TRUE,47060
3504,Customer_654,Last_654,Customer_654@Email.Com,Al-Kharj,New,1/20/2024 8:34,TRUE,5731
3505,Customer_3950,Last_3950,Customer_3950@Email.Com,Al-Ahsa,Standard,1/20/2024 8:34,TRUE,18231
3506,Customer_573,Last_573,Customer_573@Email.Com,Jubail,Basic,1/20/2024 8:34,TRUE,27276
3507,Customer_1661,Last_1661,Customer_1661@Email.Com,Riyadh,Basic,1/20/2024 21:25,TRUE,39355
3508,Customer_2067,Last_2067,Customer_2067@Email.Com,Dammam,Basic,1/21/2024 10:17,TRUE,34319
3509,Customer_3896,Last_3896,Customer_3896@Email.Com,Khamis Mushait,New,1/21/2024 23:08,TRUE,41334
3510,Customer_663,Last_663,Customer_663@Email.Com,Jeddah,Basic,1/23/2024 0:50,TRUE,18946
3511,Customer_4366,Last_4366,Customer_4366@Email.Com,Qatif,Standard,1/23/2024 0:50,TRUE,13894
3512,Customer_4204,Last_4204,Customer_4204@Email.Com,Dammam,Standard,1/23/2024 13:41,TRUE,35249
3513,Customer_3646,Last_3646,Customer_3646@Email.Com,Jeddah,Vip,1/24/2024 2:32,TRUE,26044
3514,Customer_1287,Last_1287,Customer_1287@Email.Com,Medina,Basic,1/24/2024 2:32,TRUE,9933
3515,Customer_1284,Last_1284,Customer_1284@Email.Com,Hail,Vip,1/24/2024 15:23,TRUE,36719
3516,Customer_2655,Last_2655,Customer_2655@Email.Com,Qatif,Vip,1/24/2024 15:23,TRUE,10204
3517,Customer_273,Last_273,Customer_273@Email.Com,Yanbu,New,1/25/2024 4:14,TRUE,44270
3518,Customer_2578,Last_2578,Customer_2578@Email.Com,Abha,New,1/25/2024 17:06,TRUE,6387
3519,Customer_4620,Last_4620,Customer_4620@Email.Com,Medina,Premium,1/26/2024 5:57,TRUE,49366
3520,Customer_3456,Last_3456,Customer_3456@Email.Com,Mecca,Standard,1/27/2024 7:39,TRUE,7906
3521,Customer_12,Last_12,Customer_12@Email.Com,Dammam,Premium,1/27/2024 20:30,TRUE,4409
3522,Customer_648,Last_648,Customer_648@Email.Com,Jubail,Premium,1/27/2024 20:30,TRUE,26970
3523,Customer_1205,Last_1205,Customer_1205@Email.Com,Jubail,Vip,1/27/2024 20:30,TRUE,48626
3524,Customer_3925,Last_3925,Customer_3925@Email.Com,Al-Kharj,Vip,1/28/2024 22:12,TRUE,38829
3525,Customer_1810,Last_1810,Customer_1810@Email.Com,Jeddah,Vip,1/29/2024 23:55,TRUE,13766
3526,Customer_4529,Last_4529,Customer_4529@Email.Com,Dammam,New,1/30/2024 12:46,TRUE,3984
3527,Customer_1583,Last_1583,Customer_1583@Email.Com,Abha,Basic,1/30/2024 12:46,FALSE,3972
3528,Customer_23,Last_23,Customer_23@Email.Com,Al-Kharj,Premium,1/30/2024 12:46,TRUE,22236
3529,Customer_276,Last_276,Customer_276@Email.Com,Jeddah,Basic,1/31/2024 14:28,TRUE,31342
3530,Customer_2604,Last_2604,Customer_2604@Email.Com,Buraidah,Standard,1/31/2024 14:28,TRUE,13950
3531,Customer_160,Last_160,Customer_160@Email.Com,Arar,Vip,2/1/2024 16:10,FALSE,24489
3532,Customer_1588,Last_1588,Customer_1588@Email.Com,Khamis Mushait,Standard,2/2/2024 17:53,FALSE,25704
3533,Customer_79,Last_79,Customer_79@Email.Com,Riyadh,Basic,2/3/2024 19:35,TRUE,25734
3534,Customer_2869,Last_2869,Customer_2869@Email.Com,Al-Kharj,Basic,2/4/2024 21:17,TRUE,33351
3535,Customer_4831,Last_4831,Customer_4831@Email.Com,Al-Kharj,Basic,2/5/2024 10:08,TRUE,26281
3536,Customer_4349,Last_4349,Customer_4349@Email.Com,Mecca,Standard,2/5/2024 10:08,TRUE,17564
3537,Customer_2644,Last_2644,Customer_2644@Email.Com,Jubail,Standard,2/5/2024 10:08,TRUE,22247
3538,Customer_2146,Last_2146,Customer_2146@Email.Com,Mecca,Standard,2/5/2024 10:08,TRUE,4206
3539,Customer_3559,Last_3559,Customer_3559@Email.Com,Qatif,Standard,2/5/2024 22:59,TRUE,17025
3540,Customer_3204,Last_3204,Customer_3204@Email.Com,Jeddah,Premium,2/6/2024 11:50,FALSE,41866
3541,Customer_4866,Last_4866,Customer_4866@Email.Com,Hail,Standard,2/6/2024 11:50,TRUE,33282
3542,Customer_4129,Last_4129,Customer_4129@Email.Com,Hail,Vip,2/7/2024 13:33,TRUE,20559
3543,Customer_1565,Last_1565,Customer_1565@Email.Com,Riyadh,Premium,2/7/2024 13:33,TRUE,48814
3544,Customer_4727,Last_4727,Customer_4727@Email.Com,Dammam,New,2/7/2024 13:33,FALSE,45562
3545,Customer_1688,Last_1688,Customer_1688@Email.Com,Riyadh,Vip,2/9/2024 16:57,TRUE,1887
3546,Customer_4744,Last_4744,Customer_4744@Email.Com,Al-Kharj,Standard,2/11/2024 7:31,TRUE,6226
3547,Customer_3864,Last_3864,Customer_3864@Email.Com,Qatif,Basic,2/12/2024 22:04,TRUE,12962
3548,Customer_2444,Last_2444,Customer_2444@Email.Com,Mecca,Basic,2/12/2024 22:04,TRUE,39598
3549,Customer_1192,Last_1192,Customer_1192@Email.Com,Taif,Basic,2/12/2024 22:04,TRUE,2976
3550,Customer_1904,Last_1904,Customer_1904@Email.Com,Riyadh,Standard,2/13/2024 10:55,FALSE,20533
3551,Customer_1049,Last_1049,Customer_1049@Email.Com,Dammam,Premium,2/13/2024 10:55,TRUE,41999
3552,Customer_124,Last_124,Customer_124@Email.Com,Mecca,Standard,2/13/2024 23:46,TRUE,36341
3553,Customer_1387,Last_1387,Customer_1387@Email.Com,Tabuk,New,2/14/2024 12:37,TRUE,2673
3554,Customer_3312,Last_3312,Customer_3312@Email.Com,Najran,Standard,2/15/2024 14:20,TRUE,41989
3555,Customer_1801,Last_1801,Customer_1801@Email.Com,Buraidah,Standard,2/15/2024 14:20,TRUE,4987
3556,Customer_2841,Last_2841,Customer_2841@Email.Com,Taif,Standard,2/16/2024 3:11,TRUE,6208
3557,Customer_1219,Last_1219,Customer_1219@Email.Com,Tabuk,Premium,2/18/2024 6:35,TRUE,34939
3558,Customer_2052,Last_2052,Customer_2052@Email.Com,Khamis Mushait,New,2/18/2024 19:26,TRUE,10556
3559,Customer_509,Last_509,Customer_509@Email.Com,Najran,New,2/20/2024 10:00,TRUE,41562
3560,Customer_402,Last_402,Customer_402@Email.Com,Hail,Basic,2/20/2024 10:00,TRUE,23062
3561,Customer_925,Last_925,Customer_925@Email.Com,Hail,New,2/21/2024 11:42,TRUE,32145
3562,Customer_1374,Last_1374,Customer_1374@Email.Com,Medina,Basic,2/21/2024 11:42,TRUE,31696
3563,Customer_4881,Last_4881,Customer_4881@Email.Com,Dhahran,Standard,2/22/2024 13:24,TRUE,44899
3564,Customer_233,Last_233,Customer_233@Email.Com,Qatif,Basic,2/23/2024 15:07,TRUE,15740
3565,Customer_1909,Last_1909,Customer_1909@Email.Com,Yanbu,Vip,2/24/2024 16:49,FALSE,24919
3566,Customer_2024,Last_2024,Customer_2024@Email.Com,Tabuk,New,2/24/2024 16:49,TRUE,24700
3567,Customer_4119,Last_4119,Customer_4119@Email.Com,Hail,Standard,2/24/2024 16:49,TRUE,14177
3568,Customer_3105,Last_3105,Customer_3105@Email.Com,Khamis Mushait,Standard,2/25/2024 5:40,TRUE,29136
3569,Customer_62,Last_62,Customer_62@Email.Com,Najran,Premium,2/25/2024 18:31,FALSE,8342
3570,Customer_1157,Last_1157,Customer_1157@Email.Com,Mecca,Basic,2/26/2024 7:22,TRUE,45347
3571,Customer_1530,Last_1530,Customer_1530@Email.Com,Tabuk,Basic,2/26/2024 7:22,TRUE,5456
3572,Customer_1457,Last_1457,Customer_1457@Email.Com,Jubail,Basic,2/27/2024 9:05,TRUE,45788
3573,Customer_480,Last_480,Customer_480@Email.Com,Najran,New,2/27/2024 9:05,FALSE,27152
3574,Customer_4278,Last_4278,Customer_4278@Email.Com,Jeddah,Premium,2/28/2024 23:38,TRUE,35228
3575,Customer_4608,Last_4608,Customer_4608@Email.Com,Dammam,New,2/28/2024 23:38,TRUE,40134
3576,Customer_2429,Last_2429,Customer_2429@Email.Com,Khobar,Basic,2/29/2024 12:29,TRUE,42142
3577,Customer_4067,Last_4067,Customer_4067@Email.Com,Mecca,Standard,2/29/2024 12:29,TRUE,22356
3578,Customer_508,Last_508,Customer_508@Email.Com,Taif,Standard,3/2/2024 3:02,TRUE,13219
3579,Customer_4168,Last_4168,Customer_4168@Email.Com,Al-Kharj,Basic,3/2/2024 3:02,TRUE,27610
3580,Customer_3195,Last_3195,Customer_3195@Email.Com,Al-Kharj,Basic,3/3/2024 4:45,TRUE,28731
3581,Customer_1029,Last_1029,Customer_1029@Email.Com,Dhahran,Basic,3/3/2024 17:36,TRUE,12583
3582,Customer_3849,Last_3849,Customer_3849@Email.Com,Al-Kharj,Standard,3/3/2024 17:36,TRUE,10493
3583,Customer_2283,Last_2283,Customer_2283@Email.Com,Dammam,Basic,3/5/2024 8:09,TRUE,23925
3584,Customer_3847,Last_3847,Customer_3847@Email.Com,Al-Kharj,Basic,3/5/2024 21:00,FALSE,31747
3585,Customer_107,Last_107,Customer_107@Email.Com,Medina,Standard,3/6/2024 22:43,TRUE,48196
3586,Customer_3907,Last_3907,Customer_3907@Email.Com,Mecca,Standard,3/7/2024 11:34,TRUE,41221
3587,Customer_1533,Last_1533,Customer_1533@Email.Com,Dhahran,New,3/7/2024 11:34,TRUE,27937
3588,Customer_617,Last_617,Customer_617@Email.Com,Riyadh,Standard,3/8/2024 0:25,TRUE,38210
3589,Customer_3115,Last_3115,Customer_3115@Email.Com,Al-Kharj,Basic,3/8/2024 0:25,TRUE,18717
3590,Customer_4359,Last_4359,Customer_4359@Email.Com,Medina,Premium,3/8/2024 13:16,TRUE,36036
3591,Customer_1962,Last_1962,Customer_1962@Email.Com,Mecca,Standard,3/8/2024 13:16,TRUE,35276
3592,Customer_498,Last_498,Customer_498@Email.Com,Buraidah,Basic,3/8/2024 13:16,FALSE,28780
3593,Customer_3488,Last_3488,Customer_3488@Email.Com,Jeddah,Basic,3/9/2024 2:07,TRUE,44353
3594,Customer_4544,Last_4544,Customer_4544@Email.Com,Medina,Premium,3/9/2024 14:58,TRUE,12596
3595,Customer_352,Last_352,Customer_352@Email.Com,Arar,Standard,3/9/2024 14:58,TRUE,40286
3596,Customer_720,Last_720,Customer_720@Email.Com,Yanbu,Standard,3/11/2024 5:32,TRUE,10225
3597,Customer_4421,Last_4421,Customer_4421@Email.Com,Dammam,Standard,3/11/2024 18:23,TRUE,31092
3598,Customer_4756,Last_4756,Customer_4756@Email.Com,Buraidah,Standard,3/12/2024 20:05,FALSE,47458
3599,Customer_3662,Last_3662,Customer_3662@Email.Com,Dhahran,Basic,3/13/2024 8:56,TRUE,5870
3600,Customer_3977,Last_3977,Customer_3977@Email.Com,Riyadh,Standard,3/13/2024 8:56,TRUE,21575
3601,Customer_1732,Last_1732,Customer_1732@Email.Com,Dammam,Premium,3/13/2024 21:47,TRUE,33336
3602,Customer_2925,Last_2925,Customer_2925@Email.Com,Mecca,Standard,3/13/2024 21:47,FALSE,19648
3603,Customer_3218,Last_3218,Customer_3218@Email.Com,Medina,Premium,3/14/2024 10:38,TRUE,21997
3604,Customer_1843,Last_1843,Customer_1843@Email.Com,Jeddah,Vip,3/15/2024 12:21,FALSE,43893
3605,Customer_2509,Last_2509,Customer_2509@Email.Com,Dhahran,Basic,3/16/2024 1:12,TRUE,7025
3606,Customer_2520,Last_2520,Customer_2520@Email.Com,Jeddah,New,3/16/2024 14:03,TRUE,28709
3607,Customer_878,Last_878,Customer_878@Email.Com,Najran,Premium,3/16/2024 14:03,TRUE,22360
3608,Customer_2810,Last_2810,Customer_2810@Email.Com,Dhahran,Basic,3/18/2024 17:27,TRUE,27328
3609,Customer_2488,Last_2488,Customer_2488@Email.Com,Qatif,Standard,3/19/2024 6:19,TRUE,48413
3610,Customer_4792,Last_4792,Customer_4792@Email.Com,Khobar,Basic,3/19/2024 6:19,TRUE,10468
3611,Customer_219,Last_219,Customer_219@Email.Com,Qatif,Basic,3/19/2024 19:10,TRUE,31734
3612,Customer_3249,Last_3249,Customer_3249@Email.Com,Buraidah,Basic,3/20/2024 8:01,TRUE,44126
3613,Customer_4135,Last_4135,Customer_4135@Email.Com,Jeddah,Standard,3/20/2024 8:01,TRUE,12857
3614,Customer_3554,Last_3554,Customer_3554@Email.Com,Khamis Mushait,Standard,3/21/2024 9:43,TRUE,37481
3615,Customer_1996,Last_1996,Customer_1996@Email.Com,Jeddah,Standard,3/21/2024 9:43,TRUE,8911
3616,Customer_3424,Last_3424,Customer_3424@Email.Com,Hail,New,3/22/2024 11:25,TRUE,41849
3617,Customer_1614,Last_1614,Customer_1614@Email.Com,Mecca,Vip,3/23/2024 0:17,TRUE,25774
3618,Customer_4408,Last_4408,Customer_4408@Email.Com,Dhahran,Standard,3/23/2024 0:17,TRUE,22063
3619,Customer_4789,Last_4789,Customer_4789@Email.Com,Medina,New,3/25/2024 16:32,TRUE,46173
3620,Customer_1252,Last_1252,Customer_1252@Email.Com,Dammam,Basic,3/25/2024 16:32,TRUE,21164
3621,Customer_4951,Last_4951,Customer_4951@Email.Com,Hail,Basic,3/26/2024 5:23,TRUE,39853
3622,Customer_2711,Last_2711,Customer_2711@Email.Com,Qatif,Basic,3/26/2024 5:23,TRUE,26111
3623,Customer_3412,Last_3412,Customer_3412@Email.Com,Buraidah,Basic,3/28/2024 8:48,TRUE,36183
3624,Customer_482,Last_482,Customer_482@Email.Com,Al-Ahsa,Basic,3/28/2024 21:39,TRUE,9939
3625,Customer_4583,Last_4583,Customer_4583@Email.Com,Abha,Basic,3/28/2024 21:39,TRUE,34600
3626,Customer_732,Last_732,Customer_732@Email.Com,Arar,Basic,3/29/2024 23:21,TRUE,18936
3627,Customer_2216,Last_2216,Customer_2216@Email.Com,Yanbu,Basic,3/30/2024 12:12,TRUE,21620
3628,Customer_3763,Last_3763,Customer_3763@Email.Com,Taif,Basic,3/30/2024 12:12,TRUE,16471
3629,Customer_4274,Last_4274,Customer_4274@Email.Com,Khobar,Premium,3/31/2024 13:55,TRUE,1206
3630,Customer_4252,Last_4252,Customer_4252@Email.Com,Riyadh,New,4/1/2024 2:46,TRUE,15494
3631,Customer_1789,Last_1789,Customer_1789@Email.Com,Abha,Premium,4/2/2024 4:28,TRUE,23553
3632,Customer_2186,Last_2186,Customer_2186@Email.Com,Khobar,Standard,4/2/2024 4:28,FALSE,11777
3633,Customer_1500,Last_1500,Customer_1500@Email.Com,Jubail,Basic,4/2/2024 4:28,TRUE,19773
3634,Customer_1471,Last_1471,Customer_1471@Email.Com,Dammam,Basic,4/3/2024 6:10,TRUE,4507
3635,Customer_390,Last_390,Customer_390@Email.Com,Jubail,Standard,4/4/2024 20:44,TRUE,36108
3636,Customer_4614,Last_4614,Customer_4614@Email.Com,Khobar,Premium,4/4/2024 20:44,TRUE,22757
3637,Customer_4255,Last_4255,Customer_4255@Email.Com,Riyadh,New,4/6/2024 11:17,TRUE,36427
3638,Customer_845,Last_845,Customer_845@Email.Com,Jeddah,New,4/7/2024 0:08,FALSE,28754
3639,Customer_1439,Last_1439,Customer_1439@Email.Com,Mecca,New,4/7/2024 12:59,TRUE,22797
3640,Customer_705,Last_705,Customer_705@Email.Com,Khamis Mushait,Standard,4/8/2024 1:50,TRUE,30034
3641,Customer_2114,Last_2114,Customer_2114@Email.Com,Buraidah,Standard,4/8/2024 14:42,TRUE,28022
3642,Customer_3947,Last_3947,Customer_3947@Email.Com,Dhahran,Basic,4/9/2024 3:33,TRUE,34261
3643,Customer_2244,Last_2244,Customer_2244@Email.Com,Dhahran,Basic,4/9/2024 16:24,TRUE,7929
3644,Customer_3857,Last_3857,Customer_3857@Email.Com,Buraidah,New,4/10/2024 5:15,TRUE,49325
3645,Customer_451,Last_451,Customer_451@Email.Com,Abha,New,4/10/2024 5:15,TRUE,11036
3646,Customer_1972,Last_1972,Customer_1972@Email.Com,Mecca,New,4/10/2024 5:15,TRUE,18787
3647,Customer_3579,Last_3579,Customer_3579@Email.Com,Dhahran,Premium,4/10/2024 5:15,TRUE,20534
3648,Customer_780,Last_780,Customer_780@Email.Com,Medina,Standard,4/10/2024 5:15,TRUE,42996
3649,Customer_4638,Last_4638,Customer_4638@Email.Com,Buraidah,Standard,4/10/2024 18:06,TRUE,44072
3650,Customer_2256,Last_2256,Customer_2256@Email.Com,Abha,Premium,4/11/2024 6:57,FALSE,43211
3651,Customer_4490,Last_4490,Customer_4490@Email.Com,Riyadh,New,4/11/2024 19:48,TRUE,14662
3652,Customer_2737,Last_2737,Customer_2737@Email.Com,Dammam,New,4/11/2024 19:48,FALSE,5094
3653,Customer_3720,Last_3720,Customer_3720@Email.Com,Medina,Basic,4/11/2024 19:48,FALSE,33763
3654,Customer_833,Last_833,Customer_833@Email.Com,Buraidah,Vip,4/11/2024 19:48,TRUE,29060
3655,Customer_2404,Last_2404,Customer_2404@Email.Com,Yanbu,Standard,4/12/2024 8:39,TRUE,11693
3656,Customer_4066,Last_4066,Customer_4066@Email.Com,Tabuk,Standard,4/13/2024 10:22,TRUE,30382
3657,Customer_1639,Last_1639,Customer_1639@Email.Com,Khamis Mushait,Basic,4/13/2024 10:22,TRUE,11017
3658,Customer_3185,Last_3185,Customer_3185@Email.Com,Hail,Basic,4/13/2024 10:22,TRUE,21198
3659,Customer_2490,Last_2490,Customer_2490@Email.Com,Hail,Basic,4/13/2024 23:13,TRUE,11267
3660,Customer_19,Last_19,Customer_19@Email.Com,Jubail,Basic,4/13/2024 23:13,TRUE,16490
3661,Customer_4596,Last_4596,Customer_4596@Email.Com,Abha,New,4/13/2024 23:13,TRUE,4343
3662,Customer_478,Last_478,Customer_478@Email.Com,Abha,Premium,4/14/2024 12:04,TRUE,33379
3663,Customer_1371,Last_1371,Customer_1371@Email.Com,Qatif,Premium,4/15/2024 0:55,TRUE,2566
3664,Customer_3647,Last_3647,Customer_3647@Email.Com,Abha,Basic,4/15/2024 13:46,TRUE,10334
3665,Customer_2839,Last_2839,Customer_2839@Email.Com,Taif,Standard,4/15/2024 13:46,FALSE,43123
3666,Customer_3515,Last_3515,Customer_3515@Email.Com,Arar,Basic,4/16/2024 2:37,TRUE,6223
3667,Customer_217,Last_217,Customer_217@Email.Com,Taif,Basic,4/17/2024 4:20,TRUE,26378
3668,Customer_1585,Last_1585,Customer_1585@Email.Com,Abha,Vip,4/17/2024 17:11,TRUE,13679
3669,Customer_1088,Last_1088,Customer_1088@Email.Com,Mecca,Premium,4/17/2024 17:11,TRUE,11218
3670,Customer_2674,Last_2674,Customer_2674@Email.Com,Riyadh,Premium,4/18/2024 18:53,FALSE,44548
3671,Customer_4803,Last_4803,Customer_4803@Email.Com,Al-Ahsa,Premium,4/18/2024 18:53,TRUE,33430
3672,Customer_465,Last_465,Customer_465@Email.Com,Abha,Premium,4/19/2024 7:44,TRUE,8137
3673,Customer_1857,Last_1857,Customer_1857@Email.Com,Najran,Premium,4/22/2024 0:00,TRUE,9837
3674,Customer_1424,Last_1424,Customer_1424@Email.Com,Abha,New,4/22/2024 0:00,TRUE,35930
3675,Customer_4169,Last_4169,Customer_4169@Email.Com,Medina,Premium,4/24/2024 16:15,TRUE,22061
3676,Customer_4436,Last_4436,Customer_4436@Email.Com,Medina,Standard,4/25/2024 5:07,TRUE,24610
3677,Customer_307,Last_307,Customer_307@Email.Com,Jeddah,Premium,4/25/2024 17:58,FALSE,36992
3678,Customer_1948,Last_1948,Customer_1948@Email.Com,Yanbu,New,4/25/2024 17:58,TRUE,40584
3679,Customer_825,Last_825,Customer_825@Email.Com,Al-Kharj,Premium,4/26/2024 6:49,TRUE,5565
3680,Customer_682,Last_682,Customer_682@Email.Com,Hail,New,4/26/2024 19:40,TRUE,23545
3681,Customer_3010,Last_3010,Customer_3010@Email.Com,Yanbu,Basic,4/26/2024 19:40,TRUE,9903
3682,Customer_879,Last_879,Customer_879@Email.Com,Mecca,Standard,4/26/2024 19:40,TRUE,22405
3683,Customer_3124,Last_3124,Customer_3124@Email.Com,Dammam,New,4/26/2024 19:40,TRUE,37208
3684,Customer_4680,Last_4680,Customer_4680@Email.Com,Dhahran,Standard,4/27/2024 21:22,TRUE,40906
3685,Customer_1119,Last_1119,Customer_1119@Email.Com,Tabuk,New,4/27/2024 21:22,TRUE,28890
3686,Customer_3739,Last_3739,Customer_3739@Email.Com,Yanbu,Standard,4/28/2024 10:13,TRUE,2070
3687,Customer_485,Last_485,Customer_485@Email.Com,Medina,Vip,4/30/2024 0:47,TRUE,13176
3688,Customer_3679,Last_3679,Customer_3679@Email.Com,Al-Ahsa,Standard,5/1/2024 15:20,TRUE,47698
3689,Customer_335,Last_335,Customer_335@Email.Com,Al-Ahsa,Standard,5/2/2024 4:11,FALSE,38495
3690,Customer_2191,Last_2191,Customer_2191@Email.Com,Abha,New,5/2/2024 17:02,TRUE,36795
3691,Customer_3714,Last_3714,Customer_3714@Email.Com,Qatif,Vip,5/3/2024 18:45,TRUE,31538
3692,Customer_2332,Last_2332,Customer_2332@Email.Com,Jeddah,New,5/5/2024 9:18,FALSE,12822
3693,Customer_615,Last_615,Customer_615@Email.Com,Abha,Basic,5/5/2024 22:09,TRUE,4076
3694,Customer_3783,Last_3783,Customer_3783@Email.Com,Al-Kharj,Standard,5/6/2024 11:00,TRUE,40996
3695,Customer_950,Last_950,Customer_950@Email.Com,Tabuk,Basic,5/6/2024 11:00,TRUE,5060
3696,Customer_1749,Last_1749,Customer_1749@Email.Com,Buraidah,Basic,5/6/2024 11:00,TRUE,30146
3697,Customer_1340,Last_1340,Customer_1340@Email.Com,Khamis Mushait,Premium,5/6/2024 23:51,TRUE,42448
3698,Customer_4666,Last_4666,Customer_4666@Email.Com,Al-Kharj,Basic,5/6/2024 23:51,TRUE,47818
3699,Customer_4714,Last_4714,Customer_4714@Email.Com,Taif,Basic,5/7/2024 12:43,TRUE,19691
3700,Customer_39,Last_39,Customer_39@Email.Com,Jeddah,Premium,5/7/2024 12:43,TRUE,43334
3701,Customer_4116,Last_4116,Customer_4116@Email.Com,Medina,Standard,5/8/2024 1:34,TRUE,41347
3702,Customer_168,Last_168,Customer_168@Email.Com,Dhahran,Standard,5/8/2024 14:25,TRUE,6386
3703,Customer_2889,Last_2889,Customer_2889@Email.Com,Taif,Vip,5/9/2024 3:16,TRUE,23071
3704,Customer_4014,Last_4014,Customer_4014@Email.Com,Jeddah,Basic,5/9/2024 16:07,TRUE,35375
3705,Customer_4221,Last_4221,Customer_4221@Email.Com,Jeddah,New,5/11/2024 6:40,TRUE,38742
3706,Customer_4248,Last_4248,Customer_4248@Email.Com,Abha,Basic,5/11/2024 6:40,TRUE,46733
3707,Customer_809,Last_809,Customer_809@Email.Com,Jeddah,New,5/11/2024 6:40,TRUE,29511
3708,Customer_3621,Last_3621,Customer_3621@Email.Com,Dhahran,Vip,5/11/2024 19:32,TRUE,12811
3709,Customer_1919,Last_1919,Customer_1919@Email.Com,Mecca,Basic,5/12/2024 8:23,TRUE,24774
3710,Customer_3071,Last_3071,Customer_3071@Email.Com,Riyadh,Vip,5/12/2024 21:14,TRUE,25286
3711,Customer_2671,Last_2671,Customer_2671@Email.Com,Khobar,Basic,5/14/2024 11:47,TRUE,15229
3712,Customer_2941,Last_2941,Customer_2941@Email.Com,Riyadh,Basic,5/14/2024 11:47,FALSE,7690
3713,Customer_4108,Last_4108,Customer_4108@Email.Com,Taif,Standard,5/15/2024 13:30,TRUE,10376
3714,Customer_4259,Last_4259,Customer_4259@Email.Com,Khamis Mushait,New,5/15/2024 13:30,TRUE,29164
3715,Customer_463,Last_463,Customer_463@Email.Com,Yanbu,Standard,5/16/2024 2:21,TRUE,35606
3716,Customer_3920,Last_3920,Customer_3920@Email.Com,Hail,Standard,5/16/2024 15:12,TRUE,24626
3717,Customer_294,Last_294,Customer_294@Email.Com,Najran,Standard,5/16/2024 15:12,TRUE,39994
3718,Customer_1946,Last_1946,Customer_1946@Email.Com,Abha,Premium,5/17/2024 16:54,TRUE,44630
3719,Customer_528,Last_528,Customer_528@Email.Com,Mecca,New,5/17/2024 16:54,TRUE,16756
3720,Customer_2862,Last_2862,Customer_2862@Email.Com,Taif,Basic,5/17/2024 16:54,TRUE,17660
3721,Customer_882,Last_882,Customer_882@Email.Com,Khamis Mushait,Basic,5/17/2024 16:54,TRUE,43322
3722,Customer_4992,Last_4992,Customer_4992@Email.Com,Buraidah,Basic,5/18/2024 18:36,FALSE,44430
3723,Customer_3479,Last_3479,Customer_3479@Email.Com,Abha,Basic,5/21/2024 10:52,TRUE,6489
3724,Customer_395,Last_395,Customer_395@Email.Com,Riyadh,Vip,5/21/2024 10:52,FALSE,7300
3725,Customer_3290,Last_3290,Customer_3290@Email.Com,Yanbu,New,5/21/2024 23:43,TRUE,31518
3726,Customer_729,Last_729,Customer_729@Email.Com,Tabuk,Vip,5/23/2024 14:16,TRUE,13730
3727,Customer_4441,Last_4441,Customer_4441@Email.Com,Mecca,Standard,5/23/2024 14:16,TRUE,45262
3728,Customer_2321,Last_2321,Customer_2321@Email.Com,Qatif,Vip,5/24/2024 3:08,TRUE,34829
3729,Customer_4268,Last_4268,Customer_4268@Email.Com,Riyadh,Basic,5/24/2024 15:59,TRUE,41769
3730,Customer_1864,Last_1864,Customer_1864@Email.Com,Al-Kharj,Standard,5/25/2024 4:50,TRUE,4742
3731,Customer_1734,Last_1734,Customer_1734@Email.Com,Medina,Vip,5/25/2024 4:50,TRUE,23853
3732,Customer_4902,Last_4902,Customer_4902@Email.Com,Najran,Basic,5/25/2024 17:41,FALSE,46312
3733,Customer_2886,Last_2886,Customer_2886@Email.Com,Al-Ahsa,Vip,5/26/2024 19:23,TRUE,12413
3734,Customer_2545,Last_2545,Customer_2545@Email.Com,Arar,Basic,5/27/2024 8:14,TRUE,6775
3735,Customer_1689,Last_1689,Customer_1689@Email.Com,Tabuk,Vip,5/27/2024 8:14,TRUE,11975
3736,Customer_237,Last_237,Customer_237@Email.Com,Arar,Standard,5/28/2024 22:48,TRUE,29866
3737,Customer_1100,Last_1100,Customer_1100@Email.Com,Arar,Premium,5/28/2024 22:48,TRUE,34857
3738,Customer_587,Last_587,Customer_587@Email.Com,Abha,Basic,5/29/2024 11:39,TRUE,43050
3739,Customer_53,Last_53,Customer_53@Email.Com,Jeddah,Basic,5/30/2024 13:21,TRUE,45468
3740,Customer_1174,Last_1174,Customer_1174@Email.Com,Al-Ahsa,New,5/31/2024 2:12,TRUE,39513
3741,Customer_2386,Last_2386,Customer_2386@Email.Com,Dhahran,Standard,5/31/2024 2:12,TRUE,43967
3742,Customer_3870,Last_3870,Customer_3870@Email.Com,Yanbu,Standard,5/31/2024 15:03,TRUE,9849
3743,Customer_2689,Last_2689,Customer_2689@Email.Com,Abha,Standard,5/31/2024 15:03,TRUE,36805
3744,Customer_166,Last_166,Customer_166@Email.Com,Jeddah,Standard,5/31/2024 15:03,TRUE,32161
3745,Customer_303,Last_303,Customer_303@Email.Com,Tabuk,Standard,6/1/2024 3:55,TRUE,45231
3746,Customer_161,Last_161,Customer_161@Email.Com,Dhahran,Premium,6/1/2024 16:46,FALSE,36731
3747,Customer_4699,Last_4699,Customer_4699@Email.Com,Medina,Basic,6/1/2024 16:46,TRUE,49605
3748,Customer_3722,Last_3722,Customer_3722@Email.Com,Dhahran,Premium,6/2/2024 5:37,TRUE,24761
3749,Customer_2111,Last_2111,Customer_2111@Email.Com,Arar,Premium,6/2/2024 5:37,FALSE,9185
3750,Customer_4368,Last_4368,Customer_4368@Email.Com,Riyadh,Standard,6/3/2024 7:19,TRUE,37616
3751,Customer_3017,Last_3017,Customer_3017@Email.Com,Dhahran,Premium,6/4/2024 9:01,TRUE,2260
3752,Customer_1089,Last_1089,Customer_1089@Email.Com,Khamis Mushait,Standard,6/4/2024 9:01,FALSE,45692
3753,Customer_645,Last_645,Customer_645@Email.Com,Jeddah,Standard,6/4/2024 21:52,TRUE,27903
3754,Customer_1918,Last_1918,Customer_1918@Email.Com,Medina,Basic,6/7/2024 14:08,TRUE,31288
3755,Customer_3428,Last_3428,Customer_3428@Email.Com,Khobar,New,6/8/2024 15:50,TRUE,22975
3756,Customer_309,Last_309,Customer_309@Email.Com,Jeddah,Basic,6/10/2024 6:24,TRUE,37747
3757,Customer_3002,Last_3002,Customer_3002@Email.Com,Qatif,Standard,6/10/2024 19:15,TRUE,44461
3758,Customer_2105,Last_2105,Customer_2105@Email.Com,Al-Kharj,Standard,6/10/2024 19:15,TRUE,30246
3759,Customer_1567,Last_1567,Customer_1567@Email.Com,Arar,Basic,6/11/2024 20:57,TRUE,38685
3760,Customer_3516,Last_3516,Customer_3516@Email.Com,Arar,Premium,6/12/2024 9:48,TRUE,14197
3761,Customer_4083,Last_4083,Customer_4083@Email.Com,Tabuk,Basic,6/12/2024 22:39,TRUE,4659
3762,Customer_117,Last_117,Customer_117@Email.Com,Al-Kharj,New,6/14/2024 0:22,TRUE,23081
3763,Customer_3419,Last_3419,Customer_3419@Email.Com,Medina,Standard,6/15/2024 2:04,TRUE,40798
3764,Customer_2026,Last_2026,Customer_2026@Email.Com,Riyadh,New,6/16/2024 3:46,TRUE,49926
3765,Customer_151,Last_151,Customer_151@Email.Com,Tabuk,Basic,6/16/2024 16:37,TRUE,45309
3766,Customer_1729,Last_1729,Customer_1729@Email.Com,Medina,Standard,6/18/2024 20:02,TRUE,47764
3767,Customer_2725,Last_2725,Customer_2725@Email.Com,Al-Kharj,Premium,6/19/2024 21:44,TRUE,45474
3768,Customer_1420,Last_1420,Customer_1420@Email.Com,Jeddah,Standard,6/19/2024 21:44,TRUE,13339
3769,Customer_4778,Last_4778,Customer_4778@Email.Com,Medina,Basic,6/19/2024 21:44,TRUE,49402
3770,Customer_4584,Last_4584,Customer_4584@Email.Com,Arar,Standard,6/19/2024 21:44,TRUE,10872
3771,Customer_1270,Last_1270,Customer_1270@Email.Com,Hail,Standard,6/20/2024 10:35,TRUE,40905
3772,Customer_4649,Last_4649,Customer_4649@Email.Com,Tabuk,Standard,6/20/2024 10:35,TRUE,17232
3773,Customer_2061,Last_2061,Customer_2061@Email.Com,Al-Kharj,Premium,6/20/2024 10:35,TRUE,46366
3774,Customer_4286,Last_4286,Customer_4286@Email.Com,Jubail,Standard,6/20/2024 23:26,TRUE,17060
3775,Customer_2371,Last_2371,Customer_2371@Email.Com,Yanbu,Basic,6/21/2024 12:18,TRUE,4624
3776,Customer_3294,Last_3294,Customer_3294@Email.Com,Taif,Basic,6/23/2024 2:51,TRUE,34816
3777,Customer_910,Last_910,Customer_910@Email.Com,Arar,New,6/23/2024 15:42,TRUE,40730
3778,Customer_4364,Last_4364,Customer_4364@Email.Com,Dammam,Premium,6/24/2024 17:24,TRUE,3959
3779,Customer_149,Last_149,Customer_149@Email.Com,Taif,New,6/24/2024 17:24,TRUE,20970
3780,Customer_2572,Last_2572,Customer_2572@Email.Com,Hail,Standard,6/26/2024 7:58,TRUE,48266
3781,Customer_3333,Last_3333,Customer_3333@Email.Com,Qatif,Basic,6/26/2024 20:49,FALSE,42257
3782,Customer_1302,Last_1302,Customer_1302@Email.Com,Al-Kharj,New,6/26/2024 20:49,TRUE,14415
3783,Customer_1038,Last_1038,Customer_1038@Email.Com,Al-Kharj,New,6/27/2024 9:40,TRUE,16615
3784,Customer_3467,Last_3467,Customer_3467@Email.Com,Yanbu,Standard,6/27/2024 9:40,TRUE,7791
3785,Customer_3858,Last_3858,Customer_3858@Email.Com,Khamis Mushait,New,6/27/2024 22:31,TRUE,46332
3786,Customer_1582,Last_1582,Customer_1582@Email.Com,Khobar,Standard,6/27/2024 22:31,TRUE,28443
3787,Customer_1227,Last_1227,Customer_1227@Email.Com,Qatif,New,6/28/2024 11:22,TRUE,45855
3788,Customer_3492,Last_3492,Customer_3492@Email.Com,Dammam,New,6/29/2024 0:13,TRUE,4991
3789,Customer_2799,Last_2799,Customer_2799@Email.Com,Khobar,Basic,6/29/2024 0:13,TRUE,45330
3790,Customer_753,Last_753,Customer_753@Email.Com,Medina,Basic,6/29/2024 13:04,TRUE,37165
3791,Customer_1101,Last_1101,Customer_1101@Email.Com,Medina,Standard,6/30/2024 1:56,TRUE,5605
3792,Customer_57,Last_57,Customer_57@Email.Com,Khamis Mushait,Standard,7/1/2024 3:38,TRUE,32731
3793,Customer_1350,Last_1350,Customer_1350@Email.Com,Najran,Standard,7/1/2024 16:29,TRUE,49371
3794,Customer_4200,Last_4200,Customer_4200@Email.Com,Buraidah,Basic,7/2/2024 18:11,TRUE,27349
3795,Customer_4885,Last_4885,Customer_4885@Email.Com,Medina,Basic,7/2/2024 18:11,FALSE,4174
3796,Customer_804,Last_804,Customer_804@Email.Com,Al-Kharj,Basic,7/3/2024 7:02,TRUE,21172
3797,Customer_3623,Last_3623,Customer_3623@Email.Com,Hail,Standard,7/3/2024 7:02,TRUE,39992
3798,Customer_4159,Last_4159,Customer_4159@Email.Com,Medina,New,7/3/2024 19:54,TRUE,33439
3799,Customer_4178,Last_4178,Customer_4178@Email.Com,Yanbu,Vip,7/4/2024 8:45,TRUE,39024
3800,Customer_3680,Last_3680,Customer_3680@Email.Com,Khobar,Standard,7/5/2024 10:27,TRUE,10515
3801,Customer_673,Last_673,Customer_673@Email.Com,Riyadh,Standard,7/5/2024 23:18,TRUE,6949
3802,Customer_359,Last_359,Customer_359@Email.Com,Khamis Mushait,Basic,7/5/2024 23:18,TRUE,32827
3803,Customer_2060,Last_2060,Customer_2060@Email.Com,Jubail,Premium,7/6/2024 12:09,TRUE,20762
3804,Customer_2312,Last_2312,Customer_2312@Email.Com,Dammam,Basic,7/7/2024 1:00,FALSE,37214
3805,Customer_1006,Last_1006,Customer_1006@Email.Com,Jubail,Standard,7/8/2024 2:43,TRUE,12295
3806,Customer_849,Last_849,Customer_849@Email.Com,Abha,Basic,7/8/2024 15:34,TRUE,9904
3807,Customer_3923,Last_3923,Customer_3923@Email.Com,Dammam,Standard,7/9/2024 4:25,TRUE,21526
3808,Customer_186,Last_186,Customer_186@Email.Com,Medina,Standard,7/9/2024 4:25,TRUE,503
3809,Customer_4216,Last_4216,Customer_4216@Email.Com,Hail,Basic,7/9/2024 4:25,FALSE,27766
3810,Customer_3076,Last_3076,Customer_3076@Email.Com,Dhahran,Basic,7/9/2024 17:16,TRUE,16240
3811,Customer_846,Last_846,Customer_846@Email.Com,Arar,Standard,7/9/2024 17:16,TRUE,19522
3812,Customer_2446,Last_2446,Customer_2446@Email.Com,Mecca,Standard,7/10/2024 6:07,TRUE,39708
3813,Customer_2982,Last_2982,Customer_2982@Email.Com,Al-Ahsa,Standard,7/10/2024 6:07,TRUE,3911
3814,Customer_1706,Last_1706,Customer_1706@Email.Com,Tabuk,Standard,7/10/2024 6:07,TRUE,1050
3815,Customer_602,Last_602,Customer_602@Email.Com,Khamis Mushait,New,7/11/2024 20:40,TRUE,28833
3816,Customer_1188,Last_1188,Customer_1188@Email.Com,Riyadh,New,7/11/2024 20:40,TRUE,37491
3817,Customer_3802,Last_3802,Customer_3802@Email.Com,Al-Ahsa,Basic,7/13/2024 11:14,TRUE,6713
3818,Customer_3119,Last_3119,Customer_3119@Email.Com,Tabuk,Basic,7/13/2024 11:14,FALSE,24959
3819,Customer_2464,Last_2464,Customer_2464@Email.Com,Hail,New,7/13/2024 11:14,TRUE,47782
3820,Customer_814,Last_814,Customer_814@Email.Com,Yanbu,Basic,7/14/2024 0:05,TRUE,3201
3821,Customer_4103,Last_4103,Customer_4103@Email.Com,Dhahran,Standard,7/14/2024 12:56,TRUE,15438
3822,Customer_2896,Last_2896,Customer_2896@Email.Com,Yanbu,Basic,7/14/2024 12:56,TRUE,36636
3823,Customer_4879,Last_4879,Customer_4879@Email.Com,Yanbu,Premium,7/15/2024 14:38,TRUE,33885
3824,Customer_2300,Last_2300,Customer_2300@Email.Com,Khamis Mushait,Vip,7/17/2024 5:12,TRUE,12794
3825,Customer_2595,Last_2595,Customer_2595@Email.Com,Khamis Mushait,Standard,7/17/2024 18:03,TRUE,19727
3826,Customer_3981,Last_3981,Customer_3981@Email.Com,Al-Ahsa,New,7/17/2024 18:03,TRUE,45201
3827,Customer_1908,Last_1908,Customer_1908@Email.Com,Al-Kharj,Premium,7/18/2024 19:45,TRUE,5922
3828,Customer_4415,Last_4415,Customer_4415@Email.Com,Mecca,Standard,7/19/2024 21:27,TRUE,44239
3829,Customer_1095,Last_1095,Customer_1095@Email.Com,Buraidah,Standard,7/19/2024 21:27,TRUE,39586
3830,Customer_4418,Last_4418,Customer_4418@Email.Com,Yanbu,Standard,7/20/2024 10:19,TRUE,40943
3831,Customer_3766,Last_3766,Customer_3766@Email.Com,Jeddah,New,7/20/2024 23:10,TRUE,5413
3832,Customer_909,Last_909,Customer_909@Email.Com,Hail,Basic,7/20/2024 23:10,TRUE,22447
3833,Customer_3215,Last_3215,Customer_3215@Email.Com,Tabuk,Vip,7/20/2024 23:10,TRUE,8599
3834,Customer_2910,Last_2910,Customer_2910@Email.Com,Tabuk,New,7/21/2024 12:01,TRUE,18262
3835,Customer_2467,Last_2467,Customer_2467@Email.Com,Hail,Standard,7/22/2024 0:52,TRUE,18208
3836,Customer_1238,Last_1238,Customer_1238@Email.Com,Khamis Mushait,Basic,7/22/2024 0:52,TRUE,9509
3837,Customer_4105,Last_4105,Customer_4105@Email.Com,Medina,Premium,7/22/2024 13:43,TRUE,13968
3838,Customer_484,Last_484,Customer_484@Email.Com,Qatif,Basic,7/23/2024 2:34,TRUE,34396
3839,Customer_4747,Last_4747,Customer_4747@Email.Com,Qatif,Premium,7/23/2024 2:34,TRUE,39389
3840,Customer_3401,Last_3401,Customer_3401@Email.Com,Khobar,Standard,7/23/2024 15:25,TRUE,40180
3841,Customer_1632,Last_1632,Customer_1632@Email.Com,Jubail,Standard,7/24/2024 4:16,TRUE,14923
3842,Customer_3678,Last_3678,Customer_3678@Email.Com,Mecca,Basic,7/25/2024 5:59,TRUE,30625
3843,Customer_1412,Last_1412,Customer_1412@Email.Com,Taif,Vip,7/25/2024 18:50,TRUE,3695
3844,Customer_3751,Last_3751,Customer_3751@Email.Com,Dhahran,Basic,7/26/2024 7:41,FALSE,3098
3845,Customer_715,Last_715,Customer_715@Email.Com,Jubail,Basic,7/27/2024 9:23,TRUE,29250
3846,Customer_4617,Last_4617,Customer_4617@Email.Com,Arar,Standard,7/27/2024 22:14,TRUE,36716
3847,Customer_4046,Last_4046,Customer_4046@Email.Com,Taif,Basic,7/27/2024 22:14,TRUE,36530
3848,Customer_1931,Last_1931,Customer_1931@Email.Com,Medina,Standard,7/28/2024 11:05,TRUE,4379
3849,Customer_1853,Last_1853,Customer_1853@Email.Com,Al-Kharj,New,7/29/2024 12:48,TRUE,8553
3850,Customer_1979,Last_1979,Customer_1979@Email.Com,Taif,Basic,7/31/2024 16:12,FALSE,8752
3851,Customer_4453,Last_4453,Customer_4453@Email.Com,Riyadh,Standard,8/1/2024 17:55,TRUE,38891
3852,Customer_4173,Last_4173,Customer_4173@Email.Com,Khobar,Standard,8/2/2024 19:37,TRUE,22454
3853,Customer_4900,Last_4900,Customer_4900@Email.Com,Mecca,Premium,8/2/2024 19:37,TRUE,21264
3854,Customer_1643,Last_1643,Customer_1643@Email.Com,Mecca,Standard,8/2/2024 19:37,TRUE,46478
3855,Customer_1773,Last_1773,Customer_1773@Email.Com,Dhahran,Standard,8/3/2024 21:19,TRUE,22404
3856,Customer_3325,Last_3325,Customer_3325@Email.Com,Dhahran,Basic,8/4/2024 10:10,TRUE,6713
3857,Customer_1155,Last_1155,Customer_1155@Email.Com,Riyadh,Standard,8/4/2024 10:10,TRUE,291
3858,Customer_1578,Last_1578,Customer_1578@Email.Com,Dhahran,Basic,8/4/2024 10:10,TRUE,38334
3859,Customer_3930,Last_3930,Customer_3930@Email.Com,Medina,Vip,8/4/2024 10:10,TRUE,27167
3860,Customer_210,Last_210,Customer_210@Email.Com,Khamis Mushait,Premium,8/4/2024 23:01,TRUE,21823
3861,Customer_4052,Last_4052,Customer_4052@Email.Com,Yanbu,Premium,8/4/2024 23:01,TRUE,15841
3862,Customer_1743,Last_1743,Customer_1743@Email.Com,Khamis Mushait,Standard,8/5/2024 11:52,TRUE,14975
3863,Customer_467,Last_467,Customer_467@Email.Com,Dhahran,Standard,8/6/2024 0:44,TRUE,27204
3864,Customer_4300,Last_4300,Customer_4300@Email.Com,Yanbu,Basic,8/7/2024 2:26,TRUE,33823
3865,Customer_930,Last_930,Customer_930@Email.Com,Mecca,Standard,8/9/2024 5:50,TRUE,21481
3866,Customer_2225,Last_2225,Customer_2225@Email.Com,Arar,Basic,8/9/2024 18:41,TRUE,8887
3867,Customer_4963,Last_4963,Customer_4963@Email.Com,Dhahran,Standard,8/9/2024 18:41,FALSE,43562
3868,Customer_2423,Last_2423,Customer_2423@Email.Com,Khamis Mushait,Standard,8/10/2024 7:33,FALSE,43406
3869,Customer_1855,Last_1855,Customer_1855@Email.Com,Qatif,Basic,8/11/2024 9:15,TRUE,48343
3870,Customer_1480,Last_1480,Customer_1480@Email.Com,Najran,Basic,8/11/2024 9:15,TRUE,48803
3871,Customer_2106,Last_2106,Customer_2106@Email.Com,Mecca,Standard,8/11/2024 22:06,FALSE,28185
3872,Customer_961,Last_961,Customer_961@Email.Com,Riyadh,Standard,8/11/2024 22:06,TRUE,18888
3873,Customer_2960,Last_2960,Customer_2960@Email.Com,Dhahran,Basic,8/12/2024 23:48,TRUE,46684
3874,Customer_2317,Last_2317,Customer_2317@Email.Com,Medina,Premium,8/12/2024 23:48,TRUE,1964
3875,Customer_1336,Last_1336,Customer_1336@Email.Com,Arar,Basic,8/13/2024 12:39,TRUE,29948
3876,Customer_1329,Last_1329,Customer_1329@Email.Com,Khobar,Vip,8/14/2024 1:31,TRUE,41534
3877,Customer_2513,Last_2513,Customer_2513@Email.Com,Taif,Basic,8/14/2024 14:22,FALSE,29952
3878,Customer_1455,Last_1455,Customer_1455@Email.Com,Dammam,Standard,8/14/2024 14:22,TRUE,8319
3879,Customer_1502,Last_1502,Customer_1502@Email.Com,Al-Kharj,Standard,8/14/2024 14:22,TRUE,32998
3880,Customer_2956,Last_2956,Customer_2956@Email.Com,Buraidah,Standard,8/15/2024 3:13,TRUE,39054
3881,Customer_1207,Last_1207,Customer_1207@Email.Com,Dhahran,Vip,8/15/2024 16:04,TRUE,49085
3882,Customer_3282,Last_3282,Customer_3282@Email.Com,Abha,New,8/16/2024 17:46,TRUE,23170
3883,Customer_3566,Last_3566,Customer_3566@Email.Com,Al-Kharj,Premium,8/17/2024 19:28,TRUE,38011
3884,Customer_54,Last_54,Customer_54@Email.Com,Khobar,Vip,8/18/2024 21:11,TRUE,38822
3885,Customer_2803,Last_2803,Customer_2803@Email.Com,Jubail,Standard,8/18/2024 21:11,TRUE,25015
3886,Customer_394,Last_394,Customer_394@Email.Com,Mecca,Standard,8/19/2024 10:02,TRUE,28355
3887,Customer_3869,Last_3869,Customer_3869@Email.Com,Mecca,Vip,8/21/2024 0:35,TRUE,18628
3888,Customer_693,Last_693,Customer_693@Email.Com,Buraidah,New,8/21/2024 0:35,TRUE,19230
3889,Customer_3817,Last_3817,Customer_3817@Email.Com,Hail,Standard,8/21/2024 13:26,TRUE,5161
3890,Customer_2848,Last_2848,Customer_2848@Email.Com,Najran,Premium,8/24/2024 5:42,TRUE,34152
3891,Customer_3343,Last_3343,Customer_3343@Email.Com,Khobar,Standard,8/24/2024 18:33,TRUE,3166
3892,Customer_2437,Last_2437,Customer_2437@Email.Com,Al-Ahsa,Premium,8/25/2024 7:24,TRUE,49869
3893,Customer_3036,Last_3036,Customer_3036@Email.Com,Tabuk,Standard,8/25/2024 20:15,TRUE,9642
3894,Customer_2351,Last_2351,Customer_2351@Email.Com,Buraidah,Standard,8/25/2024 20:15,TRUE,29553
3895,Customer_2751,Last_2751,Customer_2751@Email.Com,Jubail,Standard,8/26/2024 9:07,TRUE,47083
3896,Customer_1354,Last_1354,Customer_1354@Email.Com,Abha,Standard,8/26/2024 21:58,TRUE,16673
3897,Customer_2610,Last_2610,Customer_2610@Email.Com,Abha,Standard,8/26/2024 21:58,TRUE,3534
3898,Customer_3562,Last_3562,Customer_3562@Email.Com,Taif,Premium,8/27/2024 10:49,TRUE,33208
3899,Customer_3609,Last_3609,Customer_3609@Email.Com,Qatif,Basic,8/27/2024 10:49,TRUE,37546
3900,Customer_4485,Last_4485,Customer_4485@Email.Com,Abha,New,8/28/2024 12:31,FALSE,48979
3901,Customer_4360,Last_4360,Customer_4360@Email.Com,Khobar,New,8/29/2024 14:13,TRUE,19078
3902,Customer_1814,Last_1814,Customer_1814@Email.Com,Al-Ahsa,Vip,8/29/2024 14:13,TRUE,47223
3903,Customer_1435,Last_1435,Customer_1435@Email.Com,Abha,Standard,8/30/2024 15:56,TRUE,48867
3904,Customer_897,Last_897,Customer_897@Email.Com,Najran,Basic,8/31/2024 4:47,TRUE,46580
3905,Customer_2387,Last_2387,Customer_2387@Email.Com,Najran,Standard,8/31/2024 17:38,TRUE,26783
3906,Customer_3476,Last_3476,Customer_3476@Email.Com,Arar,Basic,8/31/2024 17:38,TRUE,1471
3907,Customer_3216,Last_3216,Customer_3216@Email.Com,Abha,New,8/31/2024 17:38,TRUE,21774
3908,Customer_4846,Last_4846,Customer_4846@Email.Com,Yanbu,Basic,9/3/2024 9:53,TRUE,38402
3909,Customer_2006,Last_2006,Customer_2006@Email.Com,Yanbu,Standard,9/3/2024 22:45,TRUE,35940
3910,Customer_2431,Last_2431,Customer_2431@Email.Com,Yanbu,Premium,9/3/2024 22:45,TRUE,8118
3911,Customer_4006,Last_4006,Customer_4006@Email.Com,Al-Kharj,Basic,9/5/2024 0:27,TRUE,21903
3912,Customer_4495,Last_4495,Customer_4495@Email.Com,Jubail,Standard,9/5/2024 0:27,TRUE,45822
3913,Customer_454,Last_454,Customer_454@Email.Com,Dammam,Vip,9/6/2024 2:09,TRUE,34860
3914,Customer_4288,Last_4288,Customer_4288@Email.Com,Buraidah,Standard,9/6/2024 2:09,TRUE,42793
3915,Customer_1804,Last_1804,Customer_1804@Email.Com,Khobar,Basic,9/7/2024 3:51,TRUE,32456
3916,Customer_1572,Last_1572,Customer_1572@Email.Com,Najran,Standard,9/7/2024 3:51,TRUE,25230
3917,Customer_577,Last_577,Customer_577@Email.Com,Khobar,Premium,9/8/2024 5:34,TRUE,4147
3918,Customer_2280,Last_2280,Customer_2280@Email.Com,Al-Ahsa,Basic,9/9/2024 7:16,TRUE,45605
3919,Customer_33,Last_33,Customer_33@Email.Com,Taif,Vip,9/9/2024 7:16,TRUE,33095
3920,Customer_1461,Last_1461,Customer_1461@Email.Com,Khobar,Standard,9/9/2024 7:16,TRUE,38283
3921,Customer_345,Last_345,Customer_345@Email.Com,Jubail,Standard,9/9/2024 7:16,TRUE,38648
3922,Customer_4595,Last_4595,Customer_4595@Email.Com,Jubail,Standard,9/9/2024 20:07,FALSE,30975
3923,Customer_4535,Last_4535,Customer_4535@Email.Com,Tabuk,Basic,9/10/2024 8:58,FALSE,14635
3924,Customer_2970,Last_2970,Customer_2970@Email.Com,Mecca,Standard,9/10/2024 21:49,TRUE,5877
3925,Customer_2853,Last_2853,Customer_2853@Email.Com,Al-Ahsa,Standard,9/11/2024 10:40,TRUE,21962
3926,Customer_4655,Last_4655,Customer_4655@Email.Com,Yanbu,Standard,9/11/2024 23:32,TRUE,48473
3927,Customer_2985,Last_2985,Customer_2985@Email.Com,Al-Kharj,New,9/13/2024 1:14,FALSE,21621
3928,Customer_2165,Last_2165,Customer_2165@Email.Com,Yanbu,New,9/13/2024 14:05,TRUE,42923
3929,Customer_1373,Last_1373,Customer_1373@Email.Com,Khobar,Standard,9/13/2024 14:05,TRUE,10953
3930,Customer_1617,Last_1617,Customer_1617@Email.Com,Al-Ahsa,Standard,9/14/2024 2:56,TRUE,4175
3931,Customer_4793,Last_4793,Customer_4793@Email.Com,Qatif,Standard,9/14/2024 15:47,TRUE,10879
3932,Customer_1524,Last_1524,Customer_1524@Email.Com,Arar,Basic,9/15/2024 4:38,TRUE,48991
3933,Customer_2931,Last_2931,Customer_2931@Email.Com,Jeddah,Standard,9/15/2024 4:38,FALSE,39025
3934,Customer_1649,Last_1649,Customer_1649@Email.Com,Mecca,New,9/15/2024 4:38,TRUE,19784
3935,Customer_623,Last_623,Customer_623@Email.Com,Khobar,Basic,9/17/2024 20:54,TRUE,36273
3936,Customer_4505,Last_4505,Customer_4505@Email.Com,Najran,Standard,9/17/2024 20:54,FALSE,22203
3937,Customer_2748,Last_2748,Customer_2748@Email.Com,Qatif,Basic,9/18/2024 9:45,TRUE,49835
3938,Customer_1438,Last_1438,Customer_1438@Email.Com,Medina,Vip,9/18/2024 22:36,TRUE,18189
3939,Customer_4884,Last_4884,Customer_4884@Email.Com,Tabuk,New,9/19/2024 11:27,TRUE,39109
3940,Customer_2099,Last_2099,Customer_2099@Email.Com,Khobar,Premium,9/20/2024 13:10,TRUE,10677
3941,Customer_1358,Last_1358,Customer_1358@Email.Com,Jeddah,Premium,9/21/2024 2:01,TRUE,9570
3942,Customer_4802,Last_4802,Customer_4802@Email.Com,Abha,Standard,9/21/2024 2:01,TRUE,22716
3943,Customer_2108,Last_2108,Customer_2108@Email.Com,Jubail,Standard,9/21/2024 14:52,TRUE,25519
3944,Customer_3991,Last_3991,Customer_3991@Email.Com,Najran,Vip,9/21/2024 14:52,TRUE,46293
3945,Customer_3411,Last_3411,Customer_3411@Email.Com,Abha,Standard,9/21/2024 14:52,TRUE,1946
3946,Customer_1410,Last_1410,Customer_1410@Email.Com,Hail,Basic,9/21/2024 14:52,FALSE,32693
3947,Customer_3358,Last_3358,Customer_3358@Email.Com,Abha,Basic,9/21/2024 14:52,TRUE,10228
3948,Customer_1433,Last_1433,Customer_1433@Email.Com,Taif,Basic,9/22/2024 3:43,TRUE,32567
3949,Customer_843,Last_843,Customer_843@Email.Com,Yanbu,Standard,9/22/2024 3:43,TRUE,3668
3950,Customer_2379,Last_2379,Customer_2379@Email.Com,Qatif,Standard,9/23/2024 5:25,TRUE,33435
3951,Customer_1092,Last_1092,Customer_1092@Email.Com,Al-Kharj,Vip,9/23/2024 18:16,TRUE,6716
3952,Customer_3523,Last_3523,Customer_3523@Email.Com,Arar,Standard,9/23/2024 18:16,FALSE,13896
3953,Customer_244,Last_244,Customer_244@Email.Com,Arar,Premium,9/24/2024 7:08,TRUE,32850
3954,Customer_35,Last_35,Customer_35@Email.Com,Mecca,New,9/24/2024 7:08,TRUE,32626
3955,Customer_3067,Last_3067,Customer_3067@Email.Com,Khobar,Vip,9/25/2024 8:50,TRUE,9362
3956,Customer_917,Last_917,Customer_917@Email.Com,Khobar,Vip,9/26/2024 10:32,TRUE,29402
3957,Customer_99,Last_99,Customer_99@Email.Com,Qatif,Standard,9/26/2024 23:23,FALSE,13764
3958,Customer_3614,Last_3614,Customer_3614@Email.Com,Tabuk,Standard,9/26/2024 23:23,TRUE,18317
3959,Customer_2241,Last_2241,Customer_2241@Email.Com,Khobar,Standard,9/26/2024 23:23,TRUE,6064
3960,Customer_3244,Last_3244,Customer_3244@Email.Com,Buraidah,Basic,9/30/2024 4:30,FALSE,3598
3961,Customer_3415,Last_3415,Customer_3415@Email.Com,Khobar,Basic,10/2/2024 7:55,TRUE,2421
3962,Customer_1404,Last_1404,Customer_1404@Email.Com,Taif,Basic,10/2/2024 20:46,TRUE,33067
3963,Customer_291,Last_291,Customer_291@Email.Com,Abha,Standard,10/2/2024 20:46,FALSE,2226
3964,Customer_4430,Last_4430,Customer_4430@Email.Com,Najran,Vip,10/3/2024 22:28,FALSE,42084
3965,Customer_1303,Last_1303,Customer_1303@Email.Com,Dhahran,Basic,10/3/2024 22:28,TRUE,47052
3966,Customer_3883,Last_3883,Customer_3883@Email.Com,Khobar,Basic,10/3/2024 22:28,TRUE,2589
3967,Customer_2000,Last_2000,Customer_2000@Email.Com,Jeddah,Basic,10/4/2024 11:19,TRUE,2479
3968,Customer_1509,Last_1509,Customer_1509@Email.Com,Al-Kharj,New,10/5/2024 0:10,TRUE,29137
3969,Customer_3317,Last_3317,Customer_3317@Email.Com,Dhahran,Basic,10/5/2024 13:01,TRUE,37722
3970,Customer_4664,Last_4664,Customer_4664@Email.Com,Tabuk,Premium,10/5/2024 13:01,TRUE,8143
3971,Customer_3354,Last_3354,Customer_3354@Email.Com,Taif,Standard,10/7/2024 3:35,TRUE,31305
3972,Customer_4323,Last_4323,Customer_4323@Email.Com,Jeddah,Basic,10/7/2024 16:26,TRUE,42577
3973,Customer_3257,Last_3257,Customer_3257@Email.Com,Jubail,Standard,10/8/2024 18:08,TRUE,7997
3974,Customer_3109,Last_3109,Customer_3109@Email.Com,Hail,New,10/8/2024 18:08,TRUE,715
3975,Customer_3398,Last_3398,Customer_3398@Email.Com,Dhahran,Premium,10/8/2024 18:08,TRUE,18157
3976,Customer_2847,Last_2847,Customer_2847@Email.Com,Yanbu,Vip,10/9/2024 19:50,TRUE,305
3977,Customer_3393,Last_3393,Customer_3393@Email.Com,Mecca,New,10/10/2024 21:33,TRUE,4069
3978,Customer_1990,Last_1990,Customer_1990@Email.Com,Dammam,Basic,10/11/2024 23:15,TRUE,46431
3979,Customer_3187,Last_3187,Customer_3187@Email.Com,Tabuk,Standard,10/11/2024 23:15,TRUE,25180
3980,Customer_2056,Last_2056,Customer_2056@Email.Com,Al-Kharj,Standard,10/13/2024 0:57,FALSE,38190
3981,Customer_1516,Last_1516,Customer_1516@Email.Com,Dammam,Basic,10/14/2024 2:39,TRUE,39164
3982,Customer_514,Last_514,Customer_514@Email.Com,Khamis Mushait,Standard,10/15/2024 17:13,TRUE,12778
3983,Customer_4352,Last_4352,Customer_4352@Email.Com,Medina,Standard,10/15/2024 17:13,TRUE,2728
3984,Customer_1963,Last_1963,Customer_1963@Email.Com,Khobar,Basic,10/16/2024 18:55,TRUE,12018
3985,Customer_411,Last_411,Customer_411@Email.Com,Dhahran,Standard,10/17/2024 7:46,FALSE,3932
3986,Customer_1091,Last_1091,Customer_1091@Email.Com,Riyadh,Standard,10/17/2024 20:37,TRUE,31612
3987,Customer_1138,Last_1138,Customer_1138@Email.Com,Dhahran,Standard,10/17/2024 20:37,TRUE,40910
3988,Customer_3882,Last_3882,Customer_3882@Email.Com,Abha,Basic,10/18/2024 9:28,TRUE,35011
3989,Customer_3003,Last_3003,Customer_3003@Email.Com,Mecca,Basic,10/18/2024 22:20,FALSE,30908
3990,Customer_3285,Last_3285,Customer_3285@Email.Com,Buraidah,Standard,10/19/2024 11:11,TRUE,8070
3991,Customer_2400,Last_2400,Customer_2400@Email.Com,Arar,Vip,10/20/2024 0:02,TRUE,14531
3992,Customer_3879,Last_3879,Customer_3879@Email.Com,Najran,Basic,10/21/2024 1:44,TRUE,33891
3993,Customer_2489,Last_2489,Customer_2489@Email.Com,Taif,Standard,10/21/2024 1:44,TRUE,39028
3994,Customer_1723,Last_1723,Customer_1723@Email.Com,Jubail,Standard,10/21/2024 1:44,TRUE,29301
3995,Customer_2022,Last_2022,Customer_2022@Email.Com,Medina,Basic,10/23/2024 5:09,TRUE,32401
3996,Customer_3628,Last_3628,Customer_3628@Email.Com,Al-Kharj,New,10/24/2024 19:42,TRUE,36665
3997,Customer_2634,Last_2634,Customer_2634@Email.Com,Al-Ahsa,Basic,10/25/2024 8:33,TRUE,46210
3998,Customer_3863,Last_3863,Customer_3863@Email.Com,Khamis Mushait,Basic,10/26/2024 10:15,TRUE,12008
3999,Customer_741,Last_741,Customer_741@Email.Com,Taif,New,10/26/2024 23:07,TRUE,36326
4000,Customer_1592,Last_1592,Customer_1592@Email.Com,Khamis Mushait,New,10/26/2024 23:07,TRUE,10328
4001,Customer_3601,Last_3601,Customer_3601@Email.Com,Abha,Basic,10/26/2024 23:07,TRUE,18420
4002,Customer_2074,Last_2074,Customer_2074@Email.Com,Arar,Basic,10/28/2024 0:49,TRUE,12466
4003,Customer_800,Last_800,Customer_800@Email.Com,Jeddah,Standard,10/28/2024 13:40,TRUE,7286
4004,Customer_1850,Last_1850,Customer_1850@Email.Com,Al-Kharj,Basic,10/28/2024 13:40,TRUE,34758
4005,Customer_1416,Last_1416,Customer_1416@Email.Com,Najran,Vip,10/28/2024 13:40,FALSE,9941
4006,Customer_4310,Last_4310,Customer_4310@Email.Com,Al-Kharj,New,10/29/2024 15:22,TRUE,28729
4007,Customer_4240,Last_4240,Customer_4240@Email.Com,Najran,Basic,10/29/2024 15:22,TRUE,17355
4008,Customer_1860,Last_1860,Customer_1860@Email.Com,Buraidah,Vip,10/30/2024 4:13,TRUE,26817
4009,Customer_1784,Last_1784,Customer_1784@Email.Com,Al-Ahsa,Premium,10/30/2024 4:13,TRUE,36087
4010,Customer_1010,Last_1010,Customer_1010@Email.Com,Khobar,Standard,10/30/2024 4:13,TRUE,809
4011,Customer_2926,Last_2926,Customer_2926@Email.Com,Dammam,Basic,10/30/2024 17:04,TRUE,31756
4012,Customer_1258,Last_1258,Customer_1258@Email.Com,Al-Kharj,Standard,11/1/2024 7:38,TRUE,37703
4013,Customer_3688,Last_3688,Customer_3688@Email.Com,Khobar,Premium,11/1/2024 20:29,FALSE,21237
4014,Customer_4653,Last_4653,Customer_4653@Email.Com,Jubail,Standard,11/2/2024 9:20,TRUE,520
4015,Customer_3274,Last_3274,Customer_3274@Email.Com,Abha,Basic,11/2/2024 9:20,FALSE,5566
4016,Customer_1325,Last_1325,Customer_1325@Email.Com,Jeddah,Standard,11/2/2024 22:11,TRUE,2788
4017,Customer_4267,Last_4267,Customer_4267@Email.Com,Qatif,New,11/3/2024 11:02,TRUE,6044
4018,Customer_4929,Last_4929,Customer_4929@Email.Com,Al-Ahsa,Basic,11/4/2024 12:45,TRUE,6640
4019,Customer_3658,Last_3658,Customer_3658@Email.Com,Qatif,Standard,11/4/2024 12:45,FALSE,860
4020,Customer_2229,Last_2229,Customer_2229@Email.Com,Buraidah,Basic,11/4/2024 12:45,TRUE,13335
4021,Customer_2697,Last_2697,Customer_2697@Email.Com,Jeddah,Standard,11/5/2024 1:36,TRUE,44867
4022,Customer_2390,Last_2390,Customer_2390@Email.Com,Jubail,Standard,11/6/2024 3:18,TRUE,38919
4023,Customer_1662,Last_1662,Customer_1662@Email.Com,Dammam,Basic,11/7/2024 5:00,FALSE,32420
4024,Customer_2297,Last_2297,Customer_2297@Email.Com,Buraidah,Basic,11/7/2024 17:51,FALSE,35409
4025,Customer_1427,Last_1427,Customer_1427@Email.Com,Jeddah,Basic,11/7/2024 17:51,FALSE,29044
4026,Customer_1141,Last_1141,Customer_1141@Email.Com,Jubail,Standard,11/8/2024 19:34,TRUE,5778
4027,Customer_762,Last_762,Customer_762@Email.Com,Mecca,Premium,11/8/2024 19:34,TRUE,36479
4028,Customer_3239,Last_3239,Customer_3239@Email.Com,Medina,Standard,11/8/2024 19:34,TRUE,19958
4029,Customer_48,Last_48,Customer_48@Email.Com,Dhahran,Basic,11/8/2024 19:34,FALSE,42516
4030,Customer_2687,Last_2687,Customer_2687@Email.Com,Dhahran,Standard,11/9/2024 8:25,TRUE,9775
4031,Customer_3498,Last_3498,Customer_3498@Email.Com,Abha,Basic,11/9/2024 21:16,TRUE,28359
4032,Customer_3096,Last_3096,Customer_3096@Email.Com,Tabuk,Standard,11/10/2024 10:07,TRUE,16827
4033,Customer_3602,Last_3602,Customer_3602@Email.Com,Medina,Basic,11/11/2024 11:49,TRUE,2677
4034,Customer_257,Last_257,Customer_257@Email.Com,Mecca,Standard,11/12/2024 0:40,TRUE,45952
4035,Customer_4384,Last_4384,Customer_4384@Email.Com,Taif,Standard,11/12/2024 0:40,TRUE,6694
4036,Customer_2087,Last_2087,Customer_2087@Email.Com,Jeddah,Standard,11/12/2024 13:32,TRUE,23462
4037,Customer_2156,Last_2156,Customer_2156@Email.Com,Medina,Standard,11/12/2024 13:32,FALSE,48671
4038,Customer_1647,Last_1647,Customer_1647@Email.Com,Al-Kharj,Standard,11/13/2024 2:23,TRUE,18050
4039,Customer_243,Last_243,Customer_243@Email.Com,Tabuk,Basic,11/13/2024 15:14,TRUE,24601
4040,Customer_1080,Last_1080,Customer_1080@Email.Com,Khamis Mushait,New,11/14/2024 4:05,TRUE,16225
4041,Customer_1429,Last_1429,Customer_1429@Email.Com,Dammam,Standard,11/14/2024 4:05,TRUE,34905
4042,Customer_3502,Last_3502,Customer_3502@Email.Com,Taif,Standard,11/14/2024 4:05,TRUE,22523
4043,Customer_3958,Last_3958,Customer_3958@Email.Com,Jubail,Basic,11/14/2024 16:56,FALSE,2026
4044,Customer_2957,Last_2957,Customer_2957@Email.Com,Al-Kharj,Basic,11/15/2024 5:47,TRUE,24227
4045,Customer_1666,Last_1666,Customer_1666@Email.Com,Hail,Basic,11/15/2024 5:47,TRUE,9080
4046,Customer_1677,Last_1677,Customer_1677@Email.Com,Najran,Standard,11/16/2024 7:29,TRUE,9502
4047,Customer_140,Last_140,Customer_140@Email.Com,Arar,Standard,11/16/2024 7:29,TRUE,19124
4048,Customer_2059,Last_2059,Customer_2059@Email.Com,Hail,Basic,11/18/2024 10:54,TRUE,247
4049,Customer_8,Last_8,Customer_8@Email.Com,Buraidah,Standard,11/18/2024 10:54,TRUE,46642
4050,Customer_4656,Last_4656,Customer_4656@Email.Com,Tabuk,Standard,11/18/2024 10:54,TRUE,26927
4051,Customer_1229,Last_1229,Customer_1229@Email.Com,Dhahran,New,11/19/2024 12:36,TRUE,26823
4052,Customer_129,Last_129,Customer_129@Email.Com,Buraidah,Standard,11/20/2024 1:27,TRUE,8802
4053,Customer_3392,Last_3392,Customer_3392@Email.Com,Tabuk,Standard,11/20/2024 14:18,TRUE,451
4054,Customer_1681,Last_1681,Customer_1681@Email.Com,Taif,Vip,11/21/2024 16:01,TRUE,46366
4055,Customer_947,Last_947,Customer_947@Email.Com,Arar,Basic,11/22/2024 4:52,TRUE,25508
4056,Customer_4154,Last_4154,Customer_4154@Email.Com,Al-Kharj,Standard,11/23/2024 6:34,TRUE,22618
4057,Customer_3052,Last_3052,Customer_3052@Email.Com,Taif,Basic,11/25/2024 9:59,TRUE,42668
4058,Customer_4843,Last_4843,Customer_4843@Email.Com,Dammam,Basic,11/25/2024 9:59,TRUE,25958
4059,Customer_1628,Last_1628,Customer_1628@Email.Com,Dammam,Standard,11/25/2024 22:50,TRUE,36173
4060,Customer_4181,Last_4181,Customer_4181@Email.Com,Jeddah,Standard,11/25/2024 22:50,TRUE,3347
4061,Customer_3297,Last_3297,Customer_3297@Email.Com,Dammam,Basic,11/26/2024 11:41,TRUE,893
4062,Customer_596,Last_596,Customer_596@Email.Com,Khamis Mushait,Basic,11/27/2024 13:23,FALSE,27394
4063,Customer_2688,Last_2688,Customer_2688@Email.Com,Taif,Standard,11/27/2024 13:23,FALSE,14099
4064,Customer_1242,Last_1242,Customer_1242@Email.Com,Dammam,Basic,11/27/2024 13:23,TRUE,24324
4065,Customer_145,Last_145,Customer_145@Email.Com,Arar,Basic,11/28/2024 2:14,TRUE,11842
4066,Customer_4968,Last_4968,Customer_4968@Email.Com,Buraidah,Standard,11/29/2024 16:48,TRUE,411
4067,Customer_2434,Last_2434,Customer_2434@Email.Com,Hail,Vip,11/29/2024 16:48,TRUE,45318
4068,Customer_1108,Last_1108,Customer_1108@Email.Com,Arar,New,11/30/2024 18:30,TRUE,8933
4069,Customer_2246,Last_2246,Customer_2246@Email.Com,Tabuk,Premium,12/2/2024 21:54,FALSE,22837
4070,Customer_1938,Last_1938,Customer_1938@Email.Com,Dhahran,New,12/3/2024 10:46,TRUE,13531
4071,Customer_84,Last_84,Customer_84@Email.Com,Dhahran,New,12/3/2024 23:37,FALSE,23226
4072,Customer_3376,Last_3376,Customer_3376@Email.Com,Medina,Standard,12/4/2024 12:28,TRUE,13060
4073,Customer_527,Last_527,Customer_527@Email.Com,Yanbu,Standard,12/4/2024 12:28,FALSE,45858
4074,Customer_493,Last_493,Customer_493@Email.Com,Hail,Standard,12/5/2024 14:10,TRUE,3139
4075,Customer_4508,Last_4508,Customer_4508@Email.Com,Jubail,New,12/6/2024 3:01,TRUE,21060
4076,Customer_4197,Last_4197,Customer_4197@Email.Com,Dhahran,Standard,12/6/2024 15:52,TRUE,32910
4077,Customer_3957,Last_3957,Customer_3957@Email.Com,Dhahran,Standard,12/8/2024 19:17,TRUE,49375
4078,Customer_829,Last_829,Customer_829@Email.Com,Medina,Standard,12/8/2024 19:17,TRUE,6517
4079,Customer_1204,Last_1204,Customer_1204@Email.Com,Medina,Standard,12/8/2024 19:17,TRUE,46215
4080,Customer_2468,Last_2468,Customer_2468@Email.Com,Yanbu,New,12/9/2024 8:08,TRUE,22713
4081,Customer_918,Last_918,Customer_918@Email.Com,Riyadh,Basic,12/9/2024 20:59,TRUE,41527
4082,Customer_986,Last_986,Customer_986@Email.Com,Riyadh,Standard,12/10/2024 9:50,TRUE,28672
4083,Customer_3618,Last_3618,Customer_3618@Email.Com,Hail,New,12/10/2024 9:50,FALSE,4444
4084,Customer_4369,Last_4369,Customer_4369@Email.Com,Hail,Basic,12/10/2024 9:50,TRUE,30558
4085,Customer_3107,Last_3107,Customer_3107@Email.Com,Dammam,Standard,12/10/2024 22:41,TRUE,47954
4086,Customer_2462,Last_2462,Customer_2462@Email.Com,Dammam,Standard,12/11/2024 11:33,TRUE,8127
4087,Customer_2320,Last_2320,Customer_2320@Email.Com,Hail,Basic,12/11/2024 11:33,TRUE,32337
4088,Customer_737,Last_737,Customer_737@Email.Com,Jeddah,Standard,12/12/2024 13:15,TRUE,2042
4089,Customer_1331,Last_1331,Customer_1331@Email.Com,Medina,Standard,12/14/2024 3:48,TRUE,21306
4090,Customer_2334,Last_2334,Customer_2334@Email.Com,Hail,Standard,12/14/2024 16:39,TRUE,3187
4091,Customer_4157,Last_4157,Customer_4157@Email.Com,Khobar,Standard,12/15/2024 5:30,TRUE,9325
4092,Customer_2633,Last_2633,Customer_2633@Email.Com,Khobar,Vip,12/15/2024 5:30,TRUE,49781
4093,Customer_2534,Last_2534,Customer_2534@Email.Com,Al-Kharj,Basic,12/15/2024 18:22,TRUE,49101
4094,Customer_155,Last_155,Customer_155@Email.Com,Al-Ahsa,Basic,12/16/2024 7:13,TRUE,27351
4095,Customer_2894,Last_2894,Customer_2894@Email.Com,Al-Ahsa,Standard,12/16/2024 7:13,TRUE,2006
4096,Customer_3164,Last_3164,Customer_3164@Email.Com,Qatif,New,12/16/2024 20:04,FALSE,13450
4097,Customer_2206,Last_2206,Customer_2206@Email.Com,Dhahran,Standard,12/17/2024 8:55,TRUE,2427
4098,Customer_4048,Last_4048,Customer_4048@Email.Com,Al-Ahsa,Basic,12/17/2024 21:46,TRUE,26384
4099,Customer_4257,Last_4257,Customer_4257@Email.Com,Tabuk,Basic,12/18/2024 23:28,TRUE,32098
4100,Customer_646,Last_646,Customer_646@Email.Com,Dammam,Vip,12/19/2024 12:20,TRUE,37039
4101,Customer_1332,Last_1332,Customer_1332@Email.Com,Al-Kharj,New,12/19/2024 12:20,TRUE,42973
4102,Customer_3394,Last_3394,Customer_3394@Email.Com,Al-Kharj,Basic,12/20/2024 1:11,TRUE,13386
4103,Customer_1949,Last_1949,Customer_1949@Email.Com,Jeddah,New,12/20/2024 1:11,TRUE,1076
4104,Customer_301,Last_301,Customer_301@Email.Com,Hail,Basic,12/20/2024 1:11,TRUE,28015
4105,Customer_4742,Last_4742,Customer_4742@Email.Com,Qatif,Basic,12/21/2024 2:53,TRUE,31755
4106,Customer_4820,Last_4820,Customer_4820@Email.Com,Abha,Basic,12/22/2024 4:35,TRUE,2918
4107,Customer_2447,Last_2447,Customer_2447@Email.Com,Taif,Standard,12/22/2024 17:26,TRUE,30697
4108,Customer_2218,Last_2218,Customer_2218@Email.Com,Buraidah,Standard,12/22/2024 17:26,TRUE,14954
4109,Customer_4329,Last_4329,Customer_4329@Email.Com,Khamis Mushait,Basic,12/23/2024 6:17,TRUE,44159
4110,Customer_4600,Last_4600,Customer_4600@Email.Com,Khamis Mushait,Standard,12/23/2024 6:17,TRUE,8981
4111,Customer_4571,Last_4571,Customer_4571@Email.Com,Mecca,Basic,12/23/2024 19:09,TRUE,22207
4112,Customer_2650,Last_2650,Customer_2650@Email.Com,Abha,Standard,12/23/2024 19:09,TRUE,12095
4113,Customer_1993,Last_1993,Customer_1993@Email.Com,Khobar,Basic,12/25/2024 9:42,TRUE,18540
4114,Customer_4627,Last_4627,Customer_4627@Email.Com,Mecca,Vip,12/25/2024 9:42,TRUE,8601
4115,Customer_1627,Last_1627,Customer_1627@Email.Com,Al-Ahsa,Standard,12/25/2024 22:33,TRUE,43176
4116,Customer_3363,Last_3363,Customer_3363@Email.Com,Yanbu,Standard,12/25/2024 22:33,TRUE,18947
4117,Customer_3166,Last_3166,Customer_3166@Email.Com,Jeddah,Standard,12/28/2024 1:58,TRUE,42861
4118,Customer_3319,Last_3319,Customer_3319@Email.Com,Najran,New,12/28/2024 14:49,TRUE,39048
4119,Customer_2322,Last_2322,Customer_2322@Email.Com,Tabuk,Standard,12/28/2024 14:49,TRUE,21559
4120,Customer_1401,Last_1401,Customer_1401@Email.Com,Hail,Premium,12/28/2024 14:49,FALSE,31339
4121,Customer_2341,Last_2341,Customer_2341@Email.Com,Abha,Standard,12/29/2024 3:40,TRUE,39884
4122,Customer_2410,Last_2410,Customer_2410@Email.Com,Qatif,Premium,12/29/2024 16:31,TRUE,3856
4123,Customer_2906,Last_2906,Customer_2906@Email.Com,Jeddah,Premium,12/29/2024 16:31,TRUE,13735
4124,Customer_1036,Last_1036,Customer_1036@Email.Com,Najran,Vip,12/30/2024 5:22,TRUE,1511
4125,Customer_4782,Last_4782,Customer_4782@Email.Com,Mecca,Standard,12/30/2024 5:22,TRUE,8487
4126,Customer_2354,Last_2354,Customer_2354@Email.Com,Khobar,New,12/30/2024 5:22,FALSE,42747
4127,Customer_2769,Last_2769,Customer_2769@Email.Com,Riyadh,Standard,12/30/2024 18:13,TRUE,15926
4128,Customer_2248,Last_2248,Customer_2248@Email.Com,Jeddah,Basic,12/31/2024 19:56,TRUE,29974
4129,Customer_1165,Last_1165,Customer_1165@Email.Com,Tabuk,Premium,1/1/2025 8:47,TRUE,12268
4130,Customer_2808,Last_2808,Customer_2808@Email.Com,Riyadh,Standard,1/2/2025 10:29,FALSE,32389
4131,Customer_884,Last_884,Customer_884@Email.Com,Tabuk,Basic,1/2/2025 10:29,TRUE,48181
4132,Customer_751,Last_751,Customer_751@Email.Com,Al-Ahsa,Basic,1/3/2025 12:11,TRUE,22546
4133,Customer_1611,Last_1611,Customer_1611@Email.Com,Al-Ahsa,Standard,1/4/2025 13:53,TRUE,25724
4134,Customer_652,Last_652,Customer_652@Email.Com,Dhahran,Premium,1/6/2025 4:27,TRUE,40831
4135,Customer_2511,Last_2511,Customer_2511@Email.Com,Buraidah,Basic,1/7/2025 6:09,FALSE,14853
4136,Customer_515,Last_515,Customer_515@Email.Com,Jeddah,Basic,1/8/2025 7:51,FALSE,38930
4137,Customer_4002,Last_4002,Customer_4002@Email.Com,Al-Ahsa,Standard,1/8/2025 7:51,TRUE,31512
4138,Customer_1555,Last_1555,Customer_1555@Email.Com,Riyadh,Basic,1/10/2025 11:16,FALSE,22732
4139,Customer_232,Last_232,Customer_232@Email.Com,Qatif,Premium,1/10/2025 11:16,TRUE,21943
4140,Customer_3819,Last_3819,Customer_3819@Email.Com,Abha,New,1/10/2025 11:16,TRUE,15942
4141,Customer_1448,Last_1448,Customer_1448@Email.Com,Riyadh,Basic,1/10/2025 11:16,TRUE,32835
4142,Customer_4059,Last_4059,Customer_4059@Email.Com,Al-Ahsa,Vip,1/10/2025 11:16,TRUE,6932
4143,Customer_3077,Last_3077,Customer_3077@Email.Com,Al-Ahsa,New,1/10/2025 11:16,FALSE,21262
4144,Customer_2184,Last_2184,Customer_2184@Email.Com,Abha,Basic,1/11/2025 0:07,TRUE,45712
4145,Customer_2749,Last_2749,Customer_2749@Email.Com,Dhahran,Vip,1/11/2025 12:58,TRUE,23115
4146,Customer_3231,Last_3231,Customer_3231@Email.Com,Al-Ahsa,Premium,1/13/2025 3:32,TRUE,38718
4147,Customer_4916,Last_4916,Customer_4916@Email.Com,Mecca,Basic,1/13/2025 3:32,TRUE,40864
4148,Customer_4280,Last_4280,Customer_4280@Email.Com,Dhahran,Basic,1/13/2025 3:32,TRUE,37693
4149,Customer_4473,Last_4473,Customer_4473@Email.Com,Yanbu,New,1/13/2025 16:23,FALSE,29178
4150,Customer_2455,Last_2455,Customer_2455@Email.Com,Najran,Standard,1/14/2025 5:14,TRUE,8208
4151,Customer_1943,Last_1943,Customer_1943@Email.Com,Taif,Standard,1/14/2025 5:14,TRUE,17405
4152,Customer_3935,Last_3935,Customer_3935@Email.Com,Arar,Basic,1/14/2025 18:05,TRUE,37952
4153,Customer_348,Last_348,Customer_348@Email.Com,Taif,Vip,1/15/2025 6:56,TRUE,8743
4154,Customer_424,Last_424,Customer_424@Email.Com,Riyadh,Standard,1/15/2025 6:56,TRUE,14408
4155,Customer_626,Last_626,Customer_626@Email.Com,Medina,Vip,1/16/2025 8:38,TRUE,502
4156,Customer_1492,Last_1492,Customer_1492@Email.Com,Medina,Premium,1/16/2025 21:29,TRUE,44090
4157,Customer_1127,Last_1127,Customer_1127@Email.Com,Yanbu,Standard,1/17/2025 10:21,TRUE,33457
4158,Customer_2516,Last_2516,Customer_2516@Email.Com,Jeddah,New,1/17/2025 23:12,TRUE,27163
4159,Customer_2259,Last_2259,Customer_2259@Email.Com,Hail,Basic,1/18/2025 12:03,FALSE,32924
4160,Customer_2973,Last_2973,Customer_2973@Email.Com,Khamis Mushait,Basic,1/18/2025 12:03,TRUE,20792
4161,Customer_2594,Last_2594,Customer_2594@Email.Com,Dammam,Basic,1/18/2025 12:03,TRUE,39440
4162,Customer_2708,Last_2708,Customer_2708@Email.Com,Tabuk,Basic,1/19/2025 0:54,TRUE,9946
4163,Customer_1863,Last_1863,Customer_1863@Email.Com,Qatif,Basic,1/19/2025 0:54,TRUE,13357
4164,Customer_3127,Last_3127,Customer_3127@Email.Com,Medina,Standard,1/19/2025 0:54,TRUE,5385
4165,Customer_1018,Last_1018,Customer_1018@Email.Com,Arar,Premium,1/19/2025 0:54,TRUE,28387
4166,Customer_4738,Last_4738,Customer_4738@Email.Com,Yanbu,Standard,1/19/2025 13:45,TRUE,3860
4167,Customer_4741,Last_4741,Customer_4741@Email.Com,Medina,Basic,1/20/2025 2:36,TRUE,34536
4168,Customer_4373,Last_4373,Customer_4373@Email.Com,Yanbu,Basic,1/20/2025 2:36,TRUE,17131
4169,Customer_3465,Last_3465,Customer_3465@Email.Com,Jeddah,Standard,1/20/2025 15:27,TRUE,12740
4170,Customer_697,Last_697,Customer_697@Email.Com,Buraidah,Premium,1/20/2025 15:27,TRUE,35061
4171,Customer_1102,Last_1102,Customer_1102@Email.Com,Medina,New,1/20/2025 15:27,TRUE,39590
4172,Customer_250,Last_250,Customer_250@Email.Com,Khamis Mushait,Basic,1/21/2025 4:18,TRUE,23746
4173,Customer_1985,Last_1985,Customer_1985@Email.Com,Jubail,New,1/21/2025 4:18,TRUE,12657
4174,Customer_3014,Last_3014,Customer_3014@Email.Com,Jeddah,Basic,1/21/2025 17:10,TRUE,48556
4175,Customer_1151,Last_1151,Customer_1151@Email.Com,Dhahran,Standard,1/22/2025 6:01,TRUE,26395
4176,Customer_2785,Last_2785,Customer_2785@Email.Com,Arar,Vip,1/22/2025 6:01,TRUE,49823
4177,Customer_2642,Last_2642,Customer_2642@Email.Com,Jeddah,Standard,1/22/2025 6:01,TRUE,11295
4178,Customer_2872,Last_2872,Customer_2872@Email.Com,Khamis Mushait,New,1/22/2025 18:52,TRUE,40463
4179,Customer_1637,Last_1637,Customer_1637@Email.Com,Jubail,Standard,1/23/2025 7:43,TRUE,47709
4180,Customer_1125,Last_1125,Customer_1125@Email.Com,Najran,Standard,1/24/2025 9:25,FALSE,7392
4181,Customer_3032,Last_3032,Customer_3032@Email.Com,Al-Ahsa,Premium,1/24/2025 9:25,TRUE,15370
4182,Customer_1865,Last_1865,Customer_1865@Email.Com,Al-Kharj,Standard,1/24/2025 22:16,TRUE,13369
4183,Customer_718,Last_718,Customer_718@Email.Com,Dhahran,Vip,1/25/2025 11:08,TRUE,42707
4184,Customer_2798,Last_2798,Customer_2798@Email.Com,Tabuk,Premium,1/26/2025 12:50,TRUE,21473
4185,Customer_2532,Last_2532,Customer_2532@Email.Com,Taif,Standard,1/27/2025 1:41,TRUE,30530
4186,Customer_4030,Last_4030,Customer_4030@Email.Com,Riyadh,Premium,1/28/2025 3:23,TRUE,5375
4187,Customer_1525,Last_1525,Customer_1525@Email.Com,Mecca,Basic,1/28/2025 3:23,TRUE,20733
4188,Customer_4152,Last_4152,Customer_4152@Email.Com,Hail,Basic,1/28/2025 16:14,TRUE,4715
4189,Customer_2699,Last_2699,Customer_2699@Email.Com,Khobar,Basic,1/28/2025 16:14,TRUE,43942
4190,Customer_872,Last_872,Customer_872@Email.Com,Medina,Vip,1/28/2025 16:14,TRUE,28949
4191,Customer_3622,Last_3622,Customer_3622@Email.Com,Buraidah,Basic,1/29/2025 5:05,TRUE,10067
4192,Customer_1320,Last_1320,Customer_1320@Email.Com,Al-Ahsa,Basic,1/29/2025 17:57,TRUE,41295
4193,Customer_4115,Last_4115,Customer_4115@Email.Com,Hail,Basic,1/31/2025 8:30,TRUE,21814
4194,Customer_2998,Last_2998,Customer_2998@Email.Com,Al-Kharj,Standard,1/31/2025 8:30,TRUE,45447
4195,Customer_3700,Last_3700,Customer_3700@Email.Com,Jubail,Standard,1/31/2025 21:21,FALSE,47466
4196,Customer_2096,Last_2096,Customer_2096@Email.Com,Dammam,Standard,2/2/2025 11:54,TRUE,44555
4197,Customer_3060,Last_3060,Customer_3060@Email.Com,Dhahran,Standard,2/4/2025 15:19,TRUE,26490
4198,Customer_997,Last_997,Customer_997@Email.Com,Arar,Basic,2/4/2025 15:19,FALSE,35980
4199,Customer_681,Last_681,Customer_681@Email.Com,Dhahran,New,2/6/2025 5:52,TRUE,38302
4200,Customer_265,Last_265,Customer_265@Email.Com,Dhahran,Standard,2/6/2025 18:44,TRUE,36516
4201,Customer_3494,Last_3494,Customer_3494@Email.Com,Yanbu,Premium,2/7/2025 7:35,TRUE,29218
4202,Customer_3504,Last_3504,Customer_3504@Email.Com,Dammam,Basic,2/7/2025 7:35,TRUE,7199
4203,Customer_3716,Last_3716,Customer_3716@Email.Com,Riyadh,Basic,2/7/2025 20:26,TRUE,20575
4204,Customer_3528,Last_3528,Customer_3528@Email.Com,Abha,Standard,2/9/2025 10:59,TRUE,32636
4205,Customer_3018,Last_3018,Customer_3018@Email.Com,Najran,Vip,2/9/2025 10:59,TRUE,30267
4206,Customer_4601,Last_4601,Customer_4601@Email.Com,Arar,Premium,2/9/2025 23:50,FALSE,34068
4207,Customer_630,Last_630,Customer_630@Email.Com,Dhahran,Basic,2/10/2025 12:41,TRUE,10605
4208,Customer_1032,Last_1032,Customer_1032@Email.Com,Tabuk,Standard,2/12/2025 16:06,TRUE,44254
4209,Customer_1272,Last_1272,Customer_1272@Email.Com,Yanbu,Basic,2/12/2025 16:06,FALSE,35725
4210,Customer_4732,Last_4732,Customer_4732@Email.Com,Taif,New,2/13/2025 4:57,TRUE,15698
4211,Customer_2178,Last_2178,Customer_2178@Email.Com,Jeddah,Standard,2/13/2025 4:57,TRUE,6842
4212,Customer_2771,Last_2771,Customer_2771@Email.Com,Yanbu,Vip,2/13/2025 4:57,TRUE,30100
4213,Customer_1182,Last_1182,Customer_1182@Email.Com,Abha,Basic,2/14/2025 6:39,TRUE,49893
4214,Customer_2802,Last_2802,Customer_2802@Email.Com,Dhahran,Standard,2/14/2025 19:30,FALSE,40508
4215,Customer_524,Last_524,Customer_524@Email.Com,Arar,Standard,2/14/2025 19:30,TRUE,12992
4216,Customer_2095,Last_2095,Customer_2095@Email.Com,Arar,Premium,2/15/2025 21:13,TRUE,42252
4217,Customer_194,Last_194,Customer_194@Email.Com,Abha,Premium,2/15/2025 21:13,FALSE,1381
4218,Customer_4174,Last_4174,Customer_4174@Email.Com,Najran,Basic,2/16/2025 10:04,TRUE,11707
4219,Customer_4094,Last_4094,Customer_4094@Email.Com,Qatif,Basic,2/17/2025 11:46,TRUE,13937
4220,Customer_3471,Last_3471,Customer_3471@Email.Com,Al-Kharj,Standard,2/19/2025 2:20,TRUE,37441
4221,Customer_3854,Last_3854,Customer_3854@Email.Com,Qatif,New,2/21/2025 18:35,TRUE,8065
4222,Customer_4224,Last_4224,Customer_4224@Email.Com,Arar,Basic,2/21/2025 18:35,TRUE,39773
4223,Customer_358,Last_358,Customer_358@Email.Com,Yanbu,Basic,2/22/2025 7:26,TRUE,37595
4224,Customer_74,Last_74,Customer_74@Email.Com,Al-Kharj,Standard,2/22/2025 20:17,TRUE,26654
4225,Customer_4615,Last_4615,Customer_4615@Email.Com,Al-Kharj,Standard,2/23/2025 9:09,TRUE,47188
4226,Customer_4512,Last_4512,Customer_4512@Email.Com,Hail,Basic,2/25/2025 12:33,FALSE,45248
4227,Customer_4697,Last_4697,Customer_4697@Email.Com,Dammam,Standard,2/25/2025 12:33,TRUE,30753
4228,Customer_2393,Last_2393,Customer_2393@Email.Com,Al-Ahsa,Basic,2/27/2025 3:06,FALSE,22614
4229,Customer_3898,Last_3898,Customer_3898@Email.Com,Medina,Basic,2/27/2025 15:58,TRUE,16838
4230,Customer_1034,Last_1034,Customer_1034@Email.Com,Khamis Mushait,Premium,2/28/2025 17:40,TRUE,9514
4231,Customer_1682,Last_1682,Customer_1682@Email.Com,Khobar,Standard,3/1/2025 6:31,FALSE,35515
4232,Customer_3726,Last_3726,Customer_3726@Email.Com,Najran,Standard,3/2/2025 8:13,TRUE,9534
4233,Customer_305,Last_305,Customer_305@Email.Com,Khamis Mushait,Standard,3/2/2025 21:04,TRUE,30101
4234,Customer_4754,Last_4754,Customer_4754@Email.Com,Tabuk,Standard,3/2/2025 21:04,TRUE,47032
4235,Customer_4256,Last_4256,Customer_4256@Email.Com,Al-Kharj,Basic,3/2/2025 21:04,TRUE,40274
4236,Customer_3194,Last_3194,Customer_3194@Email.Com,Arar,Standard,3/3/2025 9:55,TRUE,35391
4237,Customer_4573,Last_4573,Customer_4573@Email.Com,Jubail,Standard,3/3/2025 9:55,TRUE,17564
4238,Customer_253,Last_253,Customer_253@Email.Com,Qatif,Premium,3/3/2025 22:47,TRUE,35852
4239,Customer_4520,Last_4520,Customer_4520@Email.Com,Khobar,Vip,3/3/2025 22:47,TRUE,2027
4240,Customer_372,Last_372,Customer_372@Email.Com,Tabuk,Vip,3/4/2025 11:38,TRUE,14464
4241,Customer_299,Last_299,Customer_299@Email.Com,Dammam,Premium,3/4/2025 11:38,TRUE,7316
4242,Customer_15,Last_15,Customer_15@Email.Com,Khobar,New,3/6/2025 2:11,TRUE,19907
4243,Customer_3095,Last_3095,Customer_3095@Email.Com,Riyadh,Standard,3/6/2025 2:11,FALSE,5492
4244,Customer_31,Last_31,Customer_31@Email.Com,Taif,Standard,3/7/2025 3:53,FALSE,31689
4245,Customer_1576,Last_1576,Customer_1576@Email.Com,Hail,Basic,3/7/2025 3:53,TRUE,27039
4246,Customer_1122,Last_1122,Customer_1122@Email.Com,Taif,New,3/7/2025 16:45,TRUE,32780
4247,Customer_2138,Last_2138,Customer_2138@Email.Com,Mecca,Standard,3/8/2025 5:36,TRUE,26669
4248,Customer_1016,Last_1016,Customer_1016@Email.Com,Taif,Standard,3/8/2025 5:36,TRUE,32402
4249,Customer_4513,Last_4513,Customer_4513@Email.Com,Al-Ahsa,New,3/8/2025 18:27,TRUE,20930
4250,Customer_2419,Last_2419,Customer_2419@Email.Com,Qatif,Standard,3/9/2025 20:09,TRUE,27841
4251,Customer_807,Last_807,Customer_807@Email.Com,Khobar,Standard,3/10/2025 9:00,TRUE,23486
4252,Customer_3902,Last_3902,Customer_3902@Email.Com,Buraidah,Standard,3/10/2025 9:00,TRUE,48735
4253,Customer_4886,Last_4886,Customer_4886@Email.Com,Qatif,New,3/11/2025 23:34,FALSE,17061
4254,Customer_3757,Last_3757,Customer_3757@Email.Com,Khamis Mushait,Standard,3/11/2025 23:34,FALSE,37708
4255,Customer_3823,Last_3823,Customer_3823@Email.Com,Khobar,Basic,3/11/2025 23:34,TRUE,2947
4256,Customer_4467,Last_4467,Customer_4467@Email.Com,Dhahran,Basic,3/11/2025 23:34,TRUE,36508
4257,Customer_4922,Last_4922,Customer_4922@Email.Com,Mecca,Basic,3/12/2025 12:25,FALSE,5362
4258,Customer_1222,Last_1222,Customer_1222@Email.Com,Al-Kharj,Standard,3/13/2025 14:07,TRUE,48044
4259,Customer_3761,Last_3761,Customer_3761@Email.Com,Dhahran,Standard,3/14/2025 2:58,TRUE,13276
4260,Customer_68,Last_68,Customer_68@Email.Com,Qatif,Standard,3/14/2025 2:58,TRUE,48960
4261,Customer_3006,Last_3006,Customer_3006@Email.Com,Abha,Basic,3/14/2025 2:58,TRUE,15611
4262,Customer_588,Last_588,Customer_588@Email.Com,Riyadh,Basic,3/14/2025 2:58,FALSE,32976
4263,Customer_3577,Last_3577,Customer_3577@Email.Com,Dammam,Premium,3/14/2025 15:49,TRUE,18462
4264,Customer_4691,Last_4691,Customer_4691@Email.Com,Najran,Standard,3/15/2025 4:40,FALSE,16104
4265,Customer_4383,Last_4383,Customer_4383@Email.Com,Al-Kharj,Basic,3/15/2025 17:31,TRUE,18725
4266,Customer_4837,Last_4837,Customer_4837@Email.Com,Najran,Basic,3/15/2025 17:31,TRUE,43239
4267,Customer_1306,Last_1306,Customer_1306@Email.Com,Medina,Standard,3/15/2025 17:31,TRUE,6659
4268,Customer_128,Last_128,Customer_128@Email.Com,Al-Kharj,Standard,3/15/2025 17:31,TRUE,40719
4269,Customer_401,Last_401,Customer_401@Email.Com,Arar,Basic,3/16/2025 19:14,TRUE,43394
4270,Customer_3951,Last_3951,Customer_3951@Email.Com,Yanbu,Standard,3/17/2025 8:05,TRUE,3246
4271,Customer_763,Last_763,Customer_763@Email.Com,Hail,Standard,3/18/2025 22:38,TRUE,34354
4272,Customer_1694,Last_1694,Customer_1694@Email.Com,Buraidah,Premium,3/18/2025 22:38,TRUE,46323
4273,Customer_1237,Last_1237,Customer_1237@Email.Com,Tabuk,Standard,3/18/2025 22:38,TRUE,10916
4274,Customer_2080,Last_2080,Customer_2080@Email.Com,Jeddah,Premium,3/19/2025 11:29,FALSE,4231
4275,Customer_2677,Last_2677,Customer_2677@Email.Com,Mecca,Standard,3/20/2025 0:21,TRUE,23536
4276,Customer_1114,Last_1114,Customer_1114@Email.Com,Khamis Mushait,Standard,3/21/2025 14:54,FALSE,35565
4277,Customer_3650,Last_3650,Customer_3650@Email.Com,Khobar,Basic,3/22/2025 16:36,FALSE,789
4278,Customer_2528,Last_2528,Customer_2528@Email.Com,Jeddah,Basic,3/22/2025 16:36,TRUE,37315
4279,Customer_3684,Last_3684,Customer_3684@Email.Com,Al-Ahsa,New,3/23/2025 5:27,TRUE,30006
4280,Customer_2374,Last_2374,Customer_2374@Email.Com,Taif,Basic,3/23/2025 18:18,TRUE,28534
4281,Customer_892,Last_892,Customer_892@Email.Com,Riyadh,Standard,3/24/2025 7:10,TRUE,37964
4282,Customer_2295,Last_2295,Customer_2295@Email.Com,Taif,Basic,3/24/2025 20:01,TRUE,11631
4283,Customer_2069,Last_2069,Customer_2069@Email.Com,Najran,Standard,3/25/2025 8:52,TRUE,3005
4284,Customer_1430,Last_1430,Customer_1430@Email.Com,Qatif,Basic,3/25/2025 21:43,TRUE,49182
4285,Customer_4554,Last_4554,Customer_4554@Email.Com,Abha,New,3/25/2025 21:43,FALSE,5737
4286,Customer_545,Last_545,Customer_545@Email.Com,Riyadh,Standard,3/26/2025 10:34,TRUE,25963
4287,Customer_3051,Last_3051,Customer_3051@Email.Com,Buraidah,Standard,3/26/2025 10:34,TRUE,12244
4288,Customer_991,Last_991,Customer_991@Email.Com,Abha,Basic,3/27/2025 12:16,TRUE,4494
4289,Customer_3586,Last_3586,Customer_3586@Email.Com,Hail,Basic,3/28/2025 1:07,TRUE,1946
4290,Customer_4251,Last_4251,Customer_4251@Email.Com,Al-Ahsa,Premium,3/28/2025 1:07,TRUE,5417
4291,Customer_58,Last_58,Customer_58@Email.Com,Jubail,Standard,3/28/2025 13:59,TRUE,11428
4292,Customer_449,Last_449,Customer_449@Email.Com,Hail,New,3/28/2025 13:59,TRUE,31490
4293,Customer_3938,Last_3938,Customer_3938@Email.Com,Medina,Standard,3/29/2025 2:50,FALSE,13223
4294,Customer_1050,Last_1050,Customer_1050@Email.Com,Hail,Basic,3/29/2025 2:50,FALSE,6609
4295,Customer_3226,Last_3226,Customer_3226@Email.Com,Jubail,Basic,3/29/2025 15:41,TRUE,34077
4296,Customer_2974,Last_2974,Customer_2974@Email.Com,Medina,Premium,3/29/2025 15:41,TRUE,26037
4297,Customer_1103,Last_1103,Customer_1103@Email.Com,Khobar,New,3/29/2025 15:41,TRUE,3321
4298,Customer_907,Last_907,Customer_907@Email.Com,Al-Ahsa,Vip,3/31/2025 6:14,TRUE,1705
4299,Customer_4457,Last_4457,Customer_4457@Email.Com,Tabuk,Vip,3/31/2025 6:14,TRUE,42897
4300,Customer_4474,Last_4474,Customer_4474@Email.Com,Khamis Mushait,Standard,3/31/2025 19:05,TRUE,13582
4301,Customer_4330,Last_4330,Customer_4330@Email.Com,Khobar,Basic,4/1/2025 7:57,TRUE,12688
4302,Customer_1883,Last_1883,Customer_1883@Email.Com,Hail,Standard,4/1/2025 7:57,TRUE,33709
4303,Customer_4874,Last_4874,Customer_4874@Email.Com,Taif,Vip,4/1/2025 20:48,TRUE,7765
4304,Customer_360,Last_360,Customer_360@Email.Com,Hail,Vip,4/1/2025 20:48,TRUE,26209
4305,Customer_2231,Last_2231,Customer_2231@Email.Com,Al-Kharj,Standard,4/2/2025 9:39,TRUE,41206
4306,Customer_1618,Last_1618,Customer_1618@Email.Com,Jubail,Standard,4/2/2025 9:39,TRUE,35627
4307,Customer_4835,Last_4835,Customer_4835@Email.Com,Najran,Basic,4/3/2025 11:21,TRUE,5132
4308,Customer_3269,Last_3269,Customer_3269@Email.Com,Najran,Basic,4/3/2025 11:21,TRUE,49828
4309,Customer_4710,Last_4710,Customer_4710@Email.Com,Dhahran,Basic,4/4/2025 13:03,TRUE,39398
4310,Customer_3568,Last_3568,Customer_3568@Email.Com,Medina,Standard,4/4/2025 13:03,TRUE,47754
4311,Customer_677,Last_677,Customer_677@Email.Com,Dhahran,Standard,4/4/2025 13:03,TRUE,13133
4312,Customer_740,Last_740,Customer_740@Email.Com,Al-Ahsa,Basic,4/5/2025 14:46,TRUE,37260
4313,Customer_1638,Last_1638,Customer_1638@Email.Com,Arar,Vip,4/5/2025 14:46,FALSE,32571
4314,Customer_3922,Last_3922,Customer_3922@Email.Com,Taif,Standard,4/5/2025 14:46,TRUE,30917
4315,Customer_1748,Last_1748,Customer_1748@Email.Com,Al-Kharj,Standard,4/6/2025 16:28,TRUE,49645
4316,Customer_3015,Last_3015,Customer_3015@Email.Com,Yanbu,Standard,4/7/2025 5:19,TRUE,26606
4317,Customer_3517,Last_3517,Customer_3517@Email.Com,Khamis Mushait,Standard,4/7/2025 18:10,TRUE,9387
4318,Customer_816,Last_816,Customer_816@Email.Com,Medina,Basic,4/9/2025 8:43,TRUE,27048
4319,Customer_1208,Last_1208,Customer_1208@Email.Com,Hail,Basic,4/9/2025 21:35,TRUE,29157
4320,Customer_1707,Last_1707,Customer_1707@Email.Com,Buraidah,Basic,4/10/2025 23:17,FALSE,20422
4321,Customer_2952,Last_2952,Customer_2952@Email.Com,Al-Ahsa,Basic,4/11/2025 12:08,TRUE,24744
4322,Customer_3536,Last_3536,Customer_3536@Email.Com,Medina,Standard,4/12/2025 13:50,TRUE,13792
4323,Customer_3130,Last_3130,Customer_3130@Email.Com,Medina,Standard,4/14/2025 4:24,TRUE,35351
4324,Customer_2380,Last_2380,Customer_2380@Email.Com,Arar,Standard,4/15/2025 6:06,FALSE,33152
4325,Customer_2018,Last_2018,Customer_2018@Email.Com,Qatif,New,4/15/2025 6:06,TRUE,36389
4326,Customer_990,Last_990,Customer_990@Email.Com,Al-Kharj,Standard,4/15/2025 18:57,FALSE,22918
4327,Customer_2303,Last_2303,Customer_2303@Email.Com,Arar,Basic,4/15/2025 18:57,TRUE,35879
4328,Customer_3357,Last_3357,Customer_3357@Email.Com,Al-Ahsa,Standard,4/17/2025 9:30,TRUE,10096
4329,Customer_2252,Last_2252,Customer_2252@Email.Com,Dhahran,Standard,4/18/2025 11:13,TRUE,34825
4330,Customer_2042,Last_2042,Customer_2042@Email.Com,Yanbu,Basic,4/20/2025 1:46,FALSE,27664
4331,Customer_1077,Last_1077,Customer_1077@Email.Com,Medina,Standard,4/20/2025 1:46,TRUE,34595
4332,Customer_3874,Last_3874,Customer_3874@Email.Com,Khobar,Basic,4/20/2025 1:46,TRUE,39989
4333,Customer_2104,Last_2104,Customer_2104@Email.Com,Mecca,Standard,4/20/2025 14:37,TRUE,15009
4334,Customer_2183,Last_2183,Customer_2183@Email.Com,Dammam,Basic,4/21/2025 3:28,TRUE,7591
4335,Customer_60,Last_60,Customer_60@Email.Com,Hail,Basic,4/21/2025 16:19,FALSE,3733
4336,Customer_4686,Last_4686,Customer_4686@Email.Com,Najran,Basic,4/21/2025 16:19,TRUE,35747
4337,Customer_3600,Last_3600,Customer_3600@Email.Com,Al-Kharj,Basic,4/22/2025 5:11,TRUE,22474
4338,Customer_109,Last_109,Customer_109@Email.Com,Najran,Basic,4/22/2025 5:11,TRUE,25836
4339,Customer_2686,Last_2686,Customer_2686@Email.Com,Jubail,Standard,4/22/2025 18:02,TRUE,37289
4340,Customer_4882,Last_4882,Customer_4882@Email.Com,Dhahran,Standard,4/22/2025 18:02,FALSE,47865
4341,Customer_302,Last_302,Customer_302@Email.Com,Dammam,Basic,4/22/2025 18:02,FALSE,4111
4342,Customer_3005,Last_3005,Customer_3005@Email.Com,Medina,Basic,4/23/2025 6:53,TRUE,36746
4343,Customer_3042,Last_3042,Customer_3042@Email.Com,Dhahran,Vip,4/23/2025 19:44,TRUE,49484
4344,Customer_2355,Last_2355,Customer_2355@Email.Com,Al-Ahsa,Standard,4/24/2025 21:26,TRUE,5957
4345,Customer_4609,Last_4609,Customer_4609@Email.Com,Arar,Standard,4/25/2025 10:17,TRUE,2842
4346,Customer_2054,Last_2054,Customer_2054@Email.Com,Dammam,Standard,4/25/2025 23:09,TRUE,49383
4347,Customer_3595,Last_3595,Customer_3595@Email.Com,Mecca,New,4/27/2025 0:51,TRUE,30794
4348,Customer_908,Last_908,Customer_908@Email.Com,Tabuk,Standard,4/27/2025 0:51,TRUE,5997
4349,Customer_3313,Last_3313,Customer_3313@Email.Com,Yanbu,Premium,4/27/2025 13:42,FALSE,44741
4350,Customer_2657,Last_2657,Customer_2657@Email.Com,Medina,Basic,4/28/2025 2:33,TRUE,31626
4351,Customer_4442,Last_4442,Customer_4442@Email.Com,Yanbu,Standard,4/28/2025 2:33,TRUE,42740
4352,Customer_2865,Last_2865,Customer_2865@Email.Com,Najran,Basic,4/28/2025 2:33,TRUE,4808
4353,Customer_323,Last_323,Customer_323@Email.Com,Yanbu,Standard,4/28/2025 15:24,TRUE,28044
4354,Customer_2430,Last_2430,Customer_2430@Email.Com,Dhahran,Premium,4/29/2025 4:15,FALSE,26933
4355,Customer_1164,Last_1164,Customer_1164@Email.Com,Taif,Basic,4/29/2025 4:15,TRUE,32078
4356,Customer_2918,Last_2918,Customer_2918@Email.Com,Yanbu,Standard,4/29/2025 17:06,TRUE,27483
4357,Customer_4709,Last_4709,Customer_4709@Email.Com,Mecca,Standard,4/29/2025 17:06,TRUE,48440
4358,Customer_565,Last_565,Customer_565@Email.Com,Abha,New,4/30/2025 5:58,TRUE,38883
4359,Customer_3025,Last_3025,Customer_3025@Email.Com,Riyadh,Standard,4/30/2025 5:58,TRUE,12501
4360,Customer_701,Last_701,Customer_701@Email.Com,Tabuk,Standard,4/30/2025 5:58,TRUE,42786
4361,Customer_2927,Last_2927,Customer_2927@Email.Com,Yanbu,Premium,4/30/2025 18:49,TRUE,22407
4362,Customer_3529,Last_3529,Customer_3529@Email.Com,Medina,Basic,5/1/2025 7:40,TRUE,34128
4363,Customer_4303,Last_4303,Customer_4303@Email.Com,Abha,Standard,5/1/2025 7:40,TRUE,38438
4364,Customer_3147,Last_3147,Customer_3147@Email.Com,Buraidah,Vip,5/1/2025 7:40,TRUE,41843
4365,Customer_4924,Last_4924,Customer_4924@Email.Com,Arar,Vip,5/2/2025 9:22,TRUE,5599
4366,Customer_4374,Last_4374,Customer_4374@Email.Com,Qatif,New,5/3/2025 23:55,FALSE,27429
4367,Customer_4788,Last_4788,Customer_4788@Email.Com,Abha,New,5/5/2025 14:29,TRUE,44584
4368,Customer_3828,Last_3828,Customer_3828@Email.Com,Khamis Mushait,Standard,5/6/2025 3:20,TRUE,2411
4369,Customer_4953,Last_4953,Customer_4953@Email.Com,Mecca,Basic,5/7/2025 5:02,TRUE,27158
4370,Customer_1928,Last_1928,Customer_1928@Email.Com,Hail,Standard,5/7/2025 5:02,TRUE,13269
4371,Customer_285,Last_285,Customer_285@Email.Com,Dhahran,Basic,5/7/2025 17:53,FALSE,7017
4372,Customer_1754,Last_1754,Customer_1754@Email.Com,Yanbu,Premium,5/8/2025 6:45,FALSE,5433
4373,Customer_4897,Last_4897,Customer_4897@Email.Com,Medina,Standard,5/9/2025 8:27,TRUE,22244
4374,Customer_3690,Last_3690,Customer_3690@Email.Com,Yanbu,Basic,5/12/2025 13:34,TRUE,40963
4375,Customer_2652,Last_2652,Customer_2652@Email.Com,Al-Kharj,Premium,5/13/2025 2:25,TRUE,40652
4376,Customer_4176,Last_4176,Customer_4176@Email.Com,Taif,New,5/13/2025 2:25,TRUE,33823
4377,Customer_330,Last_330,Customer_330@Email.Com,Jubail,Standard,5/13/2025 15:16,FALSE,4163
4378,Customer_4598,Last_4598,Customer_4598@Email.Com,Al-Kharj,Standard,5/14/2025 4:07,TRUE,22568
4379,Customer_2681,Last_2681,Customer_2681@Email.Com,Dammam,Premium,5/14/2025 4:07,TRUE,46873
4380,Customer_150,Last_150,Customer_150@Email.Com,Khobar,New,5/14/2025 16:58,TRUE,9795
4381,Customer_4690,Last_4690,Customer_4690@Email.Com,Najran,New,5/16/2025 7:31,TRUE,47335
4382,Customer_1383,Last_1383,Customer_1383@Email.Com,Al-Ahsa,Standard,5/17/2025 9:14,TRUE,30845
4383,Customer_459,Last_459,Customer_459@Email.Com,Taif,Standard,5/17/2025 9:14,TRUE,33055
4384,Customer_55,Last_55,Customer_55@Email.Com,Hail,Standard,5/17/2025 9:14,TRUE,49720
4385,Customer_3453,Last_3453,Customer_3453@Email.Com,Khobar,Basic,5/17/2025 22:05,TRUE,40727
4386,Customer_4385,Last_4385,Customer_4385@Email.Com,Yanbu,Vip,5/17/2025 22:05,TRUE,5006
4387,Customer_4787,Last_4787,Customer_4787@Email.Com,Tabuk,Basic,5/18/2025 23:47,TRUE,6517
4388,Customer_3161,Last_3161,Customer_3161@Email.Com,Dhahran,Standard,5/19/2025 12:38,FALSE,21137
4389,Customer_2508,Last_2508,Customer_2508@Email.Com,Riyadh,Vip,5/20/2025 1:29,TRUE,13173
4390,Customer_1230,Last_1230,Customer_1230@Email.Com,Taif,New,5/20/2025 1:29,TRUE,5361
4391,Customer_4574,Last_4574,Customer_4574@Email.Com,Abha,Premium,5/20/2025 14:21,TRUE,48603
4392,Customer_3232,Last_3232,Customer_3232@Email.Com,Yanbu,Vip,5/21/2025 3:12,TRUE,10233
4393,Customer_3314,Last_3314,Customer_3314@Email.Com,Medina,Vip,5/21/2025 3:12,TRUE,13164
4394,Customer_4797,Last_4797,Customer_4797@Email.Com,Buraidah,Vip,5/21/2025 3:12,TRUE,10910
4395,Customer_4526,Last_4526,Customer_4526@Email.Com,Tabuk,Basic,5/21/2025 16:03,FALSE,5817
4396,Customer_2855,Last_2855,Customer_2855@Email.Com,Tabuk,Basic,5/22/2025 4:54,TRUE,17414
4397,Customer_4801,Last_4801,Customer_4801@Email.Com,Dhahran,Vip,5/23/2025 19:27,TRUE,40652
4398,Customer_2560,Last_2560,Customer_2560@Email.Com,Arar,Basic,5/24/2025 21:10,TRUE,15468
4399,Customer_3636,Last_3636,Customer_3636@Email.Com,Abha,New,5/25/2025 10:01,TRUE,21756
4400,Customer_4764,Last_4764,Customer_4764@Email.Com,Al-Ahsa,Basic,5/25/2025 22:52,TRUE,20810
4401,Customer_3082,Last_3082,Customer_3082@Email.Com,Al-Kharj,New,5/25/2025 22:52,TRUE,1722
4402,Customer_1557,Last_1557,Customer_1557@Email.Com,Tabuk,New,5/26/2025 11:43,TRUE,19425
4403,Customer_4833,Last_4833,Customer_4833@Email.Com,Najran,Basic,5/27/2025 0:34,TRUE,39875
4404,Customer_1236,Last_1236,Customer_1236@Email.Com,Qatif,New,5/27/2025 0:34,TRUE,42012
4405,Customer_2082,Last_2082,Customer_2082@Email.Com,Khamis Mushait,Premium,5/27/2025 13:25,TRUE,1401
4406,Customer_3736,Last_3736,Customer_3736@Email.Com,Taif,Premium,5/27/2025 13:25,TRUE,8208
4407,Customer_1241,Last_1241,Customer_1241@Email.Com,Taif,Basic,5/28/2025 15:07,TRUE,47659
4408,Customer_4768,Last_4768,Customer_4768@Email.Com,Dammam,New,5/29/2025 3:59,TRUE,27203
4409,Customer_108,Last_108,Customer_108@Email.Com,Al-Kharj,Basic,5/29/2025 3:59,TRUE,3365
4410,Customer_4980,Last_4980,Customer_4980@Email.Com,Al-Kharj,Standard,5/29/2025 3:59,TRUE,44449
4411,Customer_2666,Last_2666,Customer_2666@Email.Com,Jeddah,Vip,5/29/2025 3:59,FALSE,35794
4412,Customer_4230,Last_4230,Customer_4230@Email.Com,Medina,Standard,5/29/2025 3:59,TRUE,10283
4413,Customer_4111,Last_4111,Customer_4111@Email.Com,Dhahran,Standard,5/29/2025 16:50,TRUE,718
4414,Customer_3911,Last_3911,Customer_3911@Email.Com,Najran,Standard,5/30/2025 18:32,TRUE,25118
4415,Customer_211,Last_211,Customer_211@Email.Com,Tabuk,Basic,5/31/2025 7:23,TRUE,9200
4416,Customer_1736,Last_1736,Customer_1736@Email.Com,Riyadh,Standard,5/31/2025 7:23,TRUE,16791
4417,Customer_274,Last_274,Customer_274@Email.Com,Al-Ahsa,Basic,6/1/2025 21:57,TRUE,3051
4418,Customer_2723,Last_2723,Customer_2723@Email.Com,Abha,Vip,6/2/2025 10:48,TRUE,40916
4419,Customer_3081,Last_3081,Customer_3081@Email.Com,Al-Kharj,Standard,6/2/2025 10:48,FALSE,17942
4420,Customer_933,Last_933,Customer_933@Email.Com,Al-Kharj,New,6/2/2025 23:39,FALSE,48777
4421,Customer_3318,Last_3318,Customer_3318@Email.Com,Mecca,Premium,6/3/2025 12:30,TRUE,38721
4422,Customer_3146,Last_3146,Customer_3146@Email.Com,Khobar,Vip,6/3/2025 12:30,TRUE,29854
4423,Customer_2590,Last_2590,Customer_2590@Email.Com,Taif,Basic,6/4/2025 1:21,TRUE,31334
4424,Customer_1854,Last_1854,Customer_1854@Email.Com,Buraidah,Basic,6/4/2025 1:21,TRUE,5383
4425,Customer_1558,Last_1558,Customer_1558@Email.Com,Khamis Mushait,Basic,6/4/2025 14:12,TRUE,12195
4426,Customer_4606,Last_4606,Customer_4606@Email.Com,Riyadh,Standard,6/4/2025 14:12,FALSE,49459
4427,Customer_3108,Last_3108,Customer_3108@Email.Com,Hail,Standard,6/5/2025 3:03,TRUE,10056
4428,Customer_2694,Last_2694,Customer_2694@Email.Com,Al-Ahsa,Standard,6/5/2025 3:03,TRUE,30072
4429,Customer_985,Last_985,Customer_985@Email.Com,Mecca,Basic,6/5/2025 3:03,TRUE,35455
4430,Customer_2019,Last_2019,Customer_2019@Email.Com,Yanbu,Standard,6/5/2025 15:54,FALSE,42105
4431,Customer_2439,Last_2439,Customer_2439@Email.Com,Medina,New,6/6/2025 4:46,FALSE,44696
4432,Customer_4826,Last_4826,Customer_4826@Email.Com,Al-Kharj,Vip,6/7/2025 6:28,TRUE,41279
4433,Customer_3571,Last_3571,Customer_3571@Email.Com,Al-Kharj,Standard,6/8/2025 8:10,TRUE,14040
4434,Customer_2208,Last_2208,Customer_2208@Email.Com,Dhahran,Basic,6/8/2025 8:10,TRUE,10767
4435,Customer_1135,Last_1135,Customer_1135@Email.Com,Abha,New,6/8/2025 21:01,TRUE,25899
4436,Customer_51,Last_51,Customer_51@Email.Com,Tabuk,New,6/11/2025 13:17,TRUE,6732
4437,Customer_1189,Last_1189,Customer_1189@Email.Com,Buraidah,Basic,6/12/2025 14:59,TRUE,44372
4438,Customer_447,Last_447,Customer_447@Email.Com,Mecca,New,6/13/2025 3:50,TRUE,9593
4439,Customer_4483,Last_4483,Customer_4483@Email.Com,Arar,Premium,6/13/2025 3:50,TRUE,7604
4440,Customer_3248,Last_3248,Customer_3248@Email.Com,Jubail,Basic,6/13/2025 16:41,TRUE,47984
4441,Customer_2630,Last_2630,Customer_2630@Email.Com,Arar,Standard,6/15/2025 7:15,TRUE,46900
4442,Customer_776,Last_776,Customer_776@Email.Com,Jubail,Standard,6/15/2025 7:15,TRUE,42586
4443,Customer_2924,Last_2924,Customer_2924@Email.Com,Khamis Mushait,Vip,6/15/2025 20:06,TRUE,29842
4444,Customer_2602,Last_2602,Customer_2602@Email.Com,Medina,New,6/16/2025 21:48,TRUE,35583
4445,Customer_2032,Last_2032,Customer_2032@Email.Com,Riyadh,Standard,6/17/2025 23:30,TRUE,1376
4446,Customer_4731,Last_4731,Customer_4731@Email.Com,Dhahran,Basic,6/18/2025 12:22,TRUE,15329
4447,Customer_589,Last_589,Customer_589@Email.Com,Arar,Basic,6/19/2025 1:13,TRUE,599
4448,Customer_1504,Last_1504,Customer_1504@Email.Com,Qatif,Vip,6/20/2025 15:46,TRUE,44088
4449,Customer_3970,Last_3970,Customer_3970@Email.Com,Dhahran,Basic,6/21/2025 17:28,TRUE,45488
4450,Customer_3299,Last_3299,Customer_3299@Email.Com,Jubail,Premium,6/22/2025 6:19,TRUE,28724
4451,Customer_858,Last_858,Customer_858@Email.Com,Jubail,Standard,6/26/2025 0:17,TRUE,6120
4452,Customer_805,Last_805,Customer_805@Email.Com,Khobar,Standard,6/27/2025 2:00,TRUE,9926
4453,Customer_2315,Last_2315,Customer_2315@Email.Com,Jubail,Standard,6/27/2025 14:51,TRUE,2808
4454,Customer_4226,Last_4226,Customer_4226@Email.Com,Al-Ahsa,New,6/28/2025 3:42,FALSE,25280
4455,Customer_821,Last_821,Customer_821@Email.Com,Riyadh,Standard,6/28/2025 16:33,TRUE,8696
4456,Customer_817,Last_817,Customer_817@Email.Com,Khobar,Standard,6/29/2025 18:15,TRUE,30130
4457,Customer_4868,Last_4868,Customer_4868@Email.Com,Yanbu,Standard,6/29/2025 18:15,TRUE,37293
4458,Customer_1064,Last_1064,Customer_1064@Email.Com,Dammam,Premium,6/30/2025 7:06,TRUE,12209
4459,Customer_1527,Last_1527,Customer_1527@Email.Com,Khobar,Standard,6/30/2025 19:58,TRUE,43114
4460,Customer_2587,Last_2587,Customer_2587@Email.Com,Khobar,Basic,7/2/2025 23:22,FALSE,4804
4461,Customer_3410,Last_3410,Customer_3410@Email.Com,Arar,Basic,7/2/2025 23:22,TRUE,26727
4462,Customer_3674,Last_3674,Customer_3674@Email.Com,Najran,Basic,7/3/2025 12:13,TRUE,37476
4463,Customer_4463,Last_4463,Customer_4463@Email.Com,Al-Kharj,Standard,7/5/2025 2:47,TRUE,23513
4464,Customer_989,Last_989,Customer_989@Email.Com,Al-Kharj,Basic,7/5/2025 2:47,TRUE,41391
4465,Customer_1881,Last_1881,Customer_1881@Email.Com,Tabuk,Premium,7/5/2025 15:38,TRUE,48429
4466,Customer_1111,Last_1111,Customer_1111@Email.Com,Hail,New,7/7/2025 6:11,TRUE,9906
4467,Customer_4856,Last_4856,Customer_4856@Email.Com,Al-Ahsa,Vip,7/7/2025 6:11,FALSE,13669
4468,Customer_4184,Last_4184,Customer_4184@Email.Com,Riyadh,Vip,7/8/2025 7:53,TRUE,4101
4469,Customer_1506,Last_1506,Customer_1506@Email.Com,Najran,Standard,7/8/2025 20:44,TRUE,2962
4470,Customer_1631,Last_1631,Customer_1631@Email.Com,Taif,Vip,7/8/2025 20:44,TRUE,20878
4471,Customer_4444,Last_4444,Customer_4444@Email.Com,Hail,Vip,7/9/2025 22:27,TRUE,39532
4472,Customer_4906,Last_4906,Customer_4906@Email.Com,Hail,Standard,7/11/2025 0:09,TRUE,16121
4473,Customer_4869,Last_4869,Customer_4869@Email.Com,Mecca,New,7/11/2025 0:09,TRUE,19000
4474,Customer_2239,Last_2239,Customer_2239@Email.Com,Tabuk,Basic,7/12/2025 1:51,TRUE,18407
4475,Customer_2036,Last_2036,Customer_2036@Email.Com,Arar,Vip,7/13/2025 3:34,TRUE,6817
4476,Customer_1531,Last_1531,Customer_1531@Email.Com,Buraidah,Premium,7/13/2025 3:34,TRUE,3413
4477,Customer_2753,Last_2753,Customer_2753@Email.Com,Buraidah,Standard,7/13/2025 16:25,TRUE,2017
4478,Customer_2157,Last_2157,Customer_2157@Email.Com,Medina,Basic,7/13/2025 16:25,TRUE,15326
4479,Customer_218,Last_218,Customer_218@Email.Com,Qatif,Premium,7/13/2025 16:25,FALSE,35391
4480,Customer_4409,Last_4409,Customer_4409@Email.Com,Dhahran,Vip,7/14/2025 5:16,TRUE,48444
4481,Customer_2724,Last_2724,Customer_2724@Email.Com,Al-Ahsa,Standard,7/14/2025 5:16,TRUE,13065
4482,Customer_4166,Last_4166,Customer_4166@Email.Com,Khobar,Standard,7/14/2025 5:16,TRUE,47558
4483,Customer_4821,Last_4821,Customer_4821@Email.Com,Abha,Premium,7/15/2025 19:49,TRUE,46147
4484,Customer_1353,Last_1353,Customer_1353@Email.Com,Buraidah,Vip,7/15/2025 19:49,TRUE,49040
4485,Customer_4217,Last_4217,Customer_4217@Email.Com,Al-Ahsa,Vip,7/18/2025 12:05,TRUE,33988
4486,Customer_3008,Last_3008,Customer_3008@Email.Com,Yanbu,New,7/18/2025 12:05,TRUE,31313
4487,Customer_1407,Last_1407,Customer_1407@Email.Com,Yanbu,New,7/18/2025 12:05,TRUE,37455
4488,Customer_2266,Last_2266,Customer_2266@Email.Com,Jeddah,Standard,7/19/2025 13:47,TRUE,17144
4489,Customer_2377,Last_2377,Customer_2377@Email.Com,Dammam,New,7/20/2025 2:38,TRUE,33572
4490,Customer_2450,Last_2450,Customer_2450@Email.Com,Dammam,Standard,7/20/2025 15:29,TRUE,16029
4491,Customer_1356,Last_1356,Customer_1356@Email.Com,Abha,Basic,7/21/2025 4:20,TRUE,44933
4492,Customer_3844,Last_3844,Customer_3844@Email.Com,Tabuk,Standard,7/21/2025 17:12,TRUE,15658
4493,Customer_4260,Last_4260,Customer_4260@Email.Com,Al-Kharj,Standard,7/22/2025 6:03,TRUE,38441
4494,Customer_489,Last_489,Customer_489@Email.Com,Mecca,New,7/23/2025 7:45,TRUE,24592
4495,Customer_788,Last_788,Customer_788@Email.Com,Khobar,New,7/23/2025 7:45,TRUE,20661
4496,Customer_3323,Last_3323,Customer_3323@Email.Com,Al-Kharj,Standard,7/23/2025 20:36,TRUE,14890
4497,Customer_1335,Last_1335,Customer_1335@Email.Com,Dammam,Standard,7/23/2025 20:36,TRUE,33521
4498,Customer_2826,Last_2826,Customer_2826@Email.Com,Arar,Standard,7/24/2025 22:18,TRUE,43671
4499,Customer_4075,Last_4075,Customer_4075@Email.Com,Yanbu,Standard,7/25/2025 11:10,TRUE,7582
4500,Customer_819,Last_819,Customer_819@Email.Com,Al-Ahsa,Basic,7/26/2025 0:01,FALSE,1341
4501,Customer_3747,Last_3747,Customer_3747@Email.Com,Hail,Standard,7/26/2025 0:01,TRUE,24978
4502,Customer_1069,Last_1069,Customer_1069@Email.Com,Jeddah,Basic,7/27/2025 14:34,TRUE,47125
4503,Customer_2166,Last_2166,Customer_2166@Email.Com,Khamis Mushait,New,7/27/2025 14:34,TRUE,6444
4504,Customer_4212,Last_4212,Customer_4212@Email.Com,Dammam,New,7/28/2025 3:25,TRUE,36918
4505,Customer_2475,Last_2475,Customer_2475@Email.Com,Arar,Standard,7/28/2025 3:25,TRUE,31362
4506,Customer_230,Last_230,Customer_230@Email.Com,Dammam,Basic,7/30/2025 6:50,TRUE,26888
4507,Customer_3179,Last_3179,Customer_3179@Email.Com,Abha,Standard,7/31/2025 8:32,TRUE,49981
4508,Customer_1600,Last_1600,Customer_1600@Email.Com,Khobar,Standard,8/1/2025 23:05,TRUE,38019
4509,Customer_999,Last_999,Customer_999@Email.Com,Khobar,Basic,8/1/2025 23:05,TRUE,14385
4510,Customer_3459,Last_3459,Customer_3459@Email.Com,Jeddah,Standard,8/2/2025 11:56,FALSE,1266
4511,Customer_980,Last_980,Customer_980@Email.Com,Buraidah,Premium,8/2/2025 11:56,FALSE,34946
4512,Customer_4502,Last_4502,Customer_4502@Email.Com,Jubail,Premium,8/2/2025 11:56,TRUE,9498
4513,Customer_4489,Last_4489,Customer_4489@Email.Com,Arar,Basic,8/3/2025 13:39,TRUE,7871
4514,Customer_2147,Last_2147,Customer_2147@Email.Com,Khobar,New,8/3/2025 13:39,TRUE,33806
4515,Customer_4610,Last_4610,Customer_4610@Email.Com,Dhahran,Basic,8/4/2025 15:21,TRUE,16017
4516,Customer_52,Last_52,Customer_52@Email.Com,Mecca,Basic,8/5/2025 17:03,TRUE,40753
4517,Customer_923,Last_923,Customer_923@Email.Com,Hail,Standard,8/5/2025 17:03,TRUE,26769
4518,Customer_4750,Last_4750,Customer_4750@Email.Com,Yanbu,Premium,8/6/2025 5:54,TRUE,32908
4519,Customer_4700,Last_4700,Customer_4700@Email.Com,Dhahran,Standard,8/6/2025 5:54,TRUE,3459
4520,Customer_3962,Last_3962,Customer_3962@Email.Com,Al-Kharj,Premium,8/6/2025 5:54,TRUE,48886
4521,Customer_4772,Last_4772,Customer_4772@Email.Com,Khamis Mushait,Basic,8/6/2025 5:54,TRUE,3747
4522,Customer_2507,Last_2507,Customer_2507@Email.Com,Taif,New,8/6/2025 18:46,TRUE,3646
4523,Customer_4818,Last_4818,Customer_4818@Email.Com,Khamis Mushait,New,8/7/2025 7:37,TRUE,48036
4524,Customer_2112,Last_2112,Customer_2112@Email.Com,Khamis Mushait,New,8/7/2025 7:37,FALSE,19843
4525,Customer_1259,Last_1259,Customer_1259@Email.Com,Dhahran,Premium,8/7/2025 20:28,TRUE,415
4526,Customer_4244,Last_4244,Customer_4244@Email.Com,Khamis Mushait,Basic,8/8/2025 9:19,TRUE,21529
4527,Customer_1002,Last_1002,Customer_1002@Email.Com,Khamis Mushait,Basic,8/9/2025 23:52,TRUE,3340
4528,Customer_4599,Last_4599,Customer_4599@Email.Com,Jeddah,Basic,8/9/2025 23:52,FALSE,28106
4529,Customer_2476,Last_2476,Customer_2476@Email.Com,Khamis Mushait,Standard,8/10/2025 12:43,TRUE,32380
4530,Customer_2294,Last_2294,Customer_2294@Email.Com,Najran,Standard,8/10/2025 12:43,TRUE,8303
4531,Customer_2600,Last_2600,Customer_2600@Email.Com,Riyadh,Premium,8/10/2025 12:43,TRUE,12785
4532,Customer_3111,Last_3111,Customer_3111@Email.Com,Jubail,Standard,8/10/2025 12:43,TRUE,20191
4533,Customer_2588,Last_2588,Customer_2588@Email.Com,Jubail,Standard,8/10/2025 12:43,TRUE,34058
4534,Customer_3250,Last_3250,Customer_3250@Email.Com,Dhahran,Basic,8/12/2025 16:08,TRUE,36286
4535,Customer_2278,Last_2278,Customer_2278@Email.Com,Arar,Basic,8/12/2025 16:08,TRUE,12405
4536,Customer_2287,Last_2287,Customer_2287@Email.Com,Abha,Premium,8/14/2025 6:41,TRUE,39325
4537,Customer_4069,Last_4069,Customer_4069@Email.Com,Arar,Basic,8/15/2025 21:15,TRUE,39601
4538,Customer_2503,Last_2503,Customer_2503@Email.Com,Riyadh,Vip,8/18/2025 0:39,TRUE,19108
4539,Customer_4675,Last_4675,Customer_4675@Email.Com,Yanbu,Standard,8/18/2025 0:39,TRUE,24518
4540,Customer_2981,Last_2981,Customer_2981@Email.Com,Hail,Basic,8/18/2025 13:30,TRUE,35571
4541,Customer_3840,Last_3840,Customer_3840@Email.Com,Hail,Premium,8/19/2025 2:22,TRUE,41139
4542,Customer_1994,Last_1994,Customer_1994@Email.Com,Jeddah,Standard,8/20/2025 16:55,TRUE,5979
4543,Customer_3889,Last_3889,Customer_3889@Email.Com,Abha,Standard,8/20/2025 16:55,TRUE,4501
4544,Customer_3589,Last_3589,Customer_3589@Email.Com,Taif,New,8/21/2025 5:46,TRUE,40483
4545,Customer_4476,Last_4476,Customer_4476@Email.Com,Khamis Mushait,Premium,8/22/2025 7:28,TRUE,42911
4546,Customer_3004,Last_3004,Customer_3004@Email.Com,Medina,Basic,8/22/2025 7:28,TRUE,11051
4547,Customer_4674,Last_4674,Customer_4674@Email.Com,Dammam,Standard,8/24/2025 10:53,FALSE,46888
4548,Customer_496,Last_496,Customer_496@Email.Com,Medina,New,8/24/2025 10:53,TRUE,35018
4549,Customer_2950,Last_2950,Customer_2950@Email.Com,Al-Kharj,New,8/24/2025 10:53,TRUE,13354
4550,Customer_262,Last_262,Customer_262@Email.Com,Tabuk,Premium,8/26/2025 1:26,TRUE,40584
4551,Customer_1464,Last_1464,Customer_1464@Email.Com,Al-Ahsa,New,8/26/2025 14:17,TRUE,22585
4552,Customer_434,Last_434,Customer_434@Email.Com,Khamis Mushait,Premium,8/27/2025 16:00,TRUE,37126
4553,Customer_2867,Last_2867,Customer_2867@Email.Com,Al-Kharj,New,8/29/2025 19:24,TRUE,40499
4554,Customer_2627,Last_2627,Customer_2627@Email.Com,Medina,Basic,8/30/2025 8:15,TRUE,7271
4555,Customer_1343,Last_1343,Customer_1343@Email.Com,Dammam,Standard,8/30/2025 21:06,TRUE,15770
4556,Customer_4660,Last_4660,Customer_4660@Email.Com,Jeddah,Basic,8/30/2025 21:06,TRUE,37606
4557,Customer_721,Last_721,Customer_721@Email.Com,Abha,Standard,9/2/2025 0:31,TRUE,40472
4558,Customer_2768,Last_2768,Customer_2768@Email.Com,Jeddah,Standard,9/3/2025 2:13,FALSE,32818
4559,Customer_4283,Last_4283,Customer_4283@Email.Com,Mecca,Standard,9/3/2025 15:04,TRUE,47207
4560,Customer_830,Last_830,Customer_830@Email.Com,Buraidah,Standard,9/4/2025 3:55,TRUE,14287
4561,Customer_2089,Last_2089,Customer_2089@Email.Com,Mecca,Standard,9/4/2025 16:47,TRUE,37386
4562,Customer_3500,Last_3500,Customer_3500@Email.Com,Al-Ahsa,Basic,9/5/2025 5:38,TRUE,48673
4563,Customer_1055,Last_1055,Customer_1055@Email.Com,Riyadh,Standard,9/6/2025 20:11,TRUE,6406
4564,Customer_3143,Last_3143,Customer_3143@Email.Com,Najran,Basic,9/7/2025 9:02,TRUE,25115
4565,Customer_2044,Last_2044,Customer_2044@Email.Com,Abha,Vip,9/7/2025 9:02,FALSE,3331
4566,Customer_1147,Last_1147,Customer_1147@Email.Com,Yanbu,Standard,9/7/2025 21:53,TRUE,44515
4567,Customer_1004,Last_1004,Customer_1004@Email.Com,Dhahran,Standard,9/8/2025 10:44,TRUE,42579
4568,Customer_3203,Last_3203,Customer_3203@Email.Com,Khamis Mushait,Standard,9/8/2025 10:44,TRUE,48731
4569,Customer_2319,Last_2319,Customer_2319@Email.Com,Tabuk,New,9/8/2025 23:36,TRUE,9629
4570,Customer_1792,Last_1792,Customer_1792@Email.Com,Khobar,Standard,9/13/2025 6:25,TRUE,22524
4571,Customer_3223,Last_3223,Customer_3223@Email.Com,Al-Ahsa,Standard,9/13/2025 6:25,TRUE,2397
4572,Customer_3123,Last_3123,Customer_3123@Email.Com,Taif,Standard,9/13/2025 19:16,TRUE,10443
4573,Customer_2185,Last_2185,Customer_2185@Email.Com,Arar,New,9/13/2025 19:16,TRUE,38660
4574,Customer_3582,Last_3582,Customer_3582@Email.Com,Medina,New,9/15/2025 22:40,FALSE,40995
4575,Customer_3480,Last_3480,Customer_3480@Email.Com,Medina,Basic,9/16/2025 11:31,TRUE,7856
4576,Customer_2472,Last_2472,Customer_2472@Email.Com,Yanbu,Premium,9/17/2025 13:14,TRUE,32559
4577,Customer_2128,Last_2128,Customer_2128@Email.Com,Abha,Standard,9/17/2025 13:14,TRUE,15369
4578,Customer_267,Last_267,Customer_267@Email.Com,Qatif,Standard,9/18/2025 2:05,TRUE,37965
4579,Customer_1580,Last_1580,Customer_1580@Email.Com,Buraidah,Standard,9/20/2025 5:29,FALSE,40986
4580,Customer_4726,Last_4726,Customer_4726@Email.Com,Mecca,Basic,9/20/2025 5:29,TRUE,42713
4581,Customer_2357,Last_2357,Customer_2357@Email.Com,Mecca,Basic,9/21/2025 7:12,TRUE,4578
4582,Customer_3877,Last_3877,Customer_3877@Email.Com,Tabuk,Vip,9/21/2025 7:12,TRUE,45052
4583,Customer_2667,Last_2667,Customer_2667@Email.Com,Dammam,Standard,9/22/2025 8:54,TRUE,24231
4584,Customer_1083,Last_1083,Customer_1083@Email.Com,Taif,Standard,9/22/2025 21:45,TRUE,31974
4585,Customer_2204,Last_2204,Customer_2204@Email.Com,Tabuk,Standard,9/22/2025 21:45,TRUE,12919
4586,Customer_704,Last_704,Customer_704@Email.Com,Dammam,Standard,9/23/2025 10:36,TRUE,15933
4587,Customer_3985,Last_3985,Customer_3985@Email.Com,Al-Ahsa,Basic,9/23/2025 23:27,TRUE,40252
4588,Customer_716,Last_716,Customer_716@Email.Com,Najran,Standard,9/25/2025 1:10,TRUE,21853
4589,Customer_2945,Last_2945,Customer_2945@Email.Com,Taif,Standard,9/25/2025 1:10,TRUE,28787
4590,Customer_2424,Last_2424,Customer_2424@Email.Com,Dammam,Premium,9/25/2025 14:01,TRUE,22218
4591,Customer_1728,Last_1728,Customer_1728@Email.Com,Abha,Standard,9/26/2025 15:43,TRUE,30221
4592,Customer_1650,Last_1650,Customer_1650@Email.Com,Khobar,Standard,9/26/2025 15:43,TRUE,11774
4593,Customer_261,Last_261,Customer_261@Email.Com,Arar,Standard,9/27/2025 17:25,TRUE,34320
4594,Customer_4713,Last_4713,Customer_4713@Email.Com,Yanbu,Basic,9/27/2025 17:25,TRUE,13388
4595,Customer_1624,Last_1624,Customer_1624@Email.Com,Abha,Standard,9/28/2025 19:07,FALSE,5210
4596,Customer_1626,Last_1626,Customer_1626@Email.Com,Hail,Standard,9/28/2025 19:07,TRUE,35677
4597,Customer_322,Last_322,Customer_322@Email.Com,Mecca,New,9/28/2025 19:07,TRUE,20578
4598,Customer_4895,Last_4895,Customer_4895@Email.Com,Yanbu,Basic,9/29/2025 20:50,TRUE,31276
4599,Customer_3407,Last_3407,Customer_3407@Email.Com,Khamis Mushait,Standard,9/30/2025 9:41,TRUE,48747
4600,Customer_4845,Last_4845,Customer_4845@Email.Com,Buraidah,Standard,10/1/2025 11:23,FALSE,39513
4601,Customer_474,Last_474,Customer_474@Email.Com,Jubail,Basic,10/1/2025 11:23,TRUE,40911
4602,Customer_818,Last_818,Customer_818@Email.Com,Mecca,Premium,10/2/2025 13:05,FALSE,40324
4603,Customer_1983,Last_1983,Customer_1983@Email.Com,Jeddah,Basic,10/5/2025 5:21,FALSE,32792
4604,Customer_3899,Last_3899,Customer_3899@Email.Com,Al-Kharj,Standard,10/6/2025 19:54,FALSE,37065
4605,Customer_3356,Last_3356,Customer_3356@Email.Com,Al-Kharj,Basic,10/6/2025 19:54,TRUE,30859
4606,Customer_2719,Last_2719,Customer_2719@Email.Com,Arar,Standard,10/7/2025 8:46,TRUE,23710
4607,Customer_4343,Last_4343,Customer_4343@Email.Com,Buraidah,New,10/9/2025 12:10,TRUE,31280
4608,Customer_669,Last_669,Customer_669@Email.Com,Al-Ahsa,Premium,10/10/2025 1:01,TRUE,42382
4609,Customer_1286,Last_1286,Customer_1286@Email.Com,Arar,Basic,10/10/2025 1:01,TRUE,23840
4610,Customer_139,Last_139,Customer_139@Email.Com,Jubail,Basic,10/10/2025 1:01,TRUE,48384
4611,Customer_4893,Last_4893,Customer_4893@Email.Com,Hail,Basic,10/10/2025 13:52,TRUE,45036
4612,Customer_3013,Last_3013,Customer_3013@Email.Com,Hail,Basic,10/11/2025 2:43,TRUE,28222
4613,Customer_2151,Last_2151,Customer_2151@Email.Com,Arar,Standard,10/11/2025 15:35,TRUE,4370
4614,Customer_2971,Last_2971,Customer_2971@Email.Com,Dhahran,Vip,10/11/2025 15:35,TRUE,43488
4615,Customer_4506,Last_4506,Customer_4506@Email.Com,Tabuk,Premium,10/12/2025 4:26,TRUE,28030
4616,Customer_3665,Last_3665,Customer_3665@Email.Com,Mecca,Basic,10/12/2025 17:17,TRUE,16186
4617,Customer_2211,Last_2211,Customer_2211@Email.Com,Medina,Standard,10/13/2025 6:08,TRUE,46821
4618,Customer_2049,Last_2049,Customer_2049@Email.Com,Dammam,Premium,10/13/2025 6:08,TRUE,37043
4619,Customer_3245,Last_3245,Customer_3245@Email.Com,Yanbu,Standard,10/14/2025 7:50,TRUE,13583
4620,Customer_4688,Last_4688,Customer_4688@Email.Com,Khobar,Basic,10/14/2025 7:50,TRUE,44884
4621,Customer_4987,Last_4987,Customer_4987@Email.Com,Al-Ahsa,Vip,10/14/2025 20:41,TRUE,11073
4622,Customer_178,Last_178,Customer_178@Email.Com,Al-Ahsa,Premium,10/15/2025 22:24,TRUE,45382
4623,Customer_2314,Last_2314,Customer_2314@Email.Com,Taif,Basic,10/18/2025 1:48,TRUE,10158
4624,Customer_1396,Last_1396,Customer_1396@Email.Com,Qatif,Standard,10/18/2025 14:39,FALSE,49649
4625,Customer_4164,Last_4164,Customer_4164@Email.Com,Riyadh,New,10/19/2025 3:30,FALSE,3901
4626,Customer_1829,Last_1829,Customer_1829@Email.Com,Jubail,Standard,10/19/2025 16:21,TRUE,43263
4627,Customer_2262,Last_2262,Customer_2262@Email.Com,Tabuk,Basic,10/21/2025 19:46,TRUE,31140
4628,Customer_4020,Last_4020,Customer_4020@Email.Com,Taif,Vip,10/22/2025 8:37,TRUE,18973
4629,Customer_468,Last_468,Customer_468@Email.Com,Arar,Basic,10/22/2025 8:37,FALSE,1265
4630,Customer_4824,Last_4824,Customer_4824@Email.Com,Al-Kharj,Basic,10/23/2025 23:11,TRUE,46900
4631,Customer_1912,Last_1912,Customer_1912@Email.Com,Al-Kharj,Premium,10/25/2025 0:53,TRUE,32270
4632,Customer_1725,Last_1725,Customer_1725@Email.Com,Khamis Mushait,Vip,10/25/2025 13:44,TRUE,3846
4633,Customer_4013,Last_4013,Customer_4013@Email.Com,Riyadh,Vip,10/25/2025 13:44,FALSE,41100
4634,Customer_95,Last_95,Customer_95@Email.Com,Tabuk,Standard,10/25/2025 13:44,TRUE,14268
4635,Customer_3603,Last_3603,Customer_3603@Email.Com,Yanbu,Basic,10/26/2025 2:35,TRUE,34512
4636,Customer_1824,Last_1824,Customer_1824@Email.Com,Al-Ahsa,Standard,10/26/2025 2:35,TRUE,31707
4637,Customer_1059,Last_1059,Customer_1059@Email.Com,Riyadh,Premium,10/27/2025 4:17,FALSE,45841
4638,Customer_4519,Last_4519,Customer_4519@Email.Com,Tabuk,Standard,10/27/2025 4:17,FALSE,33169
4639,Customer_101,Last_101,Customer_101@Email.Com,Dammam,New,10/28/2025 6:00,TRUE,8390
4640,Customer_536,Last_536,Customer_536@Email.Com,Taif,Standard,10/28/2025 6:00,TRUE,19703
4641,Customer_1869,Last_1869,Customer_1869@Email.Com,Al-Kharj,Premium,10/28/2025 6:00,TRUE,7261
4642,Customer_3145,Last_3145,Customer_3145@Email.Com,Mecca,Vip,10/29/2025 20:33,FALSE,6709
4643,Customer_1862,Last_1862,Customer_1862@Email.Com,Buraidah,Basic,10/29/2025 20:33,TRUE,33818
4644,Customer_4401,Last_4401,Customer_4401@Email.Com,Khamis Mushait,New,10/30/2025 9:24,TRUE,23804
4645,Customer_2050,Last_2050,Customer_2050@Email.Com,Arar,Vip,10/31/2025 11:06,TRUE,21922
4646,Customer_4199,Last_4199,Customer_4199@Email.Com,Arar,Premium,10/31/2025 23:57,TRUE,21215
4647,Customer_1022,Last_1022,Customer_1022@Email.Com,Tabuk,Standard,11/2/2025 14:31,FALSE,11403
4648,Customer_1856,Last_1856,Customer_1856@Email.Com,Khobar,New,11/3/2025 3:22,TRUE,715
4649,Customer_1474,Last_1474,Customer_1474@Email.Com,Taif,Premium,11/3/2025 3:22,TRUE,47520
4650,Customer_427,Last_427,Customer_427@Email.Com,Buraidah,Basic,11/3/2025 16:13,TRUE,35583
4651,Customer_768,Last_768,Customer_768@Email.Com,Al-Kharj,Vip,11/4/2025 17:55,TRUE,46101
4652,Customer_3673,Last_3673,Customer_3673@Email.Com,Tabuk,Standard,11/5/2025 6:47,FALSE,11274
4653,Customer_3362,Last_3362,Customer_3362@Email.Com,Tabuk,New,11/5/2025 19:38,FALSE,47381
4654,Customer_2465,Last_2465,Customer_2465@Email.Com,Qatif,Basic,11/5/2025 19:38,FALSE,15646
4655,Customer_4393,Last_4393,Customer_4393@Email.Com,Abha,Standard,11/6/2025 8:29,TRUE,1235
4656,Customer_4010,Last_4010,Customer_4010@Email.Com,Jeddah,Standard,11/6/2025 21:20,TRUE,48997
4657,Customer_564,Last_564,Customer_564@Email.Com,Al-Kharj,Basic,11/7/2025 23:02,FALSE,11360
4658,Customer_279,Last_279,Customer_279@Email.Com,Riyadh,Standard,11/8/2025 11:53,TRUE,29668
4659,Customer_1845,Last_1845,Customer_1845@Email.Com,Jubail,Standard,11/8/2025 11:53,TRUE,48169
4660,Customer_4926,Last_4926,Customer_4926@Email.Com,Mecca,Vip,11/8/2025 11:53,FALSE,47373
4661,Customer_83,Last_83,Customer_83@Email.Com,Al-Ahsa,Basic,11/9/2025 0:44,FALSE,28875
4662,Customer_1414,Last_1414,Customer_1414@Email.Com,Mecca,Basic,11/10/2025 15:18,TRUE,32059
4663,Customer_4375,Last_4375,Customer_4375@Email.Com,Khamis Mushait,Standard,11/11/2025 4:09,TRUE,17705
4664,Customer_3842,Last_3842,Customer_3842@Email.Com,Arar,Standard,11/11/2025 17:00,TRUE,39651
4665,Customer_156,Last_156,Customer_156@Email.Com,Hail,Standard,11/11/2025 17:00,TRUE,38750
4666,Customer_4784,Last_4784,Customer_4784@Email.Com,Hail,Premium,11/11/2025 17:00,TRUE,30023
4667,Customer_3134,Last_3134,Customer_3134@Email.Com,Medina,Standard,11/11/2025 17:00,TRUE,46524
4668,Customer_558,Last_558,Customer_558@Email.Com,Medina,Standard,11/12/2025 5:51,TRUE,44041
4669,Customer_3691,Last_3691,Customer_3691@Email.Com,Qatif,Basic,11/12/2025 5:51,TRUE,30541
4670,Customer_1348,Last_1348,Customer_1348@Email.Com,Abha,Standard,11/12/2025 5:51,FALSE,21487
4671,Customer_4807,Last_4807,Customer_4807@Email.Com,Riyadh,Basic,11/12/2025 18:42,TRUE,9477
4672,Customer_1546,Last_1546,Customer_1546@Email.Com,Buraidah,Standard,11/12/2025 18:42,TRUE,47369
4673,Customer_1309,Last_1309,Customer_1309@Email.Com,Khobar,Standard,11/13/2025 20:25,TRUE,3883
4674,Customer_560,Last_560,Customer_560@Email.Com,Dammam,New,11/13/2025 20:25,TRUE,30173
4675,Customer_2766,Last_2766,Customer_2766@Email.Com,Dammam,Vip,11/14/2025 9:16,TRUE,1939
4676,Customer_2140,Last_2140,Customer_2140@Email.Com,Tabuk,Standard,11/14/2025 22:07,TRUE,37767
4677,Customer_1143,Last_1143,Customer_1143@Email.Com,Khobar,Standard,11/16/2025 12:40,TRUE,26561
4678,Customer_1177,Last_1177,Customer_1177@Email.Com,Buraidah,Standard,11/16/2025 12:40,TRUE,13860
4679,Customer_4180,Last_4180,Customer_4180@Email.Com,Khamis Mushait,Basic,11/17/2025 1:31,TRUE,12746
4680,Customer_3085,Last_3085,Customer_3085@Email.Com,Yanbu,Standard,11/18/2025 3:14,TRUE,21606
4681,Customer_4943,Last_4943,Customer_4943@Email.Com,Buraidah,Standard,11/18/2025 16:05,TRUE,767
4682,Customer_2615,Last_2615,Customer_2615@Email.Com,Riyadh,Basic,11/20/2025 6:38,FALSE,8554
4683,Customer_2205,Last_2205,Customer_2205@Email.Com,Tabuk,New,11/21/2025 21:12,TRUE,40068
4684,Customer_4072,Last_4072,Customer_4072@Email.Com,Khamis Mushait,Premium,11/23/2025 11:45,TRUE,34366
4685,Customer_915,Last_915,Customer_915@Email.Com,Taif,Basic,11/23/2025 11:45,TRUE,12129
4686,Customer_2127,Last_2127,Customer_2127@Email.Com,Al-Ahsa,Basic,11/23/2025 11:45,TRUE,17945
4687,Customer_1554,Last_1554,Customer_1554@Email.Com,Arar,Standard,11/24/2025 13:27,FALSE,39266
4688,Customer_3387,Last_3387,Customer_3387@Email.Com,Yanbu,Basic,11/24/2025 13:27,TRUE,16278
4689,Customer_326,Last_326,Customer_326@Email.Com,Tabuk,Standard,11/25/2025 15:09,FALSE,2170
4690,Customer_1452,Last_1452,Customer_1452@Email.Com,Al-Kharj,Premium,11/26/2025 4:01,FALSE,45522
4691,Customer_2622,Last_2622,Customer_2622@Email.Com,Dammam,Basic,11/26/2025 16:52,FALSE,8611
4692,Customer_3833,Last_3833,Customer_3833@Email.Com,Al-Kharj,Standard,11/27/2025 5:43,TRUE,35605
4693,Customer_2011,Last_2011,Customer_2011@Email.Com,Jubail,Standard,11/28/2025 20:16,TRUE,6557
4694,Customer_2368,Last_2368,Customer_2368@Email.Com,Khobar,Premium,11/29/2025 9:07,TRUE,25579
4695,Customer_640,Last_640,Customer_640@Email.Com,Dhahran,New,11/29/2025 9:07,TRUE,38736
4696,Customer_1544,Last_1544,Customer_1544@Email.Com,Abha,Standard,11/29/2025 21:59,TRUE,11030
4697,Customer_3291,Last_3291,Customer_3291@Email.Com,Jeddah,Basic,11/29/2025 21:59,TRUE,19399
4698,Customer_2575,Last_2575,Customer_2575@Email.Com,Mecca,Basic,11/29/2025 21:59,TRUE,48311
4699,Customer_180,Last_180,Customer_180@Email.Com,Jubail,Basic,11/30/2025 10:50,TRUE,33808
4700,Customer_1047,Last_1047,Customer_1047@Email.Com,Tabuk,Standard,12/1/2025 12:32,FALSE,42530
4701,Customer_3132,Last_3132,Customer_3132@Email.Com,Tabuk,Standard,12/1/2025 12:32,FALSE,13407
4702,Customer_46,Last_46,Customer_46@Email.Com,Dammam,Basic,12/2/2025 1:23,TRUE,13675
4703,Customer_3585,Last_3585,Customer_3585@Email.Com,Medina,Basic,12/3/2025 3:05,TRUE,46876
4704,Customer_894,Last_894,Customer_894@Email.Com,Riyadh,Basic,12/3/2025 3:05,TRUE,39767
4705,Customer_1397,Last_1397,Customer_1397@Email.Com,Abha,Basic,12/3/2025 3:05,TRUE,16920
4706,Customer_138,Last_138,Customer_138@Email.Com,Jubail,Basic,12/3/2025 15:56,TRUE,20371
4707,Customer_2345,Last_2345,Customer_2345@Email.Com,Jubail,New,12/3/2025 15:56,TRUE,9507
4708,Customer_4262,Last_4262,Customer_4262@Email.Com,Najran,Basic,12/3/2025 15:56,TRUE,49733
4709,Customer_1351,Last_1351,Customer_1351@Email.Com,Medina,Standard,12/3/2025 15:56,TRUE,9219
4710,Customer_3785,Last_3785,Customer_3785@Email.Com,Jeddah,Standard,12/4/2025 4:48,TRUE,11068
4711,Customer_760,Last_760,Customer_760@Email.Com,Yanbu,Standard,12/4/2025 4:48,TRUE,32406
4712,Customer_1470,Last_1470,Customer_1470@Email.Com,Dhahran,New,12/4/2025 4:48,FALSE,8294
4713,Customer_4446,Last_4446,Customer_4446@Email.Com,Dhahran,New,12/5/2025 19:21,TRUE,38513
4714,Customer_4242,Last_4242,Customer_4242@Email.Com,Buraidah,Standard,12/6/2025 8:12,FALSE,15139
4715,Customer_3361,Last_3361,Customer_3361@Email.Com,Riyadh,Premium,12/6/2025 21:03,TRUE,18802
4716,Customer_824,Last_824,Customer_824@Email.Com,Jubail,Standard,12/7/2025 9:54,TRUE,28625
4717,Customer_4494,Last_4494,Customer_4494@Email.Com,Riyadh,New,12/8/2025 11:37,FALSE,45840
4718,Customer_3470,Last_3470,Customer_3470@Email.Com,Mecca,Vip,12/9/2025 13:19,TRUE,30695
4719,Customer_1201,Last_1201,Customer_1201@Email.Com,Jeddah,Basic,12/9/2025 13:19,TRUE,22623
4720,Customer_4041,Last_4041,Customer_4041@Email.Com,Abha,Standard,12/9/2025 13:19,TRUE,32433
4721,Customer_2308,Last_2308,Customer_2308@Email.Com,Yanbu,Basic,12/10/2025 2:10,FALSE,23024
4722,Customer_3918,Last_3918,Customer_3918@Email.Com,Medina,Standard,12/10/2025 15:01,TRUE,1223
4723,Customer_20,Last_20,Customer_20@Email.Com,Dhahran,Vip,12/10/2025 15:01,TRUE,28962
4724,Customer_3225,Last_3225,Customer_3225@Email.Com,Jeddah,Standard,12/11/2025 3:52,FALSE,27475
4725,Customer_4896,Last_4896,Customer_4896@Email.Com,Arar,Premium,12/12/2025 5:35,TRUE,24597
4726,Customer_4652,Last_4652,Customer_4652@Email.Com,Jubail,Basic,12/13/2025 20:08,FALSE,26468
4727,Customer_3764,Last_3764,Customer_3764@Email.Com,Dammam,Basic,12/13/2025 20:08,FALSE,18025
4728,Customer_3781,Last_3781,Customer_3781@Email.Com,Arar,Basic,12/15/2025 10:41,TRUE,43042
4729,Customer_137,Last_137,Customer_137@Email.Com,Khobar,Standard,12/15/2025 10:41,TRUE,44233
4730,Customer_3106,Last_3106,Customer_3106@Email.Com,Buraidah,Basic,12/15/2025 23:32,TRUE,14837
4731,Customer_4781,Last_4781,Customer_4781@Email.Com,Jubail,Basic,12/16/2025 12:24,TRUE,21012
4732,Customer_962,Last_962,Customer_962@Email.Com,Al-Kharj,Standard,12/17/2025 1:15,TRUE,19417
4733,Customer_1539,Last_1539,Customer_1539@Email.Com,Khobar,New,12/17/2025 14:06,TRUE,34708
4734,Customer_4451,Last_4451,Customer_4451@Email.Com,Mecca,Basic,12/18/2025 2:57,TRUE,28880
4735,Customer_2947,Last_2947,Customer_2947@Email.Com,Medina,Basic,12/18/2025 15:48,TRUE,24051
4736,Customer_4611,Last_4611,Customer_4611@Email.Com,Arar,Standard,12/18/2025 15:48,TRUE,13836
4737,Customer_2460,Last_2460,Customer_2460@Email.Com,Hail,Premium,12/18/2025 15:48,TRUE,22963
4738,Customer_3390,Last_3390,Customer_3390@Email.Com,Yanbu,Standard,12/19/2025 4:39,TRUE,22188
4739,Customer_4266,Last_4266,Customer_4266@Email.Com,Khamis Mushait,New,12/19/2025 17:30,FALSE,13490
4740,Customer_4414,Last_4414,Customer_4414@Email.Com,Najran,Basic,12/19/2025 17:30,TRUE,46361
4741,Customer_1425,Last_1425,Customer_1425@Email.Com,Dhahran,Basic,12/20/2025 19:13,FALSE,41074
4742,Customer_3993,Last_3993,Customer_3993@Email.Com,Al-Kharj,Basic,12/21/2025 8:04,FALSE,27046
4743,Customer_4480,Last_4480,Customer_4480@Email.Com,Dhahran,Standard,12/22/2025 22:37,TRUE,41614
4744,Customer_3635,Last_3635,Customer_3635@Email.Com,Dhahran,Basic,12/22/2025 22:37,TRUE,7083
4745,Customer_2483,Last_2483,Customer_2483@Email.Com,Al-Kharj,Standard,12/23/2025 11:28,TRUE,4888
4746,Customer_3104,Last_3104,Customer_3104@Email.Com,Qatif,New,12/23/2025 11:28,TRUE,7819
4747,Customer_4095,Last_4095,Customer_4095@Email.Com,Mecca,Standard,12/24/2025 0:19,TRUE,31531
4748,Customer_3271,Last_3271,Customer_3271@Email.Com,Jubail,Basic,12/24/2025 0:19,TRUE,44446
4749,Customer_1467,Last_1467,Customer_1467@Email.Com,Najran,Standard,12/25/2025 2:02,TRUE,14897
4750,Customer_553,Last_553,Customer_553@Email.Com,Yanbu,Standard,12/26/2025 3:44,TRUE,45540
4751,Customer_3525,Last_3525,Customer_3525@Email.Com,Hail,Vip,12/26/2025 3:44,TRUE,16198
4752,Customer_2812,Last_2812,Customer_2812@Email.Com,Tabuk,Vip,12/27/2025 5:26,TRUE,13119
4753,Customer_4603,Last_4603,Customer_4603@Email.Com,Mecca,Standard,12/28/2025 7:08,TRUE,2242
4754,Customer_2954,Last_2954,Customer_2954@Email.Com,Khamis Mushait,Vip,12/28/2025 7:08,TRUE,24243
4755,Customer_4733,Last_4733,Customer_4733@Email.Com,Buraidah,Standard,12/29/2025 8:51,TRUE,25327
4756,Customer_2858,Last_2858,Customer_2858@Email.Com,Jubail,Premium,1/1/2026 1:06,FALSE,39673
4757,Customer_1591,Last_1591,Customer_1591@Email.Com,Tabuk,Basic,1/1/2026 13:57,TRUE,14378
4758,Customer_2958,Last_2958,Customer_2958@Email.Com,Buraidah,Standard,1/2/2026 15:40,FALSE,27748
4759,Customer_1605,Last_1605,Customer_1605@Email.Com,Buraidah,Basic,1/2/2026 15:40,FALSE,25935
4760,Customer_4507,Last_4507,Customer_4507@Email.Com,Tabuk,Standard,1/3/2026 17:22,TRUE,49962
4761,Customer_154,Last_154,Customer_154@Email.Com,Riyadh,Basic,1/4/2026 6:13,TRUE,46335
4762,Customer_2585,Last_2585,Customer_2585@Email.Com,Hail,Standard,1/4/2026 19:04,TRUE,28337
4763,Customer_3793,Last_3793,Customer_3793@Email.Com,Khobar,Standard,1/4/2026 19:04,TRUE,10535
4764,Customer_2285,Last_2285,Customer_2285@Email.Com,Dhahran,Vip,1/5/2026 20:47,TRUE,23091
4765,Customer_4065,Last_4065,Customer_4065@Email.Com,Al-Kharj,Basic,1/6/2026 9:38,TRUE,41547
4766,Customer_1347,Last_1347,Customer_1347@Email.Com,Al-Kharj,Standard,1/6/2026 9:38,TRUE,31668
4767,Customer_2746,Last_2746,Customer_2746@Email.Com,Najran,Basic,1/6/2026 9:38,TRUE,27948
4768,Customer_4249,Last_4249,Customer_4249@Email.Com,Abha,Standard,1/6/2026 22:29,TRUE,3417
4769,Customer_3329,Last_3329,Customer_3329@Email.Com,Mecca,Basic,1/7/2026 11:20,TRUE,17984
4770,Customer_1926,Last_1926,Customer_1926@Email.Com,Al-Ahsa,Standard,1/7/2026 11:20,TRUE,16975
4771,Customer_4445,Last_4445,Customer_4445@Email.Com,Khamis Mushait,Basic,1/7/2026 11:20,TRUE,9521
4772,Customer_3760,Last_3760,Customer_3760@Email.Com,Dhahran,New,1/7/2026 11:20,FALSE,5054
4773,Customer_4102,Last_4102,Customer_4102@Email.Com,Arar,Standard,1/8/2026 13:02,TRUE,31356
4774,Customer_1112,Last_1112,Customer_1112@Email.Com,Najran,Vip,1/8/2026 13:02,TRUE,45004
4775,Customer_957,Last_957,Customer_957@Email.Com,Jubail,Standard,1/10/2026 3:36,TRUE,22973
4776,Customer_2311,Last_2311,Customer_2311@Email.Com,Riyadh,Basic,1/10/2026 16:27,TRUE,49432
4777,Customer_1848,Last_1848,Customer_1848@Email.Com,Qatif,Vip,1/10/2026 16:27,FALSE,18898
4778,Customer_4539,Last_4539,Customer_4539@Email.Com,Khobar,Vip,1/10/2026 16:27,TRUE,31342
4779,Customer_4523,Last_4523,Customer_4523@Email.Com,Medina,Basic,1/12/2026 7:00,TRUE,28426
4780,Customer_4054,Last_4054,Customer_4054@Email.Com,Dammam,Vip,1/12/2026 19:51,TRUE,10042
4781,Customer_3180,Last_3180,Customer_3180@Email.Com,Yanbu,Vip,1/12/2026 19:51,TRUE,39395
4782,Customer_443,Last_443,Customer_443@Email.Com,Mecca,Basic,1/13/2026 8:42,TRUE,3590
4783,Customer_4149,Last_4149,Customer_4149@Email.Com,Yanbu,Premium,1/13/2026 8:42,TRUE,16832
4784,Customer_3069,Last_3069,Customer_3069@Email.Com,Khobar,New,1/13/2026 21:33,TRUE,24011
4785,Customer_2065,Last_2065,Customer_2065@Email.Com,Khamis Mushait,Basic,1/14/2026 10:25,TRUE,29052
4786,Customer_2976,Last_2976,Customer_2976@Email.Com,Buraidah,Basic,1/14/2026 10:25,TRUE,14659
4787,Customer_987,Last_987,Customer_987@Email.Com,Al-Ahsa,Vip,1/14/2026 23:16,TRUE,3756
4788,Customer_196,Last_196,Customer_196@Email.Com,Qatif,Vip,1/15/2026 12:07,TRUE,15213
4789,Customer_4487,Last_4487,Customer_4487@Email.Com,Hail,Standard,1/16/2026 0:58,TRUE,40596
4790,Customer_2833,Last_2833,Customer_2833@Email.Com,Abha,Standard,1/17/2026 2:40,TRUE,4993
4791,Customer_2618,Last_2618,Customer_2618@Email.Com,Jeddah,Standard,1/18/2026 4:23,TRUE,16908
4792,Customer_4853,Last_4853,Customer_4853@Email.Com,Buraidah,Basic,1/20/2026 7:47,FALSE,22825
4793,Customer_3210,Last_3210,Customer_3210@Email.Com,Dhahran,Basic,1/20/2026 20:38,TRUE,34904
4794,Customer_1813,Last_1813,Customer_1813@Email.Com,Abha,Basic,1/20/2026 20:38,TRUE,1857
4795,Customer_1482,Last_1482,Customer_1482@Email.Com,Buraidah,Basic,1/21/2026 9:29,TRUE,18749
4796,Customer_1927,Last_1927,Customer_1927@Email.Com,Mecca,Basic,1/21/2026 22:20,TRUE,34616
4797,Customer_2986,Last_2986,Customer_2986@Email.Com,Hail,Vip,1/23/2026 0:03,FALSE,20977
4798,Customer_3466,Last_3466,Customer_3466@Email.Com,Tabuk,Standard,1/23/2026 0:03,TRUE,22797
4799,Customer_1294,Last_1294,Customer_1294@Email.Com,Mecca,Standard,1/23/2026 12:54,FALSE,44156
4800,Customer_4091,Last_4091,Customer_4091@Email.Com,Abha,Standard,1/24/2026 1:45,TRUE,47543
4801,Customer_4721,Last_4721,Customer_4721@Email.Com,Dammam,Standard,1/24/2026 1:45,TRUE,23771
4802,Customer_428,Last_428,Customer_428@Email.Com,Jubail,Basic,1/25/2026 3:27,TRUE,33738
4803,Customer_3229,Last_3229,Customer_3229@Email.Com,Khamis Mushait,Standard,1/25/2026 3:27,FALSE,4718
4804,Customer_3349,Last_3349,Customer_3349@Email.Com,Qatif,Standard,1/26/2026 5:09,TRUE,24931
4805,Customer_4663,Last_4663,Customer_4663@Email.Com,Riyadh,Standard,1/26/2026 18:01,TRUE,785
4806,Customer_3988,Last_3988,Customer_3988@Email.Com,Abha,Standard,1/26/2026 18:01,TRUE,30635
4807,Customer_1878,Last_1878,Customer_1878@Email.Com,Najran,Standard,1/26/2026 18:01,TRUE,35331
4808,Customer_462,Last_462,Customer_462@Email.Com,Dhahran,Basic,1/28/2026 8:34,TRUE,16259
4809,Customer_3160,Last_3160,Customer_3160@Email.Com,Tabuk,Basic,1/28/2026 8:34,TRUE,34303
4810,Customer_959,Last_959,Customer_959@Email.Com,Tabuk,Basic,1/28/2026 21:25,TRUE,11612
4811,Customer_4458,Last_4458,Customer_4458@Email.Com,Khamis Mushait,Premium,1/29/2026 10:16,TRUE,29843
4812,Customer_2893,Last_2893,Customer_2893@Email.Com,Jeddah,New,1/30/2026 11:59,TRUE,41371
4813,Customer_2991,Last_2991,Customer_2991@Email.Com,Dammam,Standard,1/31/2026 0:50,TRUE,7113
4814,Customer_4332,Last_4332,Customer_4332@Email.Com,Arar,Standard,1/31/2026 0:50,TRUE,34757
4815,Customer_2436,Last_2436,Customer_2436@Email.Com,Najran,Basic,2/1/2026 2:32,TRUE,8534
4816,Customer_1802,Last_1802,Customer_1802@Email.Com,Mecca,Standard,2/1/2026 15:23,TRUE,26062
4817,Customer_1226,Last_1226,Customer_1226@Email.Com,Hail,Premium,2/2/2026 4:14,TRUE,36102
4818,Customer_4298,Last_4298,Customer_4298@Email.Com,Taif,Standard,2/2/2026 4:14,TRUE,4329
4819,Customer_144,Last_144,Customer_144@Email.Com,Riyadh,Basic,2/2/2026 4:14,FALSE,26272
4820,Customer_4056,Last_4056,Customer_4056@Email.Com,Najran,Standard,2/2/2026 17:05,TRUE,23294
4821,Customer_4769,Last_4769,Customer_4769@Email.Com,Hail,Standard,2/3/2026 18:48,TRUE,9305
4822,Customer_3968,Last_3968,Customer_3968@Email.Com,Qatif,Standard,2/4/2026 20:30,TRUE,27279
4823,Customer_3876,Last_3876,Customer_3876@Email.Com,Najran,Standard,2/5/2026 9:21,TRUE,44370
4824,Customer_707,Last_707,Customer_707@Email.Com,Al-Ahsa,Premium,2/5/2026 9:21,TRUE,19715
4825,Customer_368,Last_368,Customer_368@Email.Com,Riyadh,New,2/6/2026 23:54,TRUE,47718
4826,Customer_781,Last_781,Customer_781@Email.Com,Khobar,Basic,2/6/2026 23:54,TRUE,36320
4827,Customer_1920,Last_1920,Customer_1920@Email.Com,Khamis Mushait,Basic,2/8/2026 1:37,TRUE,2822
4828,Customer_4944,Last_4944,Customer_4944@Email.Com,Medina,New,2/9/2026 3:19,TRUE,31644
4829,Customer_3302,Last_3302,Customer_3302@Email.Com,Riyadh,Premium,2/9/2026 3:19,TRUE,13613
4830,Customer_2995,Last_2995,Customer_2995@Email.Com,Abha,Standard,2/9/2026 16:10,TRUE,13778
4831,Customer_1364,Last_1364,Customer_1364@Email.Com,Medina,New,2/9/2026 16:10,TRUE,29070
4832,Customer_4748,Last_4748,Customer_4748@Email.Com,Qatif,Vip,2/9/2026 16:10,TRUE,49934
4833,Customer_1740,Last_1740,Customer_1740@Email.Com,Jubail,Standard,2/10/2026 5:01,FALSE,39899
4834,Customer_1368,Last_1368,Customer_1368@Email.Com,Khobar,Standard,2/10/2026 17:52,TRUE,14272
4835,Customer_3777,Last_3777,Customer_3777@Email.Com,Abha,Standard,2/11/2026 6:43,TRUE,36060
4836,Customer_3267,Last_3267,Customer_3267@Email.Com,Qatif,Vip,2/11/2026 19:34,TRUE,41224
4837,Customer_4127,Last_4127,Customer_4127@Email.Com,Jeddah,Standard,2/11/2026 19:34,TRUE,48651
4838,Customer_3116,Last_3116,Customer_3116@Email.Com,Dammam,Basic,2/12/2026 8:26,TRUE,18578
4839,Customer_1715,Last_1715,Customer_1715@Email.Com,Jubail,Vip,2/13/2026 10:08,TRUE,7288
4840,Customer_2660,Last_2660,Customer_2660@Email.Com,Al-Kharj,Standard,2/13/2026 10:08,TRUE,13763
4841,Customer_3045,Last_3045,Customer_3045@Email.Com,Al-Ahsa,Basic,2/13/2026 22:59,TRUE,16130
4842,Customer_4400,Last_4400,Customer_4400@Email.Com,Qatif,Standard,2/14/2026 11:50,FALSE,1145
4843,Customer_4370,Last_4370,Customer_4370@Email.Com,Hail,Standard,2/15/2026 0:41,FALSE,43945
4844,Customer_4120,Last_4120,Customer_4120@Email.Com,Yanbu,Standard,2/15/2026 13:32,FALSE,45970
4845,Customer_1419,Last_1419,Customer_1419@Email.Com,Taif,Basic,2/15/2026 13:32,TRUE,18085
4846,Customer_2811,Last_2811,Customer_2811@Email.Com,Dammam,Vip,2/16/2026 2:24,TRUE,19416
4847,Customer_808,Last_808,Customer_808@Email.Com,Al-Ahsa,Basic,2/16/2026 15:15,FALSE,30397
4848,Customer_4234,Last_4234,Customer_4234@Email.Com,Khamis Mushait,Standard,2/16/2026 15:15,TRUE,45313
4849,Customer_523,Last_523,Customer_523@Email.Com,Riyadh,Basic,2/16/2026 15:15,TRUE,47401
4850,Customer_2039,Last_2039,Customer_2039@Email.Com,Mecca,Vip,2/17/2026 4:06,TRUE,11151
4851,Customer_1275,Last_1275,Customer_1275@Email.Com,Dammam,Standard,2/17/2026 4:06,TRUE,12951
4852,Customer_1894,Last_1894,Customer_1894@Email.Com,Taif,Premium,2/17/2026 4:06,TRUE,45531
4853,Customer_142,Last_142,Customer_142@Email.Com,Taif,New,2/17/2026 16:57,TRUE,48193
4854,Customer_4455,Last_4455,Customer_4455@Email.Com,Yanbu,Basic,2/17/2026 16:57,FALSE,35318
4855,Customer_415,Last_415,Customer_415@Email.Com,Dammam,New,2/18/2026 5:48,TRUE,3567
4856,Customer_1601,Last_1601,Customer_1601@Email.Com,Dammam,Vip,2/18/2026 5:48,TRUE,36267
4857,Customer_396,Last_396,Customer_396@Email.Com,Medina,New,2/18/2026 18:39,TRUE,45437
4858,Customer_1781,Last_1781,Customer_1781@Email.Com,Mecca,Standard,2/18/2026 18:39,TRUE,21990
4859,Customer_3578,Last_3578,Customer_3578@Email.Com,Jeddah,Standard,2/18/2026 18:39,TRUE,38871
4860,Customer_976,Last_976,Customer_976@Email.Com,Al-Ahsa,Basic,2/20/2026 9:13,TRUE,45032
4861,Customer_2350,Last_2350,Customer_2350@Email.Com,Arar,Standard,2/20/2026 22:04,TRUE,2553
4862,Customer_1573,Last_1573,Customer_1573@Email.Com,Khamis Mushait,Premium,2/20/2026 22:04,FALSE,15058
4863,Customer_4499,Last_4499,Customer_4499@Email.Com,Qatif,Standard,2/20/2026 22:04,TRUE,14418
4864,Customer_2752,Last_2752,Customer_2752@Email.Com,Dammam,New,2/22/2026 12:37,TRUE,47182
4865,Customer_534,Last_534,Customer_534@Email.Com,Hail,Standard,2/24/2026 3:10,TRUE,44751
4866,Customer_3427,Last_3427,Customer_3427@Email.Com,Dammam,Basic,2/24/2026 3:10,TRUE,37112
4867,Customer_4057,Last_4057,Customer_4057@Email.Com,Tabuk,New,2/24/2026 3:10,FALSE,6173
4868,Customer_2916,Last_2916,Customer_2916@Email.Com,Buraidah,Premium,2/25/2026 4:53,TRUE,28385
4869,Customer_3420,Last_3420,Customer_3420@Email.Com,Khobar,Basic,2/26/2026 6:35,TRUE,24504
4870,Customer_3443,Last_3443,Customer_3443@Email.Com,Abha,Standard,2/26/2026 19:26,TRUE,31360
4871,Customer_3881,Last_3881,Customer_3881@Email.Com,Dhahran,New,2/26/2026 19:26,TRUE,21565
4872,Customer_2586,Last_2586,Customer_2586@Email.Com,Arar,Standard,2/26/2026 19:26,TRUE,35456
4873,Customer_672,Last_672,Customer_672@Email.Com,Khobar,Premium,2/27/2026 8:17,TRUE,27770
4874,Customer_198,Last_198,Customer_198@Email.Com,Arar,Vip,2/27/2026 21:08,TRUE,15212
4875,Customer_2805,Last_2805,Customer_2805@Email.Com,Tabuk,New,2/28/2026 22:51,TRUE,46806
4876,Customer_4270,Last_4270,Customer_4270@Email.Com,Al-Kharj,Basic,2/28/2026 22:51,TRUE,27844
4877,Customer_1027,Last_1027,Customer_1027@Email.Com,Al-Ahsa,Standard,3/1/2026 11:42,FALSE,47464
4878,Customer_661,Last_661,Customer_661@Email.Com,Taif,Standard,3/2/2026 0:33,TRUE,19192
4879,Customer_724,Last_724,Customer_724@Email.Com,Buraidah,New,3/3/2026 2:15,TRUE,39280
4880,Customer_1072,Last_1072,Customer_1072@Email.Com,Najran,New,3/3/2026 2:15,TRUE,20645
4881,Customer_4456,Last_4456,Customer_4456@Email.Com,Dhahran,Basic,3/4/2026 16:49,TRUE,41539
4882,Customer_2046,Last_2046,Customer_2046@Email.Com,Abha,Basic,3/5/2026 5:40,TRUE,41849
4883,Customer_873,Last_873,Customer_873@Email.Com,Najran,Basic,3/6/2026 7:22,FALSE,19810
4884,Customer_3730,Last_3730,Customer_3730@Email.Com,Qatif,Standard,3/6/2026 20:13,FALSE,2904
4885,Customer_4125,Last_4125,Customer_4125@Email.Com,Tabuk,Basic,3/7/2026 9:04,TRUE,31391
4886,Customer_2917,Last_2917,Customer_2917@Email.Com,Riyadh,Vip,3/8/2026 10:46,TRUE,35587
4887,Customer_1665,Last_1665,Customer_1665@Email.Com,Qatif,Premium,3/8/2026 10:46,TRUE,46698
4888,Customer_104,Last_104,Customer_104@Email.Com,Dammam,New,3/8/2026 23:38,FALSE,37976
4889,Customer_2793,Last_2793,Customer_2793@Email.Com,Jubail,Standard,3/8/2026 23:38,TRUE,6834
4890,Customer_4294,Last_4294,Customer_4294@Email.Com,Arar,New,3/8/2026 23:38,TRUE,29787
4891,Customer_3122,Last_3122,Customer_3122@Email.Com,Taif,Basic,3/9/2026 12:29,TRUE,21443
4892,Customer_2791,Last_2791,Customer_2791@Email.Com,Yanbu,Basic,3/9/2026 12:29,FALSE,38853
4893,Customer_1392,Last_1392,Customer_1392@Email.Com,Al-Ahsa,Basic,3/9/2026 12:29,FALSE,10624
4894,Customer_620,Last_620,Customer_620@Email.Com,Dhahran,Basic,3/11/2026 3:02,TRUE,22744
4895,Customer_283,Last_283,Customer_283@Email.Com,Mecca,Standard,3/11/2026 15:53,TRUE,421
4896,Customer_1837,Last_1837,Customer_1837@Email.Com,Jeddah,Standard,3/12/2026 17:36,TRUE,25294
4897,Customer_419,Last_419,Customer_419@Email.Com,Buraidah,Basic,3/13/2026 6:27,TRUE,40712
4898,Customer_3252,Last_3252,Customer_3252@Email.Com,Al-Kharj,Standard,3/13/2026 6:27,TRUE,44874
4899,Customer_4701,Last_4701,Customer_4701@Email.Com,Jeddah,Vip,3/13/2026 19:18,TRUE,29435
4900,Customer_3886,Last_3886,Customer_3886@Email.Com,Dhahran,Premium,3/14/2026 21:00,TRUE,44482
4901,Customer_3997,Last_3997,Customer_3997@Email.Com,Buraidah,Standard,3/15/2026 9:51,TRUE,2319
4902,Customer_1130,Last_1130,Customer_1130@Email.Com,Buraidah,Basic,3/15/2026 22:42,FALSE,11766
4903,Customer_4493,Last_4493,Customer_4493@Email.Com,Al-Kharj,Vip,3/15/2026 22:42,FALSE,11038
4904,Customer_1906,Last_1906,Customer_1906@Email.Com,Yanbu,Basic,3/15/2026 22:42,FALSE,48105
4905,Customer_1330,Last_1330,Customer_1330@Email.Com,Medina,Standard,3/17/2026 0:25,TRUE,32988
4906,Customer_116,Last_116,Customer_116@Email.Com,Al-Kharj,Basic,3/17/2026 13:16,TRUE,10094
4907,Customer_1687,Last_1687,Customer_1687@Email.Com,Medina,New,3/18/2026 2:07,TRUE,6704
4908,Customer_3418,Last_3418,Customer_3418@Email.Com,Najran,Standard,3/18/2026 14:58,FALSE,19467
4909,Customer_185,Last_185,Customer_185@Email.Com,Khobar,Standard,3/19/2026 3:49,TRUE,21483
4910,Customer_2510,Last_2510,Customer_2510@Email.Com,Jeddah,Premium,3/19/2026 3:49,TRUE,12549
4911,Customer_2484,Last_2484,Customer_2484@Email.Com,Khamis Mushait,Premium,3/19/2026 16:40,FALSE,28192
4912,Customer_2668,Last_2668,Customer_2668@Email.Com,Tabuk,Standard,3/20/2026 18:22,FALSE,1011
4913,Customer_3812,Last_3812,Customer_3812@Email.Com,Dhahran,New,3/21/2026 7:14,TRUE,13440
4914,Customer_3152,Last_3152,Customer_3152@Email.Com,Yanbu,Vip,3/21/2026 7:14,TRUE,42536
4915,Customer_1989,Last_1989,Customer_1989@Email.Com,Khamis Mushait,Basic,3/22/2026 8:56,TRUE,37474
4916,Customer_831,Last_831,Customer_831@Email.Com,Mecca,Vip,3/22/2026 8:56,TRUE,11829
4917,Customer_3697,Last_3697,Customer_3697@Email.Com,Hail,Basic,3/22/2026 8:56,FALSE,21465
4918,Customer_4647,Last_4647,Customer_4647@Email.Com,Jeddah,Standard,3/22/2026 8:56,TRUE,13175
4919,Customer_1025,Last_1025,Customer_1025@Email.Com,Riyadh,Standard,3/22/2026 8:56,TRUE,14017
4920,Customer_2330,Last_2330,Customer_2330@Email.Com,Dammam,New,3/23/2026 10:38,TRUE,49229
4921,Customer_1553,Last_1553,Customer_1553@Email.Com,Qatif,Standard,3/23/2026 10:38,FALSE,22409
4922,Customer_815,Last_815,Customer_815@Email.Com,Jubail,Premium,3/23/2026 10:38,FALSE,33520
4923,Customer_3832,Last_3832,Customer_3832@Email.Com,Al-Kharj,Vip,3/23/2026 23:29,TRUE,2924
4924,Customer_1503,Last_1503,Customer_1503@Email.Com,Jubail,Basic,3/24/2026 12:20,TRUE,28210
4925,Customer_1339,Last_1339,Customer_1339@Email.Com,Dammam,Basic,3/24/2026 12:20,TRUE,39974
4926,Customer_3610,Last_3610,Customer_3610@Email.Com,Al-Kharj,Basic,3/25/2026 1:12,TRUE,6458
4927,Customer_1642,Last_1642,Customer_1642@Email.Com,Abha,Standard,3/25/2026 14:03,TRUE,44974
4928,Customer_1739,Last_1739,Customer_1739@Email.Com,Najran,New,3/25/2026 14:03,TRUE,41573
4929,Customer_4478,Last_4478,Customer_4478@Email.Com,Buraidah,Premium,3/26/2026 2:54,TRUE,8025
4930,Customer_2514,Last_2514,Customer_2514@Email.Com,Dhahran,Premium,3/26/2026 15:45,TRUE,11326
4931,Customer_4932,Last_4932,Customer_4932@Email.Com,Khobar,Standard,3/27/2026 17:27,FALSE,37827
4932,Customer_3353,Last_3353,Customer_3353@Email.Com,Yanbu,Standard,3/28/2026 19:09,TRUE,41982
4933,Customer_2882,Last_2882,Customer_2882@Email.Com,Arar,Standard,3/28/2026 19:09,FALSE,2447
4934,Customer_1913,Last_1913,Customer_1913@Email.Com,Hail,Basic,3/29/2026 20:52,TRUE,25278
4935,Customer_2331,Last_2331,Customer_2331@Email.Com,Hail,Premium,3/29/2026 20:52,TRUE,34927
4936,Customer_4023,Last_4023,Customer_4023@Email.Com,Yanbu,Premium,3/29/2026 20:52,TRUE,20801
4937,Customer_576,Last_576,Customer_576@Email.Com,Tabuk,Standard,3/29/2026 20:52,TRUE,26998
4938,Customer_3813,Last_3813,Customer_3813@Email.Com,Abha,Standard,3/30/2026 22:34,TRUE,11289
4939,Customer_2909,Last_2909,Customer_2909@Email.Com,Qatif,Vip,3/31/2026 11:25,TRUE,13967
4940,Customer_4068,Last_4068,Customer_4068@Email.Com,Al-Kharj,Basic,3/31/2026 11:25,TRUE,19589
4941,Customer_260,Last_260,Customer_260@Email.Com,Qatif,Basic,3/31/2026 11:25,TRUE,21668
4942,Customer_649,Last_649,Customer_649@Email.Com,Riyadh,Standard,3/31/2026 11:25,FALSE,34806
4943,Customer_1750,Last_1750,Customer_1750@Email.Com,Khamis Mushait,Basic,3/31/2026 11:25,FALSE,15238
4944,Customer_2549,Last_2549,Customer_2549@Email.Com,Arar,Basic,4/1/2026 13:07,TRUE,39441
4945,Customer_632,Last_632,Customer_632@Email.Com,Abha,Standard,4/1/2026 13:07,TRUE,22416
4946,Customer_656,Last_656,Customer_656@Email.Com,Medina,Standard,4/1/2026 13:07,TRUE,9903
4947,Customer_2698,Last_2698,Customer_2698@Email.Com,Najran,New,4/2/2026 1:58,TRUE,9859
4948,Customer_2592,Last_2592,Customer_2592@Email.Com,Dammam,New,4/2/2026 1:58,TRUE,40965
4949,Customer_3627,Last_3627,Customer_3627@Email.Com,Arar,Vip,4/2/2026 1:58,TRUE,26990
4950,Customer_1462,Last_1462,Customer_1462@Email.Com,Al-Kharj,Standard,4/2/2026 14:50,FALSE,20122
4951,Customer_1542,Last_1542,Customer_1542@Email.Com,Riyadh,New,4/2/2026 14:50,TRUE,35271
4952,Customer_1073,Last_1073,Customer_1073@Email.Com,Buraidah,Basic,4/3/2026 3:41,TRUE,18408
4953,Customer_775,Last_775,Customer_775@Email.Com,Dhahran,New,4/3/2026 16:32,TRUE,12806
4954,Customer_2825,Last_2825,Customer_2825@Email.Com,Buraidah,Standard,4/4/2026 18:14,TRUE,21653
4955,Customer_6,Last_6,Customer_6@Email.Com,Taif,Standard,4/4/2026 18:14,TRUE,26998
4956,Customer_1300,Last_1300,Customer_1300@Email.Com,Al-Kharj,New,4/5/2026 7:05,TRUE,42414
4957,Customer_63,Last_63,Customer_63@Email.Com,Qatif,Basic,4/6/2026 8:48,FALSE,10464
4958,Customer_541,Last_541,Customer_541@Email.Com,Arar,Standard,4/7/2026 10:30,TRUE,32989
4959,Customer_4096,Last_4096,Customer_4096@Email.Com,Tabuk,Standard,4/8/2026 12:12,TRUE,19569
4960,Customer_3199,Last_3199,Customer_3199@Email.Com,Khamis Mushait,Basic,4/8/2026 12:12,TRUE,37133
4961,Customer_3583,Last_3583,Customer_3583@Email.Com,Abha,Basic,4/9/2026 1:03,FALSE,9009
4962,Customer_199,Last_199,Customer_199@Email.Com,Mecca,Standard,4/9/2026 13:54,TRUE,30124
4963,Customer_2176,Last_2176,Customer_2176@Email.Com,Arar,Premium,4/9/2026 13:54,TRUE,18723
4964,Customer_1799,Last_1799,Customer_1799@Email.Com,Yanbu,Basic,4/9/2026 13:54,TRUE,40288
4965,Customer_2158,Last_2158,Customer_2158@Email.Com,Jeddah,Vip,4/9/2026 13:54,TRUE,46824
4966,Customer_3982,Last_3982,Customer_3982@Email.Com,Najran,Standard,4/10/2026 2:45,TRUE,18477
4967,Customer_2859,Last_2859,Customer_2859@Email.Com,Qatif,Standard,4/10/2026 2:45,TRUE,37210
4968,Customer_1840,Last_1840,Customer_1840@Email.Com,Dammam,Standard,4/11/2026 4:28,TRUE,23360
4969,Customer_2709,Last_2709,Customer_2709@Email.Com,Najran,Basic,4/11/2026 17:19,FALSE,10891
4970,Customer_502,Last_502,Customer_502@Email.Com,Jubail,Standard,4/11/2026 17:19,TRUE,30632
4971,Customer_774,Last_774,Customer_774@Email.Com,Tabuk,Standard,4/12/2026 6:10,TRUE,46123
4972,Customer_235,Last_235,Customer_235@Email.Com,Arar,New,4/12/2026 6:10,TRUE,49452
4973,Customer_972,Last_972,Customer_972@Email.Com,Tabuk,Basic,4/12/2026 6:10,FALSE,45593
4974,Customer_633,Last_633,Customer_633@Email.Com,Najran,New,4/12/2026 19:01,TRUE,37487
4975,Customer_3454,Last_3454,Customer_3454@Email.Com,Khamis Mushait,Basic,4/12/2026 19:01,FALSE,39009
4976,Customer_1466,Last_1466,Customer_1466@Email.Com,Jeddah,Basic,4/14/2026 9:34,TRUE,48229
4977,Customer_3301,Last_3301,Customer_3301@Email.Com,Tabuk,Standard,4/16/2026 0:08,TRUE,44560
4978,Customer_342,Last_342,Customer_342@Email.Com,Medina,Basic,4/16/2026 0:08,FALSE,43237
4979,Customer_3520,Last_3520,Customer_3520@Email.Com,Khamis Mushait,New,4/16/2026 0:08,TRUE,14839
4980,Customer_2895,Last_2895,Customer_2895@Email.Com,Buraidah,Basic,4/20/2026 6:57,TRUE,5213
4981,Customer_3597,Last_3597,Customer_3597@Email.Com,Khobar,New,4/20/2026 19:48,FALSE,21198
4982,Customer_4089,Last_4089,Customer_4089@Email.Com,Jeddah,Standard,4/21/2026 8:39,TRUE,47145
4983,Customer_3625,Last_3625,Customer_3625@Email.Com,Mecca,Standard,4/22/2026 10:21,TRUE,15126
4984,Customer_4840,Last_4840,Customer_4840@Email.Com,Qatif,Standard,4/22/2026 10:21,TRUE,39550
4985,Customer_2562,Last_2562,Customer_2562@Email.Com,Khobar,Standard,4/25/2026 2:37,FALSE,37113
4986,Customer_2938,Last_2938,Customer_2938@Email.Com,Buraidah,New,4/25/2026 2:37,TRUE,39889
4987,Customer_1106,Last_1106,Customer_1106@Email.Com,Jubail,Vip,4/26/2026 4:19,TRUE,37653
4988,Customer_3890,Last_3890,Customer_3890@Email.Com,Khamis Mushait,Basic,4/26/2026 4:19,FALSE,23423
4989,Customer_4440,Last_4440,Customer_4440@Email.Com,Taif,Basic,4/27/2026 6:02,TRUE,24303
4990,Customer_3126,Last_3126,Customer_3126@Email.Com,Mecca,Vip,4/27/2026 6:02,TRUE,13113
4991,Customer_1644,Last_1644,Customer_1644@Email.Com,Jeddah,Standard,4/27/2026 18:53,TRUE,14860
4992,Customer_670,Last_670,Customer_670@Email.Com,Jeddah,Vip,4/28/2026 7:44,FALSE,49225
4993,Customer_2199,Last_2199,Customer_2199@Email.Com,Hail,Premium,4/28/2026 7:44,TRUE,44802
4994,Customer_311,Last_311,Customer_311@Email.Com,Tabuk,New,4/29/2026 9:26,TRUE,35169
4995,Customer_3552,Last_3552,Customer_3552@Email.Com,Arar,Basic,4/29/2026 9:26,TRUE,8157
4996,Customer_4864,Last_4864,Customer_4864@Email.Com,Al-Kharj,New,4/29/2026 22:17,TRUE,37416
4997,Customer_1239,Last_1239,Customer_1239@Email.Com,Khamis Mushait,Vip,4/29/2026 22:17,TRUE,45532
4998,Customer_4395,Last_4395,Customer_4395@Email.Com,Jubail,Standard,4/30/2026 11:08,TRUE,42668
4999,Customer_3279,Last_3279,Customer_3279@Email.Com,Mecca,Basic,5/1/2026 0:00,TRUE,22272
5000,Customer_3746,Last_3746,Customer_3746@Email.Com,Khamis Mushait,Basic,5/1/2026 0:00,TRUE,44996
